code;nombre_fr;nombre_en;grupo
1000;Pastis;Pastis (anise-flavoured spirit);Bebidas
1001;Eau de vie de fruits;Fruit brandy or eau-de-vie;Bebidas
1002;Gin;Gin;Bebidas
1003;Liqueur;Liqueur;Bebidas
1004;Rhum;Rum;Bebidas
1005;Whisky;Whisky;Bebidas
1006;Vin doux;Wine, sweet;Bebidas
1007;Apéritif à base de vin ou vermouth;Wine-based aperitif;Bebidas
1008;Vodka;Vodka;Bebidas
1011;Apéritif anisé sans alcool, à diluer;Pastis, alcohol-free, to be diluted;Bebidas
1012;Cocktail à base de rhum;Cocktail, rum-based;Bebidas
1013;Cocktail à base de whisky;Cocktail, whisky-based;Bebidas
1014;Alcool pur;Pure alcohol;Bebidas
1015;Marsala;Marsala wine;Bebidas
1016;Marsala aux oeufs;Marsala with eggs;Bebidas
1017;Sangria, faite maison;Sangria;Bebidas
1018;Kir (vin blanc, crème de cassis);Kir (white wine with blackcurrant liqueur);Bebidas
1019;Kir royal (champagne, crème de cassis);Kir royal (champagne with blackcurrant liqueur);Bebidas
1021;Crème de cassis;Blackcurrant liqueur;Bebidas
1022;Cocktail type punch, 16% alcool, préemballé;Cocktail, punch type, 16% alcohol, prepacked;Bebidas
1023;Eau de vie de vin type armagnac ou cognac;Brandy, Armagnac or Cognac type;Bebidas
1026;Saké ou alcool de riz;Sake or rice wine;Bebidas
1027;Spécialité végétale type fromage à tartiner, au soja, préemballée;Plant-based spread-cheese type, with soybean, prepacked;Lácteos
1028;Spécialité végétale type fromage, à la noix de cajou, préemballée;Plant-based cheese, with cashew, prepacked;Lácteos
1029;Spécialité végétale type fromage en tranche ou râpé, sans soja, préemballée;Plant-based cheese, without soybean, prepacked;Lácteos
1030;Fines tranches végétales, préemballées;Plant-based ham, prepacked;Carnes, huevos y pescados
1031;Spécialité végétale type pâté, préemballée;Plant-based pâté, prepacked;Carnes, huevos y pescados
1032;Haché à base de boeuf et soja, préemballé;Burger from beef and soybean, prepacked;Carnes, huevos y pescados
1033;Nuggets ou croquette panée de poulet (contenant du soja), préemballé;Chicken nuggets (with soybean), breaded croquette, prepacked;Platos y entrantes
1034;Saucisse de volaille type knack (contenant du soja), préemballée;Poultry sausage (with soybean), prepacked;Carnes, huevos y pescados
2000;Jus d'ananas, à base de concentré;Pineapple juice, from concentrate;Bebidas
2002;Jus multifruit, pur jus, multivitaminé;Multifruit juice, pure juice, multivitamin;Bebidas
2004;Jus de fruits (aliment moyen);Fruit juice (average);Bebidas
2006;Jus de carotte, pur jus;Carrot juice, pure juice;Bebidas
2007;Jus de citron, fait maison;Lemon juice, homemade;Bebidas
2008;Cocktail ou boisson apéritive sans alcool à base de jus de fruits et de sirop;Cocktail, alcohol-free (juices and syrup-based cocktail);Bebidas
2009;Nectar multifruit, base pomme, standard;Multifruit nectar, apple base, standard;Bebidas
2010;Nectar multifruit, base pomme, multivitaminé;Multifruit nectar, apple base, multivitamin;Bebidas
2011;Jus multifruit, base orange, multivitaminé;Multifruit juice, orange base, multivitamin;Bebidas
2012;Jus d'orange, à base de concentré;Orange juice, from concentrate;Bebidas
2013;Jus d'orange, frais;Orange juice, fresh;Bebidas
2014;Jus de pomme, à base de concentré;Apple juice, from concentrate;Bebidas
2015;Jus de pamplemousse (pomélo), à base de concentré;Grapefruit juice, from concentrate;Bebidas
2016;Jus de raisin, pur jus;Grape juice, pure juice;Bebidas
2017;Jus de grenade, pur jus;Pomegranate juice, pure juice;Bebidas
2018;Jus de pruneau;Prune juice;Bebidas
2019;Jus de raisin, à base de concentré;Grape juice, from concentrate;Bebidas
2022;Nectar de fraise;Strawberry nectar;Bebidas
2023;Jus de mangue, frais;Mango juice, fresh;Bebidas
2024;Jus de fruit de la passion ou maracudja, frais;Passion fruit juice, fresh;Bebidas
2025;Jus de pamplemousse (pomélo), frais;Grapefruit juice, fresh;Bebidas
2026;Jus de tomate, pur jus, salé à 3 g/L;Tomato juice, pure juice, 3 g salt/L;Bebidas
2027;Jus de pamplemousse (pomelo), pur jus;Grapefruit juice, pure juice;Bebidas
2028;Jus de citron, pur jus;Lemon juice, pure juice;Bebidas
2030;Jus de citron vert, frais;Lime juice, fresh;Bebidas
2031;Jus de citron vert, pur jus;Lime juice, pure juice;Bebidas
2032;Jus de tomate, pur jus, salé à 6 g/L;Tomato juice, pure juice, 6 g salt/L;Bebidas
2033;Jus multifruit, à base de jus et purée de fruits;Multifruit juice, juice and fruit puree;Bebidas
2034;Jus de clémentine ou mandarine, pur jus;Mandarin or clementine juice, pure juice;Bebidas
2035;Jus multifruit, pur jus, standard;Multifruit juice, pure juice, standard;Bebidas
2036;Jus multifruit, base raisin, standard;Multifruit juice, grape base, standard;Bebidas
2038;Jus multifruit, base orange, standard;Multifruit juice, orange base, standard;Bebidas
2039;Jus de grenade, frais;Pomegranate juice, fresh;Bebidas
2040;Jus de cerise des Antilles ou d'acérola, frais;Acerola juice, fresh;Bebidas
2043;Nectar d'abricot;Apricot nectar;Bebidas
2045;Nectar de papaye;Papaya nectar;Bebidas
2048;Jus multifruit, base pomme, standard;Multifruit juice, apple base, standard;Bebidas
2050;Jus multifruit, base pomme, multivitaminé;Multifruit juice, apple base, multivitamin;Bebidas
2052;Jus de fruit(s) et de légume(s), pur jus;Fruit and vegetable juice, pure juice;Bebidas
2053;Jus de tomate, pur jus (aliment moyen);Tomato juice, pure juice (average);Bebidas
2054;Nectar de poire;Pear nectar;Bebidas
2060;Nectar multifruit, multivitaminé;Multifruit nectar, multivitamin;Bebidas
2061;Nectar multifruit, standard;Multifruit nectar, standard;Bebidas
2062;Nectar multifruit, base orange, multivitaminé;Multifruit nectar, orange base, multivitamin;Bebidas
2063;Nectar multifruit, base orange, standard;Multifruit nectar, orange base, standard;Bebidas
2064;Nectar, avec édulcorants, allégé en sucres;Fruit nectar, with sweetener(s), reduced sugar;Bebidas
2069;Jus multifruit, à base de concentré, standard;Multifruit juice, from concentrate, standard;Bebidas
2070;Jus d'orange, pur jus;Orange juice, pure juice;Bebidas
2071;Jus multifruit, à base de concentré, multivitaminé;Multifruit juice, from concentrate, multivitamin;Bebidas
2072;Jus de fruits, pur jus (aliment moyen);Fruit juice, pure juice (average);Bebidas
2073;Jus d'ananas, pur jus;Pineapple juice, pure juice;Bebidas
2074;Jus de pomme, pur jus;Apple juice, pure juice;Bebidas
2075;Jus de légumes, pur jus (aliment moyen);Vegetable juice, pure juice (average);Bebidas
2076;Nectar de pomme;Apple nectar;Bebidas
2077;Jus de fruits, à base de concentré (aliment moyen);Fruit juice, from concentrate (average);Bebidas
2365;Nectar de fruit de la passion ou maracuja;Passion fruit nectar;Bebidas
2366;Nectar de banane;Banana nectar;Bebidas
2367;Nectar de goyave;Guava nectar;Bebidas
2370;Nectar de mangue;Mango nectar;Bebidas
2371;Nectar de pêche;Peach nectar;Bebidas
2374;Nectar d'ananas;Pineapple nectar;Bebidas
2375;Nectar d'orange;Orange nectar;Bebidas
2377;Jus d'orange sanguine, pur jus;Blood orange juice, pure juice;Bebidas
2500;Smoothie, sans précision sur la teneur en fruits et les ingrédients autres que fruits;Smoothie, no precision on fruit content and other ingredients;Bebidas
3000;Lait 1er âge, poudre soluble (préparation pour nourrissons);Baby milk, infant formula, powder;Alimentos infantiles
3002;Lait 2e âge, poudre soluble (préparation de suite);Baby milk, follow-on formula, powder;Alimentos infantiles
4000;Tapioca ou perles du Japon, cru;Tapioca, raw;Frutas, verduras, legumbres y frutos secos
4002;Pomme de terre, sans peau, rôtie/cuite au four;Potato, peeled, roasted/baked;Frutas, verduras, legumbres y frutos secos
4003;Pomme de terre, bouillie/cuite à l'eau;Potato, boiled/cooked in water;Frutas, verduras, legumbres y frutos secos
4004;Chips de pommes de terre nature ou aromatisées;Potato, crisps, plain or flavoured, standard;Frutas, verduras, legumbres y frutos secos
4007;Pomme de terre nouvelle ou primeur, bouillie/cuite à l'eau;Potato, new, boiled/cooked in water;Frutas, verduras, legumbres y frutos secos
4008;Pomme de terre, sans peau, crue;Potato, peeled, raw;Frutas, verduras, legumbres y frutos secos
4011;Pomme de terre, appertisée, égouttée;Potato, canned, drained;Frutas, verduras, legumbres y frutos secos
4013;Pomme de terre noisette, surgelée, à cuire;Noisette potato, frozen, raw;Frutas, verduras, legumbres y frutos secos
4014;Pomme de terre vapeur, sous vide;Potato, steamed, vacuum-packed;Frutas, verduras, legumbres y frutos secos
4015;Pomme de terre poêlée, avec matière grasse;Potato, sautéed/pan-fried with fat;Frutas, verduras, legumbres y frutos secos
4016;Flocons de pomme de terre, au lait ou à la crème, déshydratés;Potato flakes, dehydrated, with milk or cream;Frutas, verduras, legumbres y frutos secos
4017;Purée de pomme de terre, à base de flocons, reconstituée avec lait entier et matière grasse;Mashed potatoes, made from flakes, reconstituted with whole milk, with added fat;Frutas, verduras, legumbres y frutos secos
4018;Purée de pomme de terre, avec lait et beurre, sans sel ajouté;Mashed potatoes, prepared with milk and butter, no added salt;Frutas, verduras, legumbres y frutos secos
4019;Purée de pomme de terre, à base de flocons, reconstituée avec lait demi-écrémé et eau, non salée;Mashed potatoes, made from flakes, reconstituted with semi-skimmed milk and water, no added salt;Frutas, verduras, legumbres y frutos secos
4020;Pomme de terre dauphine, surgelée, à cuire;Dauphine potato, frozen, raw;Frutas, verduras, legumbres y frutos secos
4021;Pomme de terre dauphine, surgelée, cuite;Dauphine potato, frozen, cooked;Frutas, verduras, legumbres y frutos secos
4022;Flocons de pomme de terre, nature, déshydratés;Potato flakes, dehydrated, plain;Frutas, verduras, legumbres y frutos secos
4023;Pomme de terre nouvelle ou primeur, crue;Potato, new, raw;Frutas, verduras, legumbres y frutos secos
4025;Potatoes ou wedges ou quartiers de pommes de terre épicés, surgelées, cuites;Potato wedge, spiced, frozen, cooked;Frutas, verduras, legumbres y frutos secos
4026;Pomme de terre, rôtie/cuite au four;Potato, roasted/baked;Frutas, verduras, legumbres y frutos secos
4027;Pomme de terre sautée/poêlée/rissolée, préfrite, surgelée, cuite;Potato, sautéed/pan-fried, pre-fried, frozen, cooked;Frutas, verduras, legumbres y frutos secos
4028;Pomme de terre de conservation, sans peau, bouillie/cuite à l'eau;Potato, ware, peeled, boiled/cooked in water;Frutas, verduras, legumbres y frutos secos
4029;Pomme de terre nouvelle ou primeur, bouillie/cuite à l'eau, sans peau;Potato, early, peeled, boiled/cooked in water;Frutas, verduras, legumbres y frutos secos
4030;Frites de pommes de terre, surgelées, rôties/cuites au four;French fries or chips, frozen, roasted/baked;Frutas, verduras, legumbres y frutos secos
4032;Frites de pommes de terre, surgelées, cuites en friteuse;French fries or chips, frozen, deep-fried;Frutas, verduras, legumbres y frutos secos
4034;Pomme de terre duchesse, surgelée, cuite;Duchesse potato, frozen, cooked;Frutas, verduras, legumbres y frutos secos
4035;Pomme de terre noisette, surgelée, cuite;Noisette potato, frozen, cooked;Frutas, verduras, legumbres y frutos secos
4036;Pomme de terre sautée/poêlée/rissolée à la graisse de canard;Potato, sautéed/pan-fried with goose fat;Frutas, verduras, legumbres y frutos secos
4037;Chips de pommes de terre nature ou aromatisées, à l'ancienne;Potato crisps, plain or flavoured, old style;Frutas, verduras, legumbres y frutos secos
4038;Chips de pommes de terre nature ou aromatisées, allégées en matière grasse (et assimilés );Potato crisps and similar, plain or flavoured, reduced fat;Frutas, verduras, legumbres y frutos secos
4039;Rostis ou galette de pomme de terre;Rostis;Frutas, verduras, legumbres y frutos secos
4040;Purée de pomme de terre, avec lait et beurre, salée;Mashed potatoes, prepared with milk and butter, salted;Frutas, verduras, legumbres y frutos secos
4041;Aligot (purée de pomme de terre à la tomme fraîche), préemballé;Mashed potatoes with fresh tome cheese, prepacked;Platos y entrantes
4042;Pomme de terre duchesse, surgelée, à cuire;Duchesse potato, frozen, raw;Frutas, verduras, legumbres y frutos secos
4043;Pomme de terre sautée/poêlée/rissolée, préfrite, surgelée, à cuire;Potato, sautéed/pan-fried, pre-fried, frozen, raw;Frutas, verduras, legumbres y frutos secos
4044;Frites de pommes de terre, surgelées, préfrites, pour cuisson au four;French fries or chips, frozen, pre-fried, raw, to cook in the oven;Frutas, verduras, legumbres y frutos secos
4045;Frites de pommes de terre, surgelées, préfrites, pour cuisson micro-onde;French fries or chips, frozen, pre-fried, aw, to be microwave;Frutas, verduras, legumbres y frutos secos
4046;Frites de pommes de terre, surgelées, préfrites, pour cuisson en friteuse;French fries or chips, frozen, pre-fried, raw, to deep-fry;Frutas, verduras, legumbres y frutos secos
4047;Purée de pomme de terre (aliment moyen);Mashed potatoes (average);Frutas, verduras, legumbres y frutos secos
4048;Pomme de terre, cuite (aliment moyen);Potato, cooked (average food);Frutas, verduras, legumbres y frutos secos
4049;Croquette de pomme de terre, surgelée, à cuire;Potato, croquette, frozen, raw;Frutas, verduras, legumbres y frutos secos
4050;Chips de pommes de terre nature ou aromatisées, sans sel ajouté;Potato, crisps, plain or flavoured, no added salt;Frutas, verduras, legumbres y frutos secos
4051;Poêlée de pommes de terre à la sarladaise (graisse de canard, ail et persil), surgelée, à cuire;Potato, sarladaise-style (goose fat, garlic and parsley), frozen, raw;Frutas, verduras, legumbres y frutos secos
4052;Potatoes ou wedges ou quartiers de pommes de terre épicés, surgelées, à cuire;Potato wedge, spiced, frozen, raw;Frutas, verduras, legumbres y frutos secos
4053;Pomme de terre grenaille, préfrite, surgelée, à cuire;Potato, grenaille, pre-fried, frozen, raw;Frutas, verduras, legumbres y frutos secos
4090;Fécule de pomme de terre;Potato starch;Cereales y derivados
4101;Patate douce, crue;Sweet potato, raw;Frutas, verduras, legumbres y frutos secos
4102;Patate douce, cuite;Sweet potato, cooked;Frutas, verduras, legumbres y frutos secos
4103;Patate douce, purée, cuisinée à la crème;Sweet potato, puree, cooked with cream;Frutas, verduras, legumbres y frutos secos
5000;Bière brune;Beer, dark;Bebidas
5001;"Bière ""coeur de marché"" (4-5° alcool)";Beer, regular (4-5° alcohol);Bebidas
5002;Bière forte (>8° alcool);Beer, strong (>8° alcohol);Bebidas
5003;Cidre (aliment moyen);Cider (average);Bebidas
5004;Panaché (limonade et bière);Shandy (beer + lemonade);Bebidas
5005;Panaché préemballé (<1° alc.), aromatisé ou non;Shandy, prepacked (<1° alcohol), flavoured or plain;Bebidas
5006;Cidre brut;Cider, dry;Bebidas
5007;Cidre doux;Cider, sweet;Bebidas
5008;Bière faiblement alcoolisée (3° alcool);Beer, low alcohol-content (3° alcohol);Bebidas
5009;Bière blanche;Beer, white;Bebidas
5010;"Bière ""spéciale"" (5-6° alcool)";Beer, special (5-6° alcohol);Bebidas
5011;"Bière ""de spécialités"" ou d'abbaye, régionales ou d'une brasserie (degré d'alcool variable)";Beer, from an abbey or brewery (variable alcohol content);Bebidas
5020;Cidre traditionnel;Cider, traditionnal;Bebidas
5021;Cidre bouché demi-sec;Cider, half-dry;Bebidas
5022;Cidre aromatisé aux fruits;Cider, fruit-flavoured;Bebidas
5029;Bière sans alcool, sucrée, aromatisée ou au jus de fruits;Beer, alcohol-free, sweetened, flavoured or with fruit juice;Bebidas
5030;Bière sans alcool (<1,2° alcool) et sans sucres ajoutés, aromatisée ou non;Beer, alcohol-free (<1,2° alcohol), without added sugars, flavoured or unflavoured;Bebidas
5100;Pétillant de fruits;Sparkling fruit wine;Bebidas
5201;Vin blanc mousseux;Wine, white, sparkling;Bebidas
5207;Champagne;Champagne;Bebidas
5209;Vin blanc mousseux aromatisé;Wine, white, sparkling, flavoured;Bebidas
5210;Vin (aliment moyen);Wine (average);Bebidas
5214;Vin rouge;Wine, red;Bebidas
5215;Vin blanc sec;Wine, white, dry;Bebidas
5216;Vin rosé;Wine, rose;Bebidas
5217;Vin cuisiné (alcool évaporé);Wine, cooked (alcohol evaporated);Ayudas culinarias e ingredientes
5219;Alcool fort (type rhum), cuisiné (alcool évaporé);Rum, cooked (alohol evaporated);Ayudas culinarias e ingredientes
6001;Boeuf, côte crue;Beef, rib, raw;Carnes, huevos y pescados
6002;Boeuf, épaule crue;Beef, shoulder, raw;Carnes, huevos y pescados
6003;Boeuf, basse-côte crue;Beef, chuck steak, raw;Carnes, huevos y pescados
6100;Boeuf, entrecôte, partie maigre grillée/poêlée;Beef, rib steak, lean, grilled/pan-fried;Carnes, huevos y pescados
6101;Boeuf braisé;Beef, braised;Carnes, huevos y pescados
6102;Boeuf, gîte à la noix cru;Beef, round, raw;Carnes, huevos y pescados
6103;Boeuf, entrecôte crue;Beef, rib steak, raw;Carnes, huevos y pescados
6104;Boeuf, gîte à la noix cuit;Beef, round, cooked;Carnes, huevos y pescados
6105;Boeuf, faux-filet rôti/cuit au four;Beef, sirloin steak, roasted/baked;Carnes, huevos y pescados
6106;Boeuf, rond de gîte cru;Beef, eye of round, raw;Carnes, huevos y pescados
6110;Boeuf, faux-filet grillé/poêlé;Beef, sirloin steak, grilled/pan-fried;Carnes, huevos y pescados
6111;Boeuf, faux-filet cru;Beef, sirloin steak, raw;Carnes, huevos y pescados
6116;Boeuf, filet cru;Beef, tenderloin, raw;Carnes, huevos y pescados
6122;Boeuf, plat de côtes cru;Beef, short ribs, raw;Carnes, huevos y pescados
6123;Boeuf, plat de côtes braisé ou bouilli/cuit à l'eau;Beef, short ribs, braised or boiled;Carnes, huevos y pescados
6130;Boeuf, hampe crue;Beef, thin flank, raw;Carnes, huevos y pescados
6131;Boeuf, hampe grillée/poêlée;Beef, thin flank, grilled/pan-fried;Carnes, huevos y pescados
6140;Boeuf, joue crue;Beef, cheek, raw;Carnes, huevos y pescados
6141;Boeuf, joue, braisée ou bouillie/cuite à l'eau;Beef, cheek, braised or boiled;Carnes, huevos y pescados
6151;Boeuf, jarret bouilli/cuit à l'eau;Beef, knuckle, boiled/cooked in water;Carnes, huevos y pescados
6160;Boeuf, tende de tranche crue;Beef, topside, raw;Carnes, huevos y pescados
6161;Boeuf, tende de tranche grillée/poêlée;Beef, topside, grilled/pan-fried;Carnes, huevos y pescados
6162;Boeuf, tende de tranche rôtie/cuite au four;Beef, topside, roasted/baked;Carnes, huevos y pescados
6200;Boeuf, steak ou bifteck grillé/poêlé;Beef, steak or beef steak, grilled/pan-fried;Carnes, huevos y pescados
6201;Boeuf, steak ou bifteck cru;Beef, steak or beef steak, raw;Carnes, huevos y pescados
6202;Boeuf, boule de macreuse crue;Beef, bolar-blade, raw;Carnes, huevos y pescados
6204;Boeuf, onglet cru;Beef, hanger steak, raw;Carnes, huevos y pescados
6205;Boeuf, onglet grillé/poêlé;Beef, hanger steak, grilled/pan-fried;Carnes, huevos y pescados
6206;Boeuf, rumsteck cru;Beef, rump steak, raw;Carnes, huevos y pescados
6207;Boeuf, rumsteck grillé/poêlé;Beef, rump steak, grilled/pan-fried;Carnes, huevos y pescados
6208;Boeuf, boule de macreuse grillée/poêlée;Beef, bolar-blade, grilled/pan-fried;Carnes, huevos y pescados
6210;Boeuf, rosbif rôti/cuit au four;Beef, roast beef, roasted/baked;Carnes, huevos y pescados
6211;Boeuf, bavette d'aloyau grillée/poêlée;Beef, flank steak, grilled/pan-fried;Carnes, huevos y pescados
6212;Boeuf, bavette d'aloyau crue;Beef, flank steak, raw;Carnes, huevos y pescados
6214;Boeuf, boule de macreuse rôtie/cuite au four;Beef, bolar-blade, roasted/baked;Carnes, huevos y pescados
6230;Boeuf, à bourguignon ou pot-au-feu, cuit;Beef, stewing meat, cooked;Carnes, huevos y pescados
6231;Boeuf, à bourguignon ou pot-au-feu, cru;Beef, stewing meat, raw;Carnes, huevos y pescados
6240;Boeuf, collier cru;Beef, neck, raw;Carnes, huevos y pescados
6241;Boeuf, collier braisé;Beef, neck, braised;Carnes, huevos y pescados
6250;Boeuf, steak haché 5% MG cru;Beef, minced steak, 5% fat, raw;Carnes, huevos y pescados
6251;Boeuf, steak haché 5% MG cuit;Beef, minced steak, 5% fat, cooked;Carnes, huevos y pescados
6252;Boeuf, steak haché 10% MG cru;Beef, minced steak, 10% fat, raw;Carnes, huevos y pescados
6253;Boeuf, steak haché 10% MG cuit;Beef, minced steak, 10% fat, cooked;Carnes, huevos y pescados
6254;Boeuf, steak haché 15% MG cru;Beef, minced steak, 15% fat, raw;Carnes, huevos y pescados
6255;Boeuf, steak haché 15% MG cuit;Beef, minced steak, 15% fat, cooked;Carnes, huevos y pescados
6256;Boeuf, steak haché 20% MG cru;Beef, minced steak, 20% fat, raw;Carnes, huevos y pescados
6257;Boeuf, steak haché 20% MG cuit;Beef, minced steak, 20% fat, cooked;Carnes, huevos y pescados
6259;Boeuf, steak haché, cuit (aliment moyen);Beef, ground, cooked (average);Carnes, huevos y pescados
6270;Boeuf, paleron cru;Beef, chuck, raw;Carnes, huevos y pescados
6271;Boeuf, paleron, braisé ou bouilli/cuit à l'eau;Beef, chuck, braised or boiled;Carnes, huevos y pescados
6310;Boeuf, queue bouillie/cuite à l'eau;Beef, oxtail, boiled/cooked in water;Carnes, huevos y pescados
6311;Boeuf, queue crue;Beef, oxtail, raw;Carnes, huevos y pescados
6510;Veau, côte crue;Veal, chop, raw;Carnes, huevos y pescados
6511;Veau, côte grillée/poêlée;Veal, chop, grilled/pan-fried;Carnes, huevos y pescados
6512;Veau, carré grillé/poêlé;Veal, loin, grilled/pan-fried;Carnes, huevos y pescados
6513;Veau, carré cru;Veal, loin, raw;Carnes, huevos y pescados
6520;Veau, escalope cuite;Veal, escalope, cooked;Carnes, huevos y pescados
6521;Veau, escalope crue;Veal, escalope, raw;Carnes, huevos y pescados
6522;Veau, noix,crue;Veal, tenderloin, raw;Carnes, huevos y pescados
6523;Veau, noix grillée/poêlée;Veal, tenderloin, grilled/pan-fried;Carnes, huevos y pescados
6524;Veau, noix rôtie/cuite au four;Veal, tenderloin, roasted/baked;Carnes, huevos y pescados
6530;Veau, filet cru;Veal fillet, raw;Carnes, huevos y pescados
6531;Veau, filet rôti/cuit au four;Veal fillet, roasted/baked;Carnes, huevos y pescados
6535;Veau, steak haché 20% MG cru;Veal, minced steak, 20% fat, raw;Carnes, huevos y pescados
6536;Veau, steak haché 15% MG cru;Veal, minced steak, 15% fat, raw;Carnes, huevos y pescados
6540;Veau, poitrine crue;Veal, breast, raw;Carnes, huevos y pescados
6550;Veau, rôti cru;Veal, roast, raw;Carnes, huevos y pescados
6551;Veau, rôti cuit;Veal, roast, cooked;Carnes, huevos y pescados
6560;Veau, épaule crue;Veal, shoulder, raw;Carnes, huevos y pescados
6562;Veau, épaule grillée/poêlée;Veal, shoulder, grilled/pan-fried;Carnes, huevos y pescados
6563;Veau, épaule braisée ou bouillie;Veal, shoulder, braised or boiled;Carnes, huevos y pescados
6564;Veau, viande, cuite (aliment moyen);Veal, meat, cooked (average);Carnes, huevos y pescados
6580;Veau, pied cru;Veal, foot, raw;Carnes, huevos y pescados
6581;Veau, jarret braisé ou bouilli;Veal, knuckle or shank, braised or boiled;Carnes, huevos y pescados
6582;Veau, tête, bouillie/cuite à l'eau;Calf, head, boiled/cooked in water;Carnes, huevos y pescados
6583;Veau, jarret cru;Veal, knuckle or shank, raw;Carnes, huevos y pescados
6584;Viande blanche, cuite (aliment moyen);Meat, white, cooked (average);Carnes, huevos y pescados
6585;Viande rouge, cuite (aliment moyen);Red meat, cooked (average);Carnes, huevos y pescados
6590;Veau, collier cru;Veal, neck, raw;Carnes, huevos y pescados
6591;Veau, collier braisé ou bouilli;Veal, neck, braised or boiled;Carnes, huevos y pescados
6900;Cheval, viande crue;Horse, meat, raw;Carnes, huevos y pescados
6901;Cheval, steak ou bifteck cru;Horse, steak, raw;Carnes, huevos y pescados
6902;Cheval, viande rôtie/cuite au four;Horse, meat, roasted/baked;Carnes, huevos y pescados
6903;Cheval, tende de tranche crue;Horse, topside, raw;Carnes, huevos y pescados
6904;Cheval, faux-filet cru;Horse, sirloin steak, raw;Carnes, huevos y pescados
6905;Cheval, entrecôte crue;Horse, rib steak, raw;Carnes, huevos y pescados
6906;Cheval, tende de tranche grillée/poêlée;Horse, topside, grilled/pan-fried;Carnes, huevos y pescados
6907;Cheval, faux-filet grillé/poêlé;Horse, sirloin steak, grilled/pan-fried;Carnes, huevos y pescados
6908;Cheval, entrecôte grillée/poêlée;Horse, rib steak, grilled/pan-fried;Carnes, huevos y pescados
6909;Cheval, faux-filet rôti/cuit au four;Horse, sirloin steak, roasted/baked;Carnes, huevos y pescados
6910;Cheval, tende de tranche rôtie/cuite au four;Horse, topside, roasted/baked;Carnes, huevos y pescados
6999;Viande cuite (aliment moyen);Meat, cooked (average);Carnes, huevos y pescados
7000;Pain (aliment moyen);Bread (average);Cereales y derivados
7001;Pain blanc (par ex. : baguette, boule…);Bread, French bread, baguette;Cereales y derivados
7002;Pain au levain;Bread, French bread, with yeast;Cereales y derivados
7004;Pain blanc, passé au grille-pain;Bread, French bread, toasted;Cereales y derivados
7007;Pain de tradition française (par ex. : baguette, boule…);Bread, tradtion French bread;Cereales y derivados
7009;Pain blanc précuit, à finir de cuire, préemballé;Bread, French bread, pre-cooked, to be recooked, prepacked;Cereales y derivados
7010;Pain bis (à la farine T80 ou T110);Brown French bread, with flour type 80 or 110;Cereales y derivados
7013;Pain sans gluten précuit, à finir de cuire, préemballé;Bread, French bread, gluten free, pre-cooked, to be recooked, prepacked;Cereales y derivados
7098;Pain aux céréales et/ou aux graines, préemballé;Country-style bread, French bread, multigrain and/or seeds, prepacked;Cereales y derivados
7099;Pain de campagne, préemballé;Bread, French bread, prepacked;Cereales y derivados
7100;Pain de campagne;French bread, country-style;Cereales y derivados
7106;Pain complet au seigle, préemballé;Rye bread, whole grain, prepacked;Cereales y derivados
7107;Pain aux graines sans gluten, préemballé;Bread, with seeds, gluten free, prepacked;Cereales y derivados
7109;Pain de mie complet, sans croûte, préemballé;Sandwich loaf, wholemeal, crust less, prepacked;Cereales y derivados
7110;Pain complet ou intégral (à la farine T150);Bread, French bread, wholemeal or integral bread (made with flour type 150);Cereales y derivados
7111;Pain de mie complet, préemballé;Sandwich loaf, wholemeal, prepacked;Cereales y derivados
7113;Pain de mie aux céréales et/ou graines, préemballé;Sandwich loaf, multigrain and/or with seeds, prepacked;Cereales y derivados
7114;Pain azyme, préemballé;Bread, unleavened, prepacked;Cereales y derivados
7115;Pain au son;Bread, bran grain;Cereales y derivados
7116;Pain de mie blanc sans gluten, préemballé;Sandwich loaf, gluten free, prepacked;Cereales y derivados
7117;Pain de mie blanc, sans sucres ajoutés, préemballé;Sandwich loaf, no added sugars, prepacked;Cereales y derivados
7125;Pain de seigle et froment;Rye and wheat bread;Cereales y derivados
7130;Pain sans gluten, préemballé;Bread, French bread, gluten free, prepacked;Cereales y derivados
7160;Pain blanc, sans sel ajouté;Bread, French bread, no added salt;Cereales y derivados
7170;Pain panini;Bread, panini;Cereales y derivados
7180;Pain pita;Bread, pita;Cereales y derivados
7200;Pain de mie blanc, préemballé;Sandwich loaf, prepacked;Cereales y derivados
7201;Pain de mie blanc, sans croûte, préemballé;Sandwich loaf, crustless, prepacked;Cereales y derivados
7210;Pain de mie brioché, préemballé;Brioche sandwich bread, prepacked;Cereales y derivados
7225;Pain brioché ou viennois, artisanal;Brioche or Vienna bread, from bakery;Dulces y azúcares
7255;Pain aux céréales et/ou graines;Bread, multigrain and/or with seeds;Cereales y derivados
7256;Muffin anglais complet, petit pain spécial, préemballé;English muffin, whole wheat flour, prepacked;Cereales y derivados
7257;Muffin anglais, petit pain spécial, préemballé;English muffin, prepacked;Cereales y derivados
7258;Pain bagel;Bread, bagel;Cereales y derivados
7259;Pain pour burger ou hot dog (bun), préemballé;Rolls for burger/hotdog (buns), prepacked;Cereales y derivados
7260;Pain blanc, fait maison (avec farine pour machine à pain);Bread, French bread, home-made, with flour for home-made bread preparation;Cereales y derivados
7261;Pain de campagne, fait maison (avec farine pour machine à pain);Bread, French bread, home-made (with flour for bread making machine);Cereales y derivados
7262;Pain pour burger ou hot dog (bun) complet, préemballé;Rolls for burger/hotdog (buns), wholemeal, prepacked;Cereales y derivados
7263;Bretzel, pain frais;Bretzel, fresh bread;Cereales y derivados
7300;Biscotte classique;Rusk;Cereales y derivados
7301;Biscotte briochée;Brioche rusk;Cereales y derivados
7302;Biscotte au germe de blé;Rusk, wheat germ;Cereales y derivados
7310;Biscotte, sans sel ajouté;Rusk, no added salt;Cereales y derivados
7330;Biscotte aux céréales;Rusk, multigrain;Cereales y derivados
7340;Biscotte au blé complet;Rusk, wholemeal;Cereales y derivados
7347;Cracker de table aux graines;Wheat cracker, with seeds;Cereales y derivados
7348;Cracker de table au fromage et aux graines;Wheat cracker, with cheese and seeds;Cereales y derivados
7349;Cracker de table au blé complet;Wheat cracker, wholemeal;Cereales y derivados
7351;Cracker de table au froment;Wheat crackers;Cereales y derivados
7352;Galette de riz complet soufflé;Puffed rice textured bread, whole grain;Cereales y derivados
7353;Galette de céréales soufflées;Puffed cereals textured bread;Cereales y derivados
7354;Galette de maïs soufflé;Puffed corn/maize textured bread;Cereales y derivados
7355;Galette de riz soufflé, nappée de chocolat;Puffed rice textured bread, with chocolate covering;Dulces y azúcares
7356;Galette de maïs soufflé, nappée de chocolat;Puffed corn/maize textured bread, with chocolate covering;Dulces y azúcares
7357;Galette de céréale(s) soufflée(s), aux graines;Puffed cereals textured bread, with seeds;Cereales y derivados
7359;Tartine croustillante au seigle, source ou riche en fibres;Crispbread, with bran, source or rich in fibre;Cereales y derivados
7399;Toast ou pain grillé brioché aux raisins secs, tranches, préemballé;Brioche rusk with raisins, sliced, prepacked;Cereales y derivados
7400;Pain grillé au froment, tranches, préemballé;Rusk, slice, wheat, prepacked;Cereales y derivados
7402;Pain grillé au blé complet, tranches, préemballé;Rusk, slice, wholewheat, prepacked;Cereales y derivados
7403;Pain grillé brioché, tranches, préemballé;Brioche rusk, sliced, prepacked;Cereales y derivados
7407;Petit pain grillé suédois au froment;Swedish toast, wheat;Cereales y derivados
7409;Petit pain grillé suédois aux céréales et graines;Swedish toast, with grains and seeds;Cereales y derivados
7410;Tartine craquante extrudée, classique;Crispbread, extruded and grilled, plain;Cereales y derivados
7412;Tartine craquante, extrudée et grillée, fourrée au chocolat;Crispbread, extruded and grilled, chocolate filling;Dulces y azúcares
7413;Tartine craquante, extrudée et grillée, fourrée aux fruits;Crispbread, extruded and grilled, fruit filling;Dulces y azúcares
7414;Tartine craquante extrudées, source ou riche en fibres;Crispbread, extruded and grilled, source or rich in fibre;Cereales y derivados
7419;Petit pain grillé suédois au blé complet, sans sucres ajoutés;Swedish toast, wholemeal, no added sugars;Cereales y derivados
7420;Petit pain grillé suédois au blé complet;Swedish toast, whole wheat;Cereales y derivados
7421;Petit pain grillé suédois aux fruits;Swedish toast, with fruits;Cereales y derivados
7422;Petit pain grillé suédois brioché;Swedish toast with eggs;Cereales y derivados
7425;Pain grillé aux céréales, tranches, préemballé;Rusk , slice, multigrain, prepacked;Cereales y derivados
7431;Croûton, à tartiner, préemballé;Croutons, for spreads, prepacked;Cereales y derivados
7432;Croûton nature, préemballé;Croutons, plain, prepacked;Cereales y derivados
7500;Chapelure;Breadcrumbs;Cereales y derivados
7525;Gressin, nature (sans sésame);Grissini or bread stick, plain (without sesame);Cereales y derivados
7600;Viennoiserie (aliment moyen);Viennese pastry (average);Dulces y azúcares
7603;Croissant, sans précision (aliment moyen);Croissant (average);Dulces y azúcares
7615;Croissant ordinaire, artisanal;Croissant, ordinary, from bakery;Dulces y azúcares
7616;Croissant ordinaire, préemballé;Croissant, ordinary, prepacked;Dulces y azúcares
7619;Croissant pur beurre, sans précision (aliment moyen);Croissant, pure butter (average);Dulces y azúcares
7620;Croissant pur beurre, artisanal;Croissant, pure butter, from bakery;Dulces y azúcares
7621;Croissant pur beurre, préemballé;Croissant, pure butter, prepacked;Dulces y azúcares
7650;Croissant aux amandes, artisanal;Croissant with almonds, from bakery;Dulces y azúcares
7710;Pain au lait, artisanal;Milk roll, from bakery;Dulces y azúcares
7711;Pain au lait, préemballé;Milk roll, prepacked;Dulces y azúcares
7712;Pain au lait aux pépites de chocolat, préemballé;Milk roll filled with chocolate chips, prepacked;Dulces y azúcares
7719;Panettone (brioche italienne aux raisins secs et écorces d'orange confite), préemballée;Brioche, (italian pastry filled with raisins and orange candied peel), prepacked;Dulces y azúcares
7720;Pain aux raisins (viennoiserie), artisanal;Raisin puff pastry (Viennese pastries), from bakery;Dulces y azúcares
7730;Pain au chocolat, artisanal;Chocolate croissant, from bakery;Dulces y azúcares
7733;Pain au chocolat, préemballé;Chocolate croissant, prepacked;Dulces y azúcares
7735;Brioche (ou briochettes) aux pépites de chocolat ou fourrée au chocolat, préemballée;Brioche, with chocolate chips or filled with chocolate, prepacked;Dulces y azúcares
7738;Brioche fourrée aux fruits, préemballée;Brioche, filled with fruits, prepacked;Dulces y azúcares
7739;"Brioche fourrée crème pâtissière (type ""chinois""), préemballée";Brioche, filled with custard cream (Chinese brioche type), prepacked;Dulces y azúcares
7740;Brioche nature, préemballée;Brioche, plain, prepacked;Dulces y azúcares
7742;Brioche nature, artisanale;Brioche, plain, from bakery;Dulces y azúcares
7744;Couronne des rois (brioche) aux fruits confits, préemballée;Christmas brioche with candied fruits, prepacked;Dulces y azúcares
7745;Brioche pur beurre (ex : gâche vendéenne) nature, préemballée;Brioche, pure butter, plain, prepacked;Dulces y azúcares
7746;Brioche, sans précision (aliment moyen);Brioche (average);Dulces y azúcares
7811;Focaccia, garnie;Focaccia, filled;Platos y entrantes
7812;Fougasse, garnie;Fougasse, filled;Platos y entrantes
7813;Tortilla souple (à garnir), à base de maïs;Maize/corn tortilla wrap, to be filled;Cereales y derivados
7814;Cake salé (garniture : fromage, légumes, viande, poisson, volaille, etc.), préemballé;Savoury cake (with cheese, vegetables, meat, fish, poultry, etc.), prepacked;Platos y entrantes
7815;Tortilla souple (à garnir), à base de blé;Wheat tortilla wrap, to be filled;Cereales y derivados
8000;Rillettes traditionnelles de porc;Rillettes of pork;Carnes, huevos y pescados
8001;Rillettes pur porc;Rillettes, pure pork;Carnes, huevos y pescados
8002;Rillettes supérieures de porc;Rillettes of pork, superior quality;Carnes, huevos y pescados
8010;Rillettes de Tours (porc);Rillettes from Tours;Carnes, huevos y pescados
8015;Rillettes du Mans (porc);Rillettes from Mans;Carnes, huevos y pescados
8025;Rillettes pur oie;Rillettes, pure goose;Carnes, huevos y pescados
8026;Rillettes de canard;Rillettes of duck;Carnes, huevos y pescados
8030;Rillettes d'oie;Rillettes of goose;Carnes, huevos y pescados
8040;Rillettes de poulet;Rillettes of poultry;Carnes, huevos y pescados
8059;Rillettes de crabe, préemballées;Rillettes, crab, prepacked;Carnes, huevos y pescados
8080;Rillettes de poisson, préemballées;Rillette, fish, prepacked;Carnes, huevos y pescados
8081;Rillettes de saumon, préemballées;Rillettes, salmon, prepacked;Carnes, huevos y pescados
8082;Rillettes de thon, préemballées;Rillettes, tuna, prepacked;Carnes, huevos y pescados
8083;Rillettes de maquereau, préemballées;Rillettes, mackerel, prepacked;Carnes, huevos y pescados
8109;Confit de canard, viande (cuisse), sans peau, appertisé, réchauffé;Duck confit (conserved in rendered fat), meat (leg) without skin, canned, reheated;Carnes, huevos y pescados
8110;Confit de canard, appertisé;Duck confit (conserved in rendered fat), canned;Carnes, huevos y pescados
8111;Canard, magret fumé;Duck breast fillet, smoked;Carnes, huevos y pescados
8120;Confit de foie de porc;Preserved pork liver;Carnes, huevos y pescados
8125;Confit de foie de volaille;Preserved poultry liver;Carnes, huevos y pescados
8201;Pâté au poivre vert;Pâté with green pepper;Carnes, huevos y pescados
8206;Pâté au jambon;Ham pâté;Carnes, huevos y pescados
8211;Pâté ou terrine de campagne;Country-style pâté or terrine;Carnes, huevos y pescados
8212;Pâté ou terrine de campagne, à teneur réduite en sel;Country-style pâté or terrine, low salt;Carnes, huevos y pescados
8214;Pâté breton;Breton pâté;Carnes, huevos y pescados
8232;Terrine de canard;Duck terrine;Carnes, huevos y pescados
8240;Pâté de lapin;Rabbit pâté;Carnes, huevos y pescados
8242;Terrine de lapin;Rabbit terrine;Carnes, huevos y pescados
8245;Pâté de gibier;Game pâté;Carnes, huevos y pescados
8250;Pâté ou terrine aux champignons (forestier);Pâté with mushrooms;Carnes, huevos y pescados
8290;Tarama, au saumon fumé, préemballé;Taramasalata, with smoked salmon, prepacked;Carnes, huevos y pescados
8291;Terrine de poisson, préemballée;Fish terrine, prepacked;Carnes, huevos y pescados
8292;Terrine de fruits de mer (par ex. de Saint-Jacques), avec ou sans poisson, préemballée;Seafood terrine, with or without fish, prepacked;Carnes, huevos y pescados
8293;Tarama, aux oeufs de cabillaud, préemballé;Taramasalata, with cod eggs, prepacked;Carnes, huevos y pescados
8296;Terrine ou mousse de légumes, premballée;Vegetable terrine or mousse, prepacked;Platos y entrantes
8297;Flan de légumes aux oeufs;Vegetable flan with eggs;Platos y entrantes
8300;Pâté de foie de porc, supérieur;Pork liver pâté, superior quality;Carnes, huevos y pescados
8305;Pâté de foie de porc;Pork liver pâté;Carnes, huevos y pescados
8312;Mousse de foie de porc supérieure ou crème de foie;Pork liver mousse, superior quality;Carnes, huevos y pescados
8313;Mousse de foie de porc;Pork liver mousse;Carnes, huevos y pescados
8315;Mousse de canard;Duck mousse;Carnes, huevos y pescados
8316;Pâté de foie de volaille;Poultry liver pâté;Carnes, huevos y pescados
8321;Foie gras, canard, entier, cuit;Foie gras, duck, whole, cooked;Carnes, huevos y pescados
8323;Foie gras, canard, bloc, sans morceaux;Foie gras block, duck, without pieces;Carnes, huevos y pescados
8324;Foie gras, canard, bloc, 30% de morceaux;Foie gras block, duck, 30% pieces;Carnes, huevos y pescados
8325;Foie gras, canard, bloc, 50% de morceaux;Foie gras block, duck, 50% pieces;Carnes, huevos y pescados
8326;Pâté de foie d'oie;Goose liver pâté;Carnes, huevos y pescados
8328;Foie gras, canard, cru;Foie gras, duck, raw;Carnes, huevos y pescados
8331;Foie gras, canard, bloc (aliment moyen);Foie gras, duck, block (average);Carnes, huevos y pescados
8332;Pâté (aliment moyen);Paté (average);Carnes, huevos y pescados
8350;Galantine;Galantine;Carnes, huevos y pescados
8373;Roulade de porc pistachée;Rolled escalope of pork with pistachio;Carnes, huevos y pescados
8391;Pâté en croûte;Pâté in crust;Carnes, huevos y pescados
8395;Jambon en croûte;Ham, in a pastry crust;Carnes, huevos y pescados
8400;Fromage de tête;Head-cheese pâté or brawn;Carnes, huevos y pescados
8406;Salade de museau de porc, avec sauce, préemballée;Salad of pig's snout, with sauce, prepacked;Platos y entrantes
8407;Salade de cervelas, avec sauce, préemballée;Salad of saveloy, with sauce, prepacked;Platos y entrantes
8429;Jambon persillé en gelée;Pork ham with parsley and jelly;Carnes, huevos y pescados
8450;Museau de boeuf;Ox muzzle;Carnes, huevos y pescados
8500;Andouille;Chitterling sausage;Carnes, huevos y pescados
8501;Andouille de Guéméné;Chitterling sausage from Guéméné;Carnes, huevos y pescados
8504;Andouille, réchauffée à la poêle;Chitterling sausage, reheated in a frying pan;Carnes, huevos y pescados
8512;Andouille de Vire;Chitterling sausage from Vire;Carnes, huevos y pescados
8550;Andouillette, à cuire;Chitterling sausage, to cook;Carnes, huevos y pescados
8551;Andouillette, grillée/poêlée;Chitterling sausage, grilled/pan-fried;Carnes, huevos y pescados
8552;Andouillette de Troyes, à cuire;Chitterling sausage from Troyes, to cook;Carnes, huevos y pescados
8601;Tripes à la mode de Caen (estomac et pied de boeuf, carottes…), préemballées;Caen-style tripe, prepacked;Platos y entrantes
8612;Tripes à la tomate ou à la provençale, préemballées;Provencal-type tripe (with tomato), prepacked;Platos y entrantes
8703;Boudin noir, à cuire;Black pudding, to cook;Carnes, huevos y pescados
8704;Boudin noir, grillé/poêlé;Black pudding, grilled/pan-fried;Carnes, huevos y pescados
8705;Boudin, grillé/poêlé (aliment moyen);Black or white pudding (blood sausage), grilled/pan-fried (average);Carnes, huevos y pescados
8742;Boudin antillais, à cuire;Caribbean blood sausage, to cook;Carnes, huevos y pescados
8800;Boudin blanc, grillé/poêlé;White pudding, grilled/pan-fried;Carnes, huevos y pescados
8801;Boudin blanc, à cuire;White pudding, to cook;Carnes, huevos y pescados
8803;Boudin blanc truffé, à cuire;White pudding, truffled, to cook;Carnes, huevos y pescados
8903;Quenelle de veau en sauce, appertisée;Veal quenelle, with sauce, canned;Carnes, huevos y pescados
8910;Quenelle de volaille, à cuire;Poultry quenelle, raw;Carnes, huevos y pescados
8912;Quenelle de volaille en sauce, appertisée;Poultry quenelle, with sauce, canned;Carnes, huevos y pescados
8932;Quenelle de poisson en sauce, appertisée;Fish quenelle, with sauce, canned;Carnes, huevos y pescados
8933;Quenelle de poisson, à cuire;Fish quenelle, raw;Carnes, huevos y pescados
8937;Quenelle nature, à cuire;Quenelle, plain, raw;Carnes, huevos y pescados
9001;Épeautre, cru;Spelt, raw;Cereales y derivados
9003;Blé de Khorasan, cru;Khorasan wheat, raw;Cereales y derivados
9060;Blé dur complet, cru;Durum wheat, wholewheat, raw;Cereales y derivados
9080;Blé dur complet, précuit, à cuire;Wheat, wholewheat, pre-cooked, raw;Cereales y derivados
9081;Blé dur (grains entiers), précuit, cuit, sans sel ajouté;Durum wheat pre-cooked, whole grain, cooked, no added salt;Cereales y derivados
9082;Blé dur précuit, cuisiné, en sachet micro-ondable;Durum wheat, pre-cooked, seasoned, cooked, in a microwaveable bag;Platos y entrantes
9085;Nouilles asiatiques cuisinées (boeuf, poulet, légumes…) non instantanées;Asian noodles, seasoned (beef, chicken, vegetables), cooked;Platos y entrantes
9100;Riz blanc, cru;Rice, white, raw;Cereales y derivados
9101;Riz blanc étuvé, cru;Rice, white, parboiled, raw;Cereales y derivados
9102;Riz complet, cru;Rice, wholegrain, raw;Cereales y derivados
9103;Riz complet, cuit, sans sel ajouté;Rice, wholegrain, cooked, no added salt;Cereales y derivados
9104;Riz blanc, cuit, sans sel ajouté;Rice, white, cooked, no added salt;Cereales y derivados
9105;Riz blanc étuvé, cuit, sans sel ajouté;Rice, white, parboiled, cooked, no added salt;Cereales y derivados
9108;Riz sauvage, cru;Rice, wild, raw;Cereales y derivados
9109;Riz rouge, cru;Rice, red, raw;Cereales y derivados
9110;Riz rouge, cuit, sans sel ajouté;Rice, red, cooked, no added salt;Cereales y derivados
9111;Riz sauvage, cuit, sans sel ajouté;Rice, wild, cooked, no added salt;Cereales y derivados
9113;Riz semi-complet, cuit, sans sel ajouté;Rice, semi-wholegrain, cooked, no added salt;Cereales y derivados
9119;Riz thaï ou basmati, cru;Rice, basmati, raw;Cereales y derivados
9121;Riz, mélange de variétés (blanc, complet, rouge, sauvage, etc.), cru;Rice, mix of species (white, wholegrain, wild, red, etc.), raw;Cereales y derivados
9124;Riz thaï, cuit, sans sel ajouté;Rice, Thai, cooked, no added salt;Cereales y derivados
9125;Riz basmati, cuit, sans sel ajouté;Rice, basmati, cooked, no added salt;Cereales y derivados
9230;Pop-corn ou maïs éclaté, à l'huile, salé;Pop-corn or popped maize, with oil, salted;Cereales y derivados
9231;Pop-corn ou maïs éclaté, sans huile, non salé;Pop-corn or air-popped maize, without oil, unsalted;Cereales y derivados
9232;Pop-corn ou maïs éclaté, au caramel;Pop-corn or popped maize, with caramel;Cereales y derivados
9310;Avoine, crue;Oat, raw;Cereales y derivados
9313;Flocons d'avoine bouillis/cuits à l'eau;Oat flakes, boiled/cooked in water;Cereales y derivados
9320;Orge complète, crue;Barley, wholegrain, raw;Cereales y derivados
9321;Orge perlée, crue;Pearled barley, raw;Cereales y derivados
9322;Orge perlée, bouilli/cuite à l'eau, sans sel ajouté;Pearled barley, boiled/cooked in water, no added salt;Cereales y derivados
9330;Mil complet, cru;Millet, wholegrain, raw;Cereales y derivados
9331;Mil, cuit, sans sel ajouté;Millet, cooked, no added salt;Cereales y derivados
9340;Quinoa, cru;Quinoa, raw;Cereales y derivados
9341;Quinoa, bouilli/cuit à l'eau, sans sel ajouté;Quinoa, boiled/cooked in water, no added salt;Cereales y derivados
9345;Amarante, crue;Amaranth, raw;Cereales y derivados
9360;Sorgho complet, cru;Sorghum, wholegrain, raw;Cereales y derivados
9380;Sarrasin complet, cru;Buckwheat, wholegrain, raw;Cereales y derivados
9390;Seigle complet, cru;Rye, wholegrain, raw;Cereales y derivados
9410;Farine de blé tendre ou froment T110;Wheat flour, type 110;Cereales y derivados
9415;Farine de blé tendre ou froment T150;Wheat flour, type 150;Cereales y derivados
9435;Farine de blé tendre ou froment T65;Wheat flour, type 65;Cereales y derivados
9436;Farine de blé tendre ou froment T55 (pour pains);Wheat flour, type 55 (for bread);Cereales y derivados
9437;Farine de blé tendre ou froment avec levure incorporée;Wheat flour, self-raising;Cereales y derivados
9440;Farine de blé tendre ou froment T45 (pour pâtisserie);Wheat flour, type 45 (for pastry);Cereales y derivados
9445;Farine de blé tendre ou froment T80;Wheat flour, type 80;Cereales y derivados
9480;Farine d'épeautre (grand épeautre);Spelt flour;Cereales y derivados
9510;Amidon de maïs ou fécule de maïs;Maize/corn starch;Cereales y derivados
9520;Farine de riz;Rice flour;Cereales y derivados
9530;Farine de seigle T170;Rye flour, type 170;Cereales y derivados
9532;Farine de seigle T85;Rye flour, type 85;Cereales y derivados
9533;Farine de seigle T130;Rye flour, type 130;Cereales y derivados
9540;Farine de sarrasin;Buckwheat flour;Cereales y derivados
9545;Farine de maïs;Maize/corn flour;Cereales y derivados
9550;Farine d'orge;Barley flour;Cereales y derivados
9555;Farine de millet;Millet flour;Cereales y derivados
9570;Farine de châtaigne;Chestnut flour;Cereales y derivados
9580;Farine de pois chiche;Chick pea flour;Cereales y derivados
9610;Semoule de blé dur, crue;Durum wheat semolina, raw;Cereales y derivados
9612;Mélange de céréales et légumes secs, cru;Mix of cereals and pulses, raw;Cereales y derivados
9614;Polenta ou semoule de maïs, précuite, à cuire;Polenta or maize/corn semolina, pre-cooked, raw;Cereales y derivados
9615;Polenta ou semoule de maïs, cuite, sans sel ajouté;Polenta or maize/corn semolina, cooked, no added salt;Cereales y derivados
9621;Son de blé;Wheat bran;Ayudas culinarias e ingredientes
9640;Son d'avoine;Oat bran;Ayudas culinarias e ingredientes
9641;Son de maïs;Maize/corn bran;Ayudas culinarias e ingredientes
9643;Son de riz;Rice bran;Ayudas culinarias e ingredientes
9660;Germe de blé;Wheat germ;Ayudas culinarias e ingredientes
9681;Graine de couscous (semoule de blé dur précuite), à cuire;Couscous (pre-cooked durum wheat semolina), raw;Cereales y derivados
9683;Semoule ou graine de couscous, cuite, sans sel ajouté;Couscous grain, cooked, no added salt;Cereales y derivados
9685;Semoule ou graine de couscous complète, cuite, sans sel ajouté;Couscous grain, wholewheat, cooked, no added salt;Cereales y derivados
9686;Semoule ou graine de couscous semi-complète, cuite, sans sel ajouté;Couscous grain, semi-wholewheat, cooked, no added salt;Cereales y derivados
9690;Boulgour de blé, cru;Wheat, bulgur, raw;Cereales y derivados
9691;Boulgour de blé, cuit, sans sel ajouté;Wheat bulgur, cooked, no added salt;Cereales y derivados
9810;Pâtes sèches, standard, crues;Pasta, dry, regular, raw;Cereales y derivados
9811;Pâtes sèches, standard, cuites, sans sel ajouté;Pasta, dry, regular, cooked, no added salt;Cereales y derivados
9815;Pâtes fraîches, aux oeufs, crues;Pasta, fresh, with egg, raw;Cereales y derivados
9816;Pâtes fraîches, aux oeufs, cuites, sans sel ajouté;Pasta, fresh, with egg, cooked, no added salt;Cereales y derivados
9821;Pâtes sèches, aux oeufs, crues;Pasta, dry, with egg, raw;Cereales y derivados
9822;Pâtes sèches, aux oeufs, cuites, sans sel ajouté;Pasta, dry, with egg, cooked, no added salt;Cereales y derivados
9824;Pâtes sèches, sans gluten, cuites, sans sel ajouté;Pasta, dry, gluten-free, cooked, no added salt;Cereales y derivados
9863;Pâtes ou nouilles asiatiques sèches, au blé et aux oeufs, nature, crues;Asian noodles, dry, with wheat and egg, plain, raw;Cereales y derivados
9870;Pâtes sèches, au blé complet, crues;Pasta, dry, wholewheat, raw;Cereales y derivados
9871;Pâtes sèches, au blé complet, cuites, sans sel ajouté;Pasta, dry, wholewheat, cooked, no added salt;Cereales y derivados
9874;Pâtes sèches, sans gluten, crues;Pasta, dry, gluten-free, raw;Cereales y derivados
9875;Pâtes sèches, sans gluten (à base de riz et maïs), cuites, sans sel ajouté;Pasta, dry, gluten-free (from rice and corn), cooked, no added salt;Cereales y derivados
9876;Pâtes sèches, sans gluten (à base de lentilles corail), cuites, sans sel ajouté;Pasta, dry, gluten-free (from red lentils), cooked, no added salt;Cereales y derivados
9877;Pâtes sèches, semi-complètes, cuites, sans sel ajouté;Pasta, dry, semi-wholewheat, cooked, no added salt;Cereales y derivados
9900;Vermicelles de riz sèches, crues;Rice vermicelli, dry, raw;Cereales y derivados
9901;Vermicelle de riz, cuite, sans sel ajouté;Rice vermicelli, dry, cooked, no added salt;Cereales y derivados
9902;Vermicelles de soja sèches, crues;Soy vermicelli, dry, raw;Cereales y derivados
9903;Vermicelle de soja, cuite, sans sel ajouté;Soy vermicelli, dry, cooked, no added salt;Cereales y derivados
10000;Bigorneau, cuit;Winkle, cooked;Carnes, huevos y pescados
10001;Calmar ou calamar ou encornet, cru;Squid, raw;Carnes, huevos y pescados
10002;Calmar ou calamar ou encornet, à la romaine (beignet), préemballé;Squid fritter, Roman-style, prepacked;Carnes, huevos y pescados
10003;Coquille Saint-Jacques, noix et corail, crue;Scallop, with coral, raw;Carnes, huevos y pescados
10004;Coquille Saint-Jacques, noix et corail, cuite;Scallop, with coral, cooked;Carnes, huevos y pescados
10005;Crabe, miettes et ou pattes décortiquées, appertisé, égoutté;Flaked crab and/or decorticated crab leg, canned, drained;Carnes, huevos y pescados
10006;Crevette grise, cuite;Grey shrimp, boiled;Carnes, huevos y pescados
10007;Crevette, cuite;Shrimp or prawn, boiled;Carnes, huevos y pescados
10008;Escargot, cru;Snail, raw;Carnes, huevos y pescados
10009;Homard, bouilli/cuit à l'eau;Lobster, boiled/cooked in water;Carnes, huevos y pescados
10010;Homard, cru;Lobster, raw;Carnes, huevos y pescados
10011;Huître, sans précision, crue;Oyster, raw;Carnes, huevos y pescados
10012;Langoustine, panée, frite;Norway lobster or scampi, breaded, fried;Carnes, huevos y pescados
10013;Moule, bouillie/cuite à l'eau;Mussel, boiled/cooked in water;Carnes, huevos y pescados
10014;Moule commune, crue;Mussel, common, raw;Carnes, huevos y pescados
10015;Langouste, crue;Spiny lobster, raw;Carnes, huevos y pescados
10016;Seiche, crue;Cuttlefish, raw;Carnes, huevos y pescados
10017;Clam, praire ou palourde, cru;Clam, raw;Carnes, huevos y pescados
10018;Poulpe, cru;Octopus, common, raw;Carnes, huevos y pescados
10019;Bulot ou buccin, cru;Whelk, raw;Carnes, huevos y pescados
10020;Bulot ou buccin, cuit;Whelk, cooked;Carnes, huevos y pescados
10021;Crevette, crue;Shrimp or prawn, raw;Carnes, huevos y pescados
10022;Langouste, bouillie/cuite à l'eau;Spiny lobster, boiled/cooked in water;Carnes, huevos y pescados
10023;Beignet de crevette;Shrimp fritters;Carnes, huevos y pescados
10024;Langoustine, crue;Norway lobster, raw;Carnes, huevos y pescados
10025;Crabe ou tourteau, bouilli/cuit à l'eau;Crab, boiled/cooked in water;Carnes, huevos y pescados
10026;Moule de Méditerranée, crue;Mediterranean mussel, raw;Carnes, huevos y pescados
10027;Clam, praire ou palourde, bouilli/cuit à l'eau;Clam, boiled/cooked in water;Carnes, huevos y pescados
10028;Moules, au naturel, appertisées, égouttées;Mussel, canned in brine, drained;Carnes, huevos y pescados
10030;Écrevisse, crue;Crayfish, raw;Carnes, huevos y pescados
10031;Écrevisse, cuite;Crayfish, cooked;Carnes, huevos y pescados
10033;Crevette bouquet, sauvage, cuite;"Prawn, ""bouquet"", wild, boiled";Carnes, huevos y pescados
10034;Coque, cuite;Cockle, cooked;Carnes, huevos y pescados
10035;Huître creuse, crue;Pacific oyster, raw;Carnes, huevos y pescados
10036;Huître plate, crue;European oyster, raw;Carnes, huevos y pescados
10037;Calmar ou calamar ou encornet, bouilli/cuit à l'eau;Squid, boiled/cooked in water;Carnes, huevos y pescados
10038;Crevette, surgelée, crue;Shrimp or prawn, frozen, raw;Carnes, huevos y pescados
10039;Crabe, cru;Crab, raw;Carnes, huevos y pescados
10041;Ormeau, cru;Abalone or ormer or sea ear, raw;Carnes, huevos y pescados
10042;Escargot en sauce au beurre persillé, préemballé, cuit;Snail in parsley butter, prepacked, cooked;Carnes, huevos y pescados
10043;Fruits de mer (aliment moyen);Crustacean or mollusc (average);Carnes, huevos y pescados
10044;Langoustine, bouillie/cuite à l'eau;Norway lobster, boiled/cooked in water;Carnes, huevos y pescados
10045;Coquille Saint-Jacques, noix, crue;Scallop, without coral, raw;Carnes, huevos y pescados
10048;Pecten d'Amérique ou peigne du Canada, noix, crue;American or Canadian sea scallop, without coral, raw;Carnes, huevos y pescados
10049;Pétoncle ou peigne du Pérou, noix, crue;Peru sea scallop, without coral, raw;Carnes, huevos y pescados
10057;Araignée de mer, bouillie/cuite à l'eau;Spinous spider crab, boiled/cooked in water;Carnes, huevos y pescados
10061;Crevette blanche ou crevette tropicale (rose), élevage, cuite;White shrimp or tropical shrimp (rose), boiled;Carnes, huevos y pescados
10062;Crevette tropicale (tigrée), élevage, cuite;Tropical tiger prawn, boiled;Carnes, huevos y pescados
10064;Crevette tropicale (rose), cuite (Penaeus brasiliensis);Pinkspotted shrimp, boiled;Carnes, huevos y pescados
10079;Poulpe, cuit;Octopus, common, cooked;Carnes, huevos y pescados
10080;Fruits de mer, mélange ou cocktail, surgelés, cuits;Seafood, cooked, frozen;Carnes, huevos y pescados
10081;Moules à la sauce catalane ou escabèche (tomate), appertisée, égouttée;Mussels, in Catalan-style sauce or marinade (tomatoes), canned, drained;Carnes, huevos y pescados
10082;Moules marinières (oignons et vin blanc), préemballées;Mussels, in a oignon and white wine broth, prepacked;Platos y entrantes
10083;Moules farcies (matière grasse, persillade…), préemballées, crues;Mussels, filled (fat, parsley and garlic…), prepacked, raw;Platos y entrantes
10084;Calmar ou calamar ou encornet, frit ou poêlé avec matière grasse;Squid, fried or pan-fried, with fat;Carnes, huevos y pescados
10086;Crevettes, décortiquées, cuites, réfrigérées, préemballées;Shrimp or prawn, peeled, boiled, refrigerated, prepacked;Carnes, huevos y pescados
10088;Ecrevisses, décortiquées, cuites, réfrigérées, préemballées;Crayfish, peeled, cooked, refrigerated, prepacked;Carnes, huevos y pescados
10089;Crevettes grises, décortiquées, cuites, réfrigérées, préemballées;Grey shrimp, peeled, boiled, refrigerated, prepacked;Carnes, huevos y pescados
10099;Escargot, cuit;Snail, without added fat, cooked;Carnes, huevos y pescados
10100;Crevette sauvage, cuite;Shrimp or prawn, wild, boiled;Carnes, huevos y pescados
10101;Crevette, élevage, cuite (aliment moyen);Shrimp or prawn, farmed, boiled (average);Carnes, huevos y pescados
10999;Cerfeuil, séché;Chervil, dried;Ayudas culinarias e ingredientes
11000;Ail, cru;Garlic, raw;Ayudas culinarias e ingredientes
11001;Bouillon de boeuf, déshydraté;Broth or stock, beef, dehydrated;Ayudas culinarias e ingredientes
11002;Cerfeuil, frais;Chervil, raw;Ayudas culinarias e ingredientes
11003;Ciboule ou ciboulette, fraîche;Chive or spring onion, fresh;Ayudas culinarias e ingredientes
11004;Cornichon, au vinaigre;Gherkin, pickled in vinegar;Ayudas culinarias e ingredientes
11005;Curry, poudre;Curry, powder;Ayudas culinarias e ingredientes
11006;Gingembre, poudre;Ginger, powder;Ayudas culinarias e ingredientes
11007;Gélatine, sèche;Gelatin, dried;Ayudas culinarias e ingredientes
11008;Ketchup, préemballé;Ketchup, prepacked;Ayudas culinarias e ingredientes
11009;Levure de bière en paillettes;Yeast, flakes;Ayudas culinarias e ingredientes
11010;Levure de boulanger fraîche;Baker's yeast, fresh;Ayudas culinarias e ingredientes
11013;Moutarde;Mustard;Ayudas culinarias e ingredientes
11014;Persil, frais;Parsley, fresh;Ayudas culinarias e ingredientes
11015;Poivre noir, poudre;Black pepper, powder;Ayudas culinarias e ingredientes
11016;Raifort, frais;Horseradish, raw;Ayudas culinarias e ingredientes
11017;Sel blanc alimentaire, non iodé, non fluoré (marin, ignigène ou gemme);Salt, white (sea, igneous or rock), no fortification;Ayudas culinarias e ingredientes
11018;Vinaigre;Vinegar;Ayudas culinarias e ingredientes
11019;Poivre blanc, poudre;White pepper, powder;Ayudas culinarias e ingredientes
11021;Moutarde à l'ancienne;Mustard, with grains;Ayudas culinarias e ingredientes
11023;Ail séché, poudre;Garlic, dried, powder;Ayudas culinarias e ingredientes
11024;Persil, séché;Parsley, dried;Ayudas culinarias e ingredientes
11025;Cannelle, poudre;Cinnamon, powder;Ayudas culinarias e ingredientes
11026;Coriandre, graine;Coriander, seed;Ayudas culinarias e ingredientes
11027;Menthe, fraîche;Mint, fresh;Ayudas culinarias e ingredientes
11029;Menthe, séchée;Mint, dried;Ayudas culinarias e ingredientes
11032;Basilic, séché;Basil, dried;Ayudas culinarias e ingredientes
11033;Basilic, frais;Basil, fresh;Ayudas culinarias e ingredientes
11034;Marjolaine, séchée;Marjoram, dried;Ayudas culinarias e ingredientes
11035;Origan, séché;Oregano, dried;Ayudas culinarias e ingredientes
11036;Romarin, séché;Rosemary, dried;Ayudas culinarias e ingredientes
11037;Sauge, séchée;Sage, dried;Ayudas culinarias e ingredientes
11038;Thym, séché;Thyme, dried;Ayudas culinarias e ingredientes
11039;Safran;Saffron;Ayudas culinarias e ingredientes
11041;Bouillon de légumes, déshydraté;Broth or stock, vegetables, dehydrated;Ayudas culinarias e ingredientes
11042;Cumin, graine;Cumin, seed;Ayudas culinarias e ingredientes
11043;Tapenade, préemballée;Tapenade (puree of capers, black olives, anchovy and herbs);Ayudas culinarias e ingredientes
11044;Sel au céleri;Salt, with celery;Ayudas culinarias e ingredientes
11045;Levure de boulanger déshydratée;Baker's yeast, dehydrated;Ayudas culinarias e ingredientes
11046;Levure chimique ou poudre à lever;Baking powder or raising agent;Ayudas culinarias e ingredientes
11048;Noix de muscade;Nutmeg;Ayudas culinarias e ingredientes
11049;Paprika, poudre;Paprika, powder;Ayudas culinarias e ingredientes
11050;Estragon, séché;Tarragon, dried;Ayudas culinarias e ingredientes
11051;Sauce tartare, préemballée;Tartare sauce, prepacked;Ayudas culinarias e ingredientes
11052;Clou de girofle;Cloves;Ayudas culinarias e ingredientes
11053;Laurier, feuille;Bay, leaves;Ayudas culinarias e ingredientes
11054;Mayonnaise (70% MG min.), préemballée;Mayonnaise (70% fat min.), prepacked;Ayudas culinarias e ingredientes
11056;Quatre épices, poudre;Mix of 4 spices, powder;Ayudas culinarias e ingredientes
11058;Sel blanc alimentaire, iodé, non fluoré (marin, ignigène ou gemme);Salt, white (sea, igneous or rock), iodine added, no fluride added;Ayudas culinarias e ingredientes
11060;Herbes de Provence, séchées;Herbes de Provence, dried;Ayudas culinarias e ingredientes
11061;Pavot, graine;Poppy, seed;Ayudas culinarias e ingredientes
11062;Sarriette, séchée;Savory, dried;Ayudas culinarias e ingredientes
11063;Aneth, séché;Dill, dried;Ayudas culinarias e ingredientes
11064;Carvi, graine;Caraway, seed;Ayudas culinarias e ingredientes
11065;Vanille, extrait alcoolique;Vanilla, alcoholic extract;Ayudas culinarias e ingredientes
11066;Fenouil, graine;Fennel, seed;Ayudas culinarias e ingredientes
11068;Romarin, frais;Rosemary, fresh;Ayudas culinarias e ingredientes
11069;Sauge, fraîche;Sage, fresh;Ayudas culinarias e ingredientes
11070;Thym, frais;Thyme, fresh;Ayudas culinarias e ingredientes
11073;Ketchup allégé en sucres, préemballé;Ketchup, reduced sugar, prepacked;Ayudas culinarias e ingredientes
11074;Gingembre, racine fraîche;Ginger, raw;Ayudas culinarias e ingredientes
11075;Cardamome, poudre;Cardamom, powder;Ayudas culinarias e ingredientes
11077;Fenugrec, graine;Fenugreek, seed;Ayudas culinarias e ingredientes
11079;Mayonnaise à teneur réduite en matière grasse ou mayonnaise allégée, préemballée;Mayonnaise, reduced fat or light mayonnaise, prepacked;Ayudas culinarias e ingredientes
11080;Herbes aromatiques fraîches (aliment moyen);Herbs, fresh (average);Ayudas culinarias e ingredientes
11081;Epice (aliment moyen);Spice (average);Ayudas culinarias e ingredientes
11082;Fleur de sel, non iodée, non fluorée;Salt, pure sea salt, no fortification;Ayudas culinarias e ingredientes
11083;Sel marin gris, non iodé, non fluoré;Salt, sea salt, grey, no fortification;Ayudas culinarias e ingredientes
11084;Agar (algue), frais, cru;Seaweed, agar, raw;Ayudas culinarias e ingredientes
11086;Spiruline (Spirulina sp.), séchée ou déshydratée;Spirulina (spirulina sp.), dried or dehydrated;Ayudas culinarias e ingredientes
11088;Poivre de Cayenne ou piment de Cayenne, poudre;Cayenne pepper, powder;Ayudas culinarias e ingredientes
11089;Curcuma, poudre;Turmeric, powder;Ayudas culinarias e ingredientes
11091;Vinaigre balsamique;Vinegar, balsamic;Ayudas culinarias e ingredientes
11093;Aneth, frais;Dill, fresh;Ayudas culinarias e ingredientes
11094;Coriandre, fraiche;Coriander, fresh;Ayudas culinarias e ingredientes
11096;Sel blanc alimentaire, iodé, fluoré à 25 mg /100 g (marin, ignigène ou gemme);Salt, white (sea, igneous or rock), iodine added, fluoride added 25 mg/100 g;Ayudas culinarias e ingredientes
11097;Cornichon, aigre-doux;Gherkin, in sweet and sour sauce;Ayudas culinarias e ingredientes
11098;Vanille, extrait aqueux;Vanilla, aqueous extract;Ayudas culinarias e ingredientes
11100;Sauce barbecue, préemballée;Barbecue sauce, prepacked;Ayudas culinarias e ingredientes
11101;Sauce béchamel, préemballée;Béchamel sauce, prepacked;Ayudas culinarias e ingredientes
11102;Sauce béarnaise, préemballée;Béarnaise sauce, prepacked;Ayudas culinarias e ingredientes
11104;Sauce soja, préemballée;Soy sauce, prepacked;Ayudas culinarias e ingredientes
11105;Sauce hollandaise, préemballée;Hollandaise sauce, prepacked;Ayudas culinarias e ingredientes
11107;Sauce tomate aux oignons, préemballée;Tomato sauce, with onions, prepacked;Ayudas culinarias e ingredientes
11108;Sauce vinaigrette à l'huile d'olive (50 à 75% d'huile), préemballée;Salad dressing, olive oil (50-75% fat), prepacked;Ayudas culinarias e ingredientes
11109;Sauce vinaigrette allégée en matière grasse (25 à 50% d'huile), préemballée;Salad dressing, reduced fat (25-50% of oil), prepacked;Ayudas culinarias e ingredientes
11110;Sauce vinaigrette (50 à 75% d'huile), préemballée;Salad dressing, (50-75% of oil), prepacked;Ayudas culinarias e ingredientes
11111;Sauce armoricaine, préemballée;Armorican-style sauce, prepacked;Ayudas culinarias e ingredientes
11112;Harissa (sauce au piment), préemballée;Harissa (hot spicy sauce), prepacked;Ayudas culinarias e ingredientes
11114;Sauce tomate à la viande ou sauce bolognaise, préemballée;Bolognese sauce or tomato sauce with meat, prepacked;Ayudas culinarias e ingredientes
11115;Sauce au poivre vert, préemballée;Green pepper sauce, prepacked;Ayudas culinarias e ingredientes
11120;Sauce bourguignonne, préemballée;Burgundy-style sauce, prepacked;Ayudas culinarias e ingredientes
11121;Sauce madère, préemballée;Madeira wine sauce, prepacked;Ayudas culinarias e ingredientes
11122;Sauce à l'échalote à la crème, préemballée;Cream sauce with shallots, prepacked;Ayudas culinarias e ingredientes
11128;Sauce carbonara, préemballée;Carbonara sauce (cream sauce with lardoons), prepacked;Ayudas culinarias e ingredientes
11129;Sauce chasseur, préemballée;Hunter-style sauce (white wine sauce with mushrooms, shallots and tomatoes), prepacked;Ayudas culinarias e ingredientes
11132;Sauce au curry, chaude, préemballée;Curry sauce, warm, prepacked;Ayudas culinarias e ingredientes
11140;Sauce au beurre blanc, préemballée;White butter sauce, prepacked;Ayudas culinarias e ingredientes
11143;Sauce béchamel au beurre, faite maison;Béchamel sauce, w butter, homemade;Ayudas culinarias e ingredientes
11157;Sauce moutarde, préemballée;Mustard sauce, prepacked;Ayudas culinarias e ingredientes
11158;Sauce au beurre, préemballée;Butter sauce, prepacked;Ayudas culinarias e ingredientes
11159;Sauce à la crème;Cream sauce;Ayudas culinarias e ingredientes
11160;Sauce aux champignons, préemballée;Mushroom sauce, prepacked;Ayudas culinarias e ingredientes
11161;Sauce à la crème aux épices;Cream sauce with spices;Ayudas culinarias e ingredientes
11162;Sauce à la crème aux herbes;Cream sauce with herbs;Ayudas culinarias e ingredientes
11163;Sauce aigre douce, préemballée;Sweet and sour sauce, prepacked;Ayudas culinarias e ingredientes
11164;Sauce au vin rouge, faite maison;Red wine sauce, homemade;Ayudas culinarias e ingredientes
11166;Sauce au yaourt, faite maison;Yogurt sauce, homemade;Ayudas culinarias e ingredientes
11167;Sauce américaine, préemballée;American-style sauce, prepacked;Ayudas culinarias e ingredientes
11168;Sauce aïoli, préemballée;Aioli sauce (garlic and olive oil mayonnaise), prepacked;Ayudas culinarias e ingredientes
11169;Fond de veau pour sauces et cuisson, déshydraté;Veal stock for sauce and cooking, dehydrated;Ayudas culinarias e ingredientes
11170;Sauce basquaise ou sauce aux poivrons, préemballée;Basque-style sauce or tomato sauce with sweet peppers, prepacked;Ayudas culinarias e ingredientes
11171;Fond de volaille pour sauces et cuisson, déshydraté;Poultry stock for sauce and cooking, dehydrated;Ayudas culinarias e ingredientes
11172;Court-bouillon pour poissons, déshydraté;Aromatic stock cube, for fish, dehydrated;Ayudas culinarias e ingredientes
11174;Bouillon de volaille, déshydraté;Broth or stock, poultry, dehydrated;Ayudas culinarias e ingredientes
11175;Gelée au madère, déshydratée;Madeira wine aspic, dehydrated;Ayudas culinarias e ingredientes
11176;Gelée au madère;Madeira wine aspic;Ayudas culinarias e ingredientes
11177;Sauce tomate aux champignons, préemballée;Tomato sauce, with mushrooms, prepacked;Ayudas culinarias e ingredientes
11178;Sauce tomate aux olives, préemballée;Tomato sauce, with olives, prepacked;Ayudas culinarias e ingredientes
11179;Sauce pesto, préemballée;Pesto sauce, prepacked;Ayudas culinarias e ingredientes
11182;Sauce au poivre, chaude, préemballée;Pepper sauce, warm, prepacked;Ayudas culinarias e ingredientes
11184;Sauce (aliment moyen);Sauce (average);Ayudas culinarias e ingredientes
11187;Sauce crudités ou sauce salade, préemballée;Salad dressing, prepacked;Ayudas culinarias e ingredientes
11189;Sauce au fromage pour risotto ou pâtes, préemballée;Cheese sauce for risotto or pasta, prepacked;Ayudas culinarias e ingredientes
11191;Sauce au roquefort, préemballée;Roquefort sauce, prepacked;Ayudas culinarias e ingredientes
11192;Sauce aux champignons et à la crème, préemballée;Cream sauce with mushrooms, prepacked;Ayudas culinarias e ingredientes
11194;Sauce nuoc mâm ou sauce au poisson, préemballée;Nuoc mam sauce or fish sauce, prepacked;Ayudas culinarias e ingredientes
11196;Sauce burger, préemballée;Burger sauce, prepacked;Ayudas culinarias e ingredientes
11198;Sauce crudités ou sauce salade, allégée en matière grasse, préemballée;Salad dressing, reduced fat, prepacked;Ayudas culinarias e ingredientes
11199;Sauce grand veneur, préemballée;Grand veneur sauce (reduction of red wine with garlic, shallots and red currant jelly), prepacked;Ayudas culinarias e ingredientes
11202;Sauce indienne type tandoori ou tikka masala, préemballée;Indian-style sauce, tandoori or garam masala type, prepacked;Ayudas culinarias e ingredientes
11203;Sauce kebab, préemballée;Kebab sauce, prepacked;Ayudas culinarias e ingredientes
11205;Sauce rouille, préemballée;Rouille sauce (mayonnaise with garlic, chilli pepper and fish broth), prepacked;Ayudas culinarias e ingredientes
11207;Sauce tomate aux petits légumes, préemballée;Tomato sauce, with vegetables, prepacked;Ayudas culinarias e ingredientes
11208;Sauce tomate au fromage, préemballée;Tomato sauce, with cheese, prepacked;Ayudas culinarias e ingredientes
11210;Sauce pesto rosso, préemballée;Pesto rosso sauce, prepacked;Ayudas culinarias e ingredientes
11212;Sauce au poivre, froide, préemballée;Pepper sauce, condiment, cold, prepacked;Ayudas culinarias e ingredientes
11213;Sauce froide (aliment moyen);Sauce, cold (average);Ayudas culinarias e ingredientes
11214;"Préparation culinaire à base de soja, type ""crème de soja""";"Soy ""cream""";Ayudas culinarias e ingredientes
11215;Caviar de tomates;Tomato caviar (seasoned tomato puree);Ayudas culinarias e ingredientes
11216;Sauce soja sucrée, préemballée;Soy sauce, with sugar(s), prepacked;Ayudas culinarias e ingredientes
11217;Sauce pour nems à base de nuoc-mam dilué, préemballée;Sauce for fried spring rolls, nuoc mam based, prepacked;Ayudas culinarias e ingredientes
11218;Sauce chaude (aliment moyen);Sauce, warm (average);Ayudas culinarias e ingredientes
11219;Sauce végétale type bolognaise, aux protéines de soja, préemballée;Bolognese-type vegetarian sauce, with soya proteins, prepacked;Ayudas culinarias e ingredientes
11220;Vinaigre de vin rouge;Vinegar, red wine;Ayudas culinarias e ingredientes
11221;Extrait de levure, à tartiner;Yeast extract spread;Ayudas culinarias e ingredientes
11222;Ktipiti, tartinade de fromage frais aux poivrons rouges, préemballé;Ktipiti, fresh cheese and red pepper dip, prepacked;Ayudas culinarias e ingredientes
11223;Sauce d'huître, préemballée;Oyster sauce, prepacked;Ayudas culinarias e ingredientes
11240;Sauce algérienne, préemballée;Algerian style sauce, prepacked;Ayudas culinarias e ingredientes
11243;Sauce andalouse, préemballée;Andalusian style sauce, prepacked;Ayudas culinarias e ingredientes
11244;Sauce cocktail, préemballée;Cocktail style sauce, prepacked;Ayudas culinarias e ingredientes
11245;Sauce pommes frites, préemballée;Pommes frites sauce, prepacked;Ayudas culinarias e ingredientes
11246;Sauce samouraï, préemballée;Samourai style sauce, prepacked;Ayudas culinarias e ingredientes
11247;Sauce au curry, froide, préemballée;Curry sauce, cold, prepacked;Ayudas culinarias e ingredientes
11248;Sauce Caesar, préemballée;Salad dressing, Caesar style, prepacked;Ayudas culinarias e ingredientes
11299;Crème de pruneaux, préemballée;Prune sauce, prepacked;Dulces y azúcares
11300;Sauce au chocolat, préemballée;Chocolate sauce, prepacked;Ayudas culinarias e ingredientes
11301;Sauce teriyaki, préemballée;Teriyaki sauce, prepacked;Ayudas culinarias e ingredientes
11302;Sauce à l'oseille, préemballée;Sorrel sauce, prepacked;Ayudas culinarias e ingredientes
11303;Fumet de poisson, prêt à consommer, préemballé;Fish stock, ready to eat, prepacked;Ayudas culinarias e ingredientes
11304;Fond de veau, préemballé;Veal stock, prepacked;Ayudas culinarias e ingredientes
11306;Ail, rôti/cuit au four;Garlic, roasted/baked;Ayudas culinarias e ingredientes
11307;Ail, grillé/poêlé, sans matière grasse;Garlic, grilled/pan-fried, without fat;Ayudas culinarias e ingredientes
11507;Bicarbonate de soude;Sodium bicarbonate;Ayudas culinarias e ingredientes
11509;Édulcorant à l'aspartame, en poudre;Aspartame, in powder;Dulces y azúcares
11510;Vermicelles multicolores;Rainbow sprinkles;Dulces y azúcares
12001;Camembert, sans précision sur le type de lait (pasteurisé ou cru);Camembert cheese, from cow's milk;Lácteos
12003;Fromage à pâte molle et croûte fleurie, non allégé en matière grasse (type camembert);Soft-ripened cheese with bloomy rind (Camembert-type cheese), from cow's milk;Lácteos
12004;Fromage à pâte molle et croûte fleurie, allégé en matière grasse (type camembert);Soft-ripened cheese with bloomy rind, reduced fat (Camembert-type cheese), from cow's milk;Lácteos
12006;Camembert au lait cru ou thermisé;Camembert cheese, from cow's milk, from raw milk or thermised milk;Lácteos
12007;Camembert au lait pasteurisé;Camembert cheese, from cow's milk, from pasteurized milk;Lácteos
12008;Fromage à pâte molle et croûte fleurie, double crème environ 30% MG;Soft-ripened cheese, double cream, around 30% fat, with bloomy rind, from cow's milk;Lácteos
12010;Coulommiers;Coulommiers cheese, from cow's milk;Lácteos
12015;Fromage à pâte molle type carré ou brique, à croûte fleurie, non allégé en matière grasse;Soft-ripened cheese with bloomy rind, square or brick , from cow's milk;Lácteos
12020;Brie, sans précision;Brie cheese, from cow's milk;Lácteos
12021;Brie de Meaux;Brie de Meaux cheese, from cow's milk;Lácteos
12022;Brie de Melun;Brie de Melun cheese, from cow's milk;Lácteos
12025;Carré de l'Est;Carré de l'Est cheese, from cow's milk;Lácteos
12028;Chaource;Chaource cheese, from cow's milk;Lácteos
12029;Maroilles, laitier;"Maroilles ""laitier"" (milk collected in many farms) cheese, from cow's milk";Lácteos
12030;Maroilles, fermier;"Maroilles ""fermier"" (milk collected in an unique farm) cheese, from cow's milk";Lácteos
12031;Neufchâtel;Neufchâtel cheese, from cow's milk;Lácteos
12033;Fromage à pâte molle, triple crème, environ 38% MG;Soft-ripened cheese, triple cream, around 3840% fat, from cow's milk;Lácteos
12034;Fromage à pâte molle et croûte lavée (aliment moyen);Soft-ripened cheese, washed rind (average);Lácteos
12035;Fromage à pâte molle et croûte lavée, allégé en matière grasse;Soft-ripened washed-rind cheese, reduced fat, from cow's milk;Lácteos
12036;Maroilles, sans précision;Maroilles cheese, from cow's milk;Lácteos
12037;Livarot;Livarot cheese, from cow's milk;Lácteos
12038;Époisses;Époisses cheese, from cow's milk;Lácteos
12039;Munster;Munster cheese, from cow's milk;Lácteos
12040;Langres;Langres cheese, from cow's milk;Lácteos
12041;Fromage à pâte molle et croûte lavée, non allégé en matière grasse;Soft-ripened washed-rind cheese, from cow's milk;Lácteos
12042;Pont l'Évêque;Pont l'Evêque cheese, from cow's milk;Lácteos
12045;Reblochon;Reblochon cheese, from cow's milk;Lácteos
12049;Saint-Marcellin;Saint-Marcellin cheese, from cow's milk;Lácteos
12050;Fromage à pâte molle et croûte mixte (lavée et fleurie) colorée;Soft-ripened washed, bloomy and coloured rind cheese, from cow's milk;Lácteos
12051;Mont d'or ou vacherin du Haut-Doubs (produit en France) ou vacherin-Mont d'Or (produit en Suisse);Vacherin cheese or Mont d'or cheese, from cow's milk;Lácteos
12052;Saint-Félicien;Saint-Felicien cheese, from cow's milk;Lácteos
12053;Fromage pour tartiflette (pâte molle et croûte mixte);Cheese for tartiflette, soft with mixed rind, from cow's milk;Lácteos
12054;Spécialité fromagère non affinée en coque, enrichie en vitamines;Uncured soft cheese, spreadable, in a shell, fortified with vitamins, from cow's milk;Lácteos
12060;Fromage type feta, au lait de vache 100%;Feta-type cheese, 100% from cow's milk;Lácteos
12063;Fromage type feta, au lait de vache 100%, à l'huile et aux aromates;Feta-type cheese, 100% from cow's milk, in oil and spices;Lácteos
12064;Boulette d'Avesne;Boulette d'Avesnes cheese from cow's milk;Lácteos
12065;Bouchée apéritive de fromage au lait de vache non affiné, fourrée ou enrobée;Finger-food cheese from cow's milk, filled or coated;Lácteos
12066;Feta, au lait de brebis 70% minimum et lait de chèvre 30% maximum;Feta cheese, 70% min. from ewe's milk, 30% min. from goat's milk;Lácteos
12068;Fromage frais ou spécialité fromagère non affinée, nature, à tartiner, en barquette, non allégée en matière grasse;Uncured soft cheese, spreadable, plain, in tray, from cow's milk;Lácteos
12069;Fromage frais ou spécialité fromagère non affinée, nature, à tartiner, en barquette, allégée en matière grasse;Uncured soft cheese, spreadable, plain, in tray, reduced fat, from cow's milk;Lácteos
12070;Fromage frais ou spécialité fromagère non affinée, ail et fines herbes, à tartiner, non allégée en matière grasse;Uncured soft cheese, spreadable, flavoured with garlic and herbs), from cow's milk;Lácteos
12071;Brousse (fromage de brebis frais au lactosérum);Brousse (uncured cheese from ewes' milk);Lácteos
12072;Burrata;Burrata, from cow's milk;Lácteos
12099;Emmental de Savoie ou emmenthal de Savoie;Emmental cheese, from cow's milk, from Savoy;Lácteos
12100;Fromage à pâte pressée cuite (aliment moyen);Hard cheese (average);Lácteos
12105;Beaufort;Beaufort cheese, from cow's milk;Lácteos
12109;Cantal jeune;Cantal cheese, not matured, from cow's milk,;Lácteos
12110;Comté;Comté cheese, from cow's milk;Lácteos
12111;Fromage à effilocher ou à dérouler;Processed cheese, to unroll or to shred, from cow's milk;Lácteos
12112;Abondance;Abondance cheese, from cow's milk;Lácteos
12113;Gruyère IGP France;Gruyere cheese, France, Protected Geographical Indication, from cow's milk;Lácteos
12114;Gruyère, sans précision (origine France ou Suisse);Gruyere cheese, from cow's milk;Lácteos
12115;Emmental ou emmenthal;Emmental cheese, from cow's milk;Lácteos
12116;Fromage à pâte pressée cuite type emmental ou emmenthal, allégé en matière grasse;Hard cheese, emmental-type cheese, reduced fat, from cow's milk;Lácteos
12118;Emmental ou emmenthal, râpé;Emmental cheese, grated, from cow's milk;Lácteos
12119;Ossau-Iraty (fromage de brebis);Ossau-Iraty cheese, from ewe's milk;Lácteos
12120;Parmesan;Parmesan cheese, from cow's milk;Lácteos
12121;Fontina;Fontina cheese, from cow's milk;Lácteos
12122;Pecorino (fromage de brebis);Pecorino cheese, from ewe's milk;Lácteos
12123;Grana Padano;Grana Padano cheese, from cow's milk;Lácteos
12300;Fromage fondu en tranchettes;Processed cheese, in slices, from cow's milk;Lácteos
12302;Spécialité fromagère fondue aromatisée en cubes pour l’apéritif (cubes de fromage fondu au lait de vache);Processed cheese, from cow's milk, flavoured, in cubes, for aperitif;Lácteos
12303;Fromage fondu en portion (triangle), non enrichi;Processed cheese, from cow's milk, triangle, not fortified;Lácteos
12304;Fromage fondu en portion (triangle), enrichi en vitamines;Processed cheese, from cow's milk, triangle, fortified with vitamins;Lácteos
12305;Fromage fondu, allégé en matière grasse;Processed cheese, reduced fat, from cow's milk;Lácteos
12306;Fromage blanc fondu en portion (carré), non enrichi en vitamines;Processed cheese, from cow's milk, square, not fortified with vitamins;Lácteos
12307;Fromage blanc fondu en portion (carré ou bâtonnet), enrichi en vitamines;Processed cheese, from cow's milk, square or on stick, fortified with vitamins;Lácteos
12325;Cancoillotte (spécialité fromagère fondue);Cancoillotte (processed cheese), from cow's milk;Lácteos
12355;Spécialité fromagère fondante au fromage blanc et aux noix;Processed cheese with fresh cream cheese and walnuts, from cow's milk;Lácteos
12356;Snack pour enfants à base de fromage fondu et de gressins;Processed cheese snack , from cow's milk, with breadsticks, for children;Lácteos
12500;Roquefort (fromage de brebis);Roquefort cheese, from ewe's milk;Lácteos
12519;Fourme de Montbrison;Fourme de Montbrison cheese, from cow's milk,;Lácteos
12520;Fromage bleu au lait de vache, non allégé en matière grasse;Blue cheese, from cow's milk;Lácteos
12521;Fromage bleu d'Auvergne;Auvergne blue cheese, from cow's milk;Lácteos
12522;Fourme d'Ambert;Fourme d'Ambert cheese, from cow's milk;Lácteos
12523;Fromage bleu des Causses;Causses blue cheese, from cow's milk;Lácteos
12524;Gorgonzola;Gorgonzola cheese, from cow's milk;Lácteos
12526;Bleu de Gex ou fromage bleu du Haut-Jura ou bleu de Septmoncel;Gex blue cheese, or Jura blue cheese or Septmoncel blue cheese, from cow's milk;Lácteos
12528;Fromage bleu au lait de vache, allegé en matière grasse;Bresse blue cheese, reduced fat, from cow's milk;Lácteos
12705;Fromage à pâte pressée non cuite type maasdam, allégé en matière grasse;Firm cheese, Maasdam-type, reduced fat, from cow's milk;Lácteos
12716;Provolone;Provolone cheese, from cow's milk;Lácteos
12720;Fromage à pâte pressée non cuite, enrobé de cire, non allégé en matière grasse;Firm cheese in wax casing, from cow's milk;Lácteos
12721;Fromage à pâte pressée non cuite, enrobé de cire, allégé en matière grasse;Firm cheese in wax casing, reduced fat, from cow's milk;Lácteos
12722;Cantal entre-deux;Cantal cheese, half matured, from cow's milk;Lácteos
12724;Cantal;Cantal cheese, from cow's milk;Lácteos
12725;Salers;Salers cheese, from cow's milk;Lácteos
12726;Cheddar;Cheddar cheese, from cow's milk;Lácteos
12729;Edam;Edam cheese, from cow's milk;Lácteos
12735;Mimolette jeune (moins de 6 mois d'affinage);Mimolette cheese, young, from cow's milk (cured less than 6 months);Lácteos
12736;Gouda;Gouda cheese, from cow's milk;Lácteos
12737;Mimolette demi-vieille (6 mois d'affinage minimum);Mimolette cheese, half-old, from cow's milk (cured 6 months minimum);Lácteos
12738;Mimolette vieille (12 mois d'affinage minimum);Mimolette cheese, old, from cow's milk (cured 12 months minimum);Lácteos
12740;Mimolette, sans précision;Mimolette cheese, from cow's milk;Lácteos
12741;Fromage à pâte pressée non cuite type maasdam, non allégé en matière grasse;Firm cheese, Maasdam-type, from cow's milk;Lácteos
12742;Mimolette extra-vieille (18 mois d'affinage minimum);Mimolette cheese, extra old, from cow's milk (cured 18 months minimum);Lácteos
12743;Morbier;Morbier cheese, from cow's milk;Lácteos
12747;Fromage de brebis à pâte pressée non cuite des Pyrénées, type tomme ou tome;Pyrénées firm cheese, from ewe's milk;Lácteos
12748;Saint-Nectaire, laitier;Saint-Nectaire cheese, from cow's milk, milk collected in many farms;Lácteos
12749;Raclette (fromage);Raclette cheese, from cow's milk;Lácteos
12751;Saint-Nectaire, fermier;Saint-Nectaire cheese, from cow's milk, milk collected in an unique farm;Lácteos
12752;Saint-Nectaire, sans précision;Saint-Nectaire cheese, from cow's milk;Lácteos
12755;Saint-Paulin (fromage à pâte pressée non cuite demi-ferme);Saint-Paulin, firm cheese, from cow's milk (semi-hard cheese);Lácteos
12758;Tomme ou tome de vache;Tomme cheese, from cow's milk;Lácteos
12760;Tomme ou tome, allégée en matière grasse;Tomme cheese, reduced fat, around 13% fat;Lácteos
12761;Asiago;Asiago cheese, from cow's milk;Lácteos
12762;Fromage de brebis corse à pâte molle;Corsica soft ripened cheese, from ewe's milk;Lácteos
12763;Tome des Bauges;Tomme cheese (PDO) from the French Bauges mountains, from cow's milk;Lácteos
12764;Tête de moine;Tete de Moine cheese (PDO), from cow's milk;Lácteos
12765;Raclette (fromage) fumée;Raclette cheese, from cow's milk, smoked;Lácteos
12766;Raclette (fromage), au poivre;Raclette cheese, from cow's milk, with pepper;Lácteos
12767;Gouda au cumin;Gouda cheese, with cumin seed, from cow's milk;Lácteos
12771;Tomme ou tome de Savoie;Tomme cheese, from cow's milk, from Savoy;Lácteos
12773;Tomme ou tome des Pyrénées;Tomme cheese, from cow's milk, from Pyrénées;Lácteos
12775;Mélange de fromages râpés (ex : spécial gratins, spécial pâtes, spécial pizzas…);Cheese mix, grated, from cow's milk;Lácteos
12776;Raclette de Savoie (fromage);Raclette cheese, from cow's milk, from Savoy;Lácteos
12803;Fromage de chèvre lactique affiné, type palet, crottin ou bûchette;Cheese, lactic, matured, from goat's milk;Lácteos
12805;Fromage de chèvre frais, type palet, crottin ou bûchette;Cheese, fresh, from goat's milk,;Lácteos
12807;Sainte-Maure de Touraine (fromage de chèvre);Cheese, from goat's milk, from raw milk;Lácteos
12810;Fromage de chèvre demi-sec;Cheese, semi-dry, from goat's milk;Lácteos
12812;Fromage de chèvre bûche;Cheese, buche, from goat's milk;Lácteos
12813;Fromage de chèvre bûche, allégé en matière grasse;Cheese, buche, from goat's milk, reduced fat;Lácteos
12814;Fromage de chèvre à pâte molle non pressée non cuite et croûte naturelle;Soft-ripened cheese, from goat's milk;Lácteos
12815;Fromage de chèvre sec;Cheese, dry, from goat's milk;Lácteos
12816;Fromage à pâte pressée demi-cuite;Hard cheese, from cow's milk;Lácteos
12819;Fromage de chèvre à tartiner, nature;Cheese, from goat's milk, spreadable, plain;Lácteos
12820;Fromage de chèvre à pâte molle et croûte fleurie (type camembert, cabécou);Soft-ripened cheese with bloomy rind, from goat's milk, Camembert-type cheese;Lácteos
12824;Fromage de brebis à pâte molle et croûte fleurie;Soft ripened cheese with bloomy rind, from ewe's milk;Lácteos
12828;Fromage de lactosérum de brebis;Cheese, from ewe's whey;Lácteos
12830;Chabichou (fromage de chèvre);Chabichou cheese, from goat's milk;Lácteos
12831;Pélardon (fromage de chèvre);Pélardon cheese, from goat's milk;Lácteos
12832;Crottin de chèvre, au lait cru;Crottin cheese, from goat's milk, from raw milk;Lácteos
12833;Crottin de chèvre, sans précision sur le type de lait - pasteurisé ou cru -;Crottin cheese, from goat's milk;Lácteos
12834;Crottin de Chavignol (fromage de chèvre);Crottin de Chavignol cheese, from goat's milk;Lácteos
12836;Picodon (fromage de chèvre);Picodon cheese, from goat's milk;Lácteos
12839;Pouligny Saint-Pierre (fromage de chèvre);Pouligny Saint-Pierre cheese, from goat's milk;Lácteos
12842;Sainte-Maure (fromage de chèvre);Sainte Maure cheese, from goat's milk;Lácteos
12845;Selles-sur-Cher (fromage de chèvre);Selles-sur-Cher cheese, from goat's milk;Lácteos
12846;Chevrot (fromage de chèvre);Chevrot cheese, from goat's milk;Lácteos
12847;Rocamadour (fromage de chèvre);Rocamadour cheese, from goat's milk;Lácteos
12848;Valençay (fromage de chèvre);Valençay cheese, from goat's milk;Lácteos
12850;Fromage de chèvre à pâte pressée non cuite, type tomme ou tome ou gouda de chèvre;Firm cheese, from goat's milk;Lácteos
12999;Fromage (aliment moyen);Cheese (average);Lácteos
13000;Abricot, dénoyauté, cru;Apricot, pitted, raw;Frutas, verduras, legumbres y frutos secos
13001;Abricot, dénoyauté, sec;Apricot, pitted, dried;Frutas, verduras, legumbres y frutos secos
13002;Ananas, chair sans peau, cru;Pineapple, flesh without skin, raw;Frutas, verduras, legumbres y frutos secos
13004;Avocat, chair sans peau, sans noyau, cru;Avocado, flesh without skin, pitted, raw;Frutas, verduras, legumbres y frutos secos
13005;Banane, chair sans peau, crue;Banana, flesh without skin, raw;Frutas, verduras, legumbres y frutos secos
13007;Cassis, cru;Black currant, raw;Frutas, verduras, legumbres y frutos secos
13008;Ceriser, chair et peau, sans noyau, crue;Cherry, flesh and skin, pitted, raw;Frutas, verduras, legumbres y frutos secos
13009;Citron, chair sans peau, sans pépins, cru;Lemon, flesh without skin, without seeds, raw;Frutas, verduras, legumbres y frutos secos
13010;Coing, cru;Quince, raw;Frutas, verduras, legumbres y frutos secos
13011;Datte, chair et peau, sans noyau, sèche;Date, flesh and skin, pitted, dried;Frutas, verduras, legumbres y frutos secos
13012;Figue, crue;Fig, raw;Frutas, verduras, legumbres y frutos secos
13013;Figue, sèche;Fig, dried;Frutas, verduras, legumbres y frutos secos
13014;Fraise, crue;Strawberry, raw;Frutas, verduras, legumbres y frutos secos
13015;Framboise, crue;Raspberry, raw;Frutas, verduras, legumbres y frutos secos
13016;Fruit de la passion ou maracudja, chair sans peau, avec pépins, cru;Passion fruit, flesh without skin, with seeds, raw;Frutas, verduras, legumbres y frutos secos
13018;Grenade, chair sans peau, avec pépins, crue;Pomegranate, flesh without skin, with seeds, raw;Frutas, verduras, legumbres y frutos secos
13019;Groseille, crue;Red currant, raw;Frutas, verduras, legumbres y frutos secos
13020;Groseille à maquereau, crue;Gooseberry, raw;Frutas, verduras, legumbres y frutos secos
13021;Kiwi, chair sans peau, avec pépins, cru;Kiwi fruit, flesh without skin, with seeds, raw;Frutas, verduras, legumbres y frutos secos
13023;Litchi, chair sans peau, sans noyau, cru;Lithchi, flesh without skin, pitted, flesh without skin, raw;Frutas, verduras, legumbres y frutos secos
13024;Clémentine ou mandarine, chair sans peau, sans pépins, crue;Clementine or Mandarin orange, flesh without skin, without seeds, raw;Frutas, verduras, legumbres y frutos secos
13025;Mangue, chair sans peau, sans noyau, crue;Mango, flesh without skin, pitted, raw;Frutas, verduras, legumbres y frutos secos
13026;Melon cantaloup (par ex.: Charentais), chair sans peau, sans pépins, cru;Melon, cantaloupe (ex Charentais melon), flesh without skin, without seeds, raw;Frutas, verduras, legumbres y frutos secos
13027;Prune mirabelle, sans noyau, crue;Mirabelle plum, pitted, raw;Frutas, verduras, legumbres y frutos secos
13028;Myrtille, crue;Blueberry, raw;Frutas, verduras, legumbres y frutos secos
13029;Mûre (de ronce), crue;Blackberry, raw;Frutas, verduras, legumbres y frutos secos
13032;Olive noire, en saumure, égouttée;Olive, black, in brine;Ayudas culinarias e ingredientes
13033;Olive verte, en saumure, égouttée;Olive, green, in brine;Ayudas culinarias e ingredientes
13034;Orange, chair sans peau, sans pépins, crue;Orange, flesh without skin, without seeds, raw;Frutas, verduras, legumbres y frutos secos
13035;Papaye, chair sans peau, crue;Papaya, flesh without skin, raw;Frutas, verduras, legumbres y frutos secos
13036;Pastèque, chair sans peau, sans pépins, crue;Watermelon, flesh without skin, without seeds, raw;Frutas, verduras, legumbres y frutos secos
13037;Poire, chair et peau, crue;Pear, flesh and skin, raw;Frutas, verduras, legumbres y frutos secos
13038;Compote de pomme, préemballée;Apple compote, prepacked;Frutas, verduras, legumbres y frutos secos
13039;Pomme, chair et peau, crue;Apple, flesh and skin, raw;Frutas, verduras, legumbres y frutos secos
13040;Pomelo (dit Pamplemousse), chair sans peau, sans pépins, cru;Grapefruit, flesh without skin, without seeds, raw;Frutas, verduras, legumbres y frutos secos
13041;Prune Reine-Claude, sans noyau, crue;Greengage plum, pitted, raw;Frutas, verduras, legumbres y frutos secos
13042;Pruneau, sans noyau, sec;Prune, pitted;Frutas, verduras, legumbres y frutos secos
13043;Pêche, chair et peau, sans noyau, crue;Peach, flesh and skin, pitted, raw;Frutas, verduras, legumbres y frutos secos
13044;Raisin blanc, à gros grain (type Italia ou Dattier), cru;Grape, white, raw;Frutas, verduras, legumbres y frutos secos
13045;Raisin noir, cru;Grape, red, raw;Frutas, verduras, legumbres y frutos secos
13046;Raisin sec;Raisin;Frutas, verduras, legumbres y frutos secos
13047;Rhubarbe, tige, crue;Rhubarb, stalk, raw;Frutas, verduras, legumbres y frutos secos
13051;Mélange apéritif de fruits exotiques, sec;Tropical fruit mix, sweetened, for snack, dried;Frutas, verduras, legumbres y frutos secos
13054;Carambole, chair et peau, crue;Carambola, flesh and skin, raw;Frutas, verduras, legumbres y frutos secos
13056;Anone ou chérimole, chair sans peau, crue;Cherimoya, flesh without skin, raw;Frutas, verduras, legumbres y frutos secos
13063;Figue de Barbarie, chair et peau, avec pépins, crue;Prickly pear, flesh and skin, with seeds, raw;Frutas, verduras, legumbres y frutos secos
13066;Kaki, chair et peau, cru;Persimmon, flesh and skin, raw;Frutas, verduras, legumbres y frutos secos
13067;Citron vert ou lime, chair sans peau, sans pépins, cru;Lime, flesh without skin, without seeds, raw;Frutas, verduras, legumbres y frutos secos
13083;Goyave, chair sans peau, crue;Guava, flesh without skin, raw;Frutas, verduras, legumbres y frutos secos
13085;Pomme Canada, chair sans peau, crue;Apple, Canada, flesh without skin, raw;Frutas, verduras, legumbres y frutos secos
13086;Pomme Golden, chair sans peau, crue;Apple, var. Golden, flesh without skin, raw;Frutas, verduras, legumbres y frutos secos
13089;Banane, chair sans peau, sèche;Banana, flesh without skin, dried;Frutas, verduras, legumbres y frutos secos
13100;Prune, sans noyau, crue;Plum, flesh and skin, pitted, raw;Frutas, verduras, legumbres y frutos secos
13101;Raisin Chasselas, cru;Grape, Chasselas, raw;Frutas, verduras, legumbres y frutos secos
13111;Pomme, sèche;Apple, dried;Frutas, verduras, legumbres y frutos secos
13118;Pêche, chair et peau, sans noyau, sèche;Peach, flesh and skin, pitted, dried;Frutas, verduras, legumbres y frutos secos
13121;Pomme Granny Smith, chair sans peau, crue;Apple, var. Granny Smith, flesh without skin, raw;Frutas, verduras, legumbres y frutos secos
13122;Pomme Granny Smith, chair et peau, crue;Apple, var. Granny Smith, flesh and skin,, raw;Frutas, verduras, legumbres y frutos secos
13128;Chayote ou christophine ou chouchou, crue;Chayote, raw;Frutas, verduras, legumbres y frutos secos
13129;Compote, tout type de fruits, allégée en sucres, préemballée, rayon frais;Fruit compote, miscellaneous fruits, reduced sugar, prepacked, refrigerated;Frutas, verduras, legumbres y frutos secos
13131;Olive noire, à l'huile (à la grecque);Olive, black, in oil (Greek olive);Ayudas culinarias e ingredientes
13134;Salade de fruits, crue;Fruit salad, raw;Frutas, verduras, legumbres y frutos secos
13147;Olives vertes, fourrées ou farcies (anchois, poivrons, etc.);Olive, green, stuffed (anchovy, sweet peppers, etc…);Ayudas culinarias e ingredientes
13148;Nectarine ou brugnon, jaune, chair et peau, sans noyau, crue;Nectarine, yellow, flesh and skin, pitted, raw;Frutas, verduras, legumbres y frutos secos
13149;Nectarine ou brugnon, blanche, chair et peau, sans noyau, crue;Nectarine, white, flesh and skin, pitted, raw;Frutas, verduras, legumbres y frutos secos
13151;Compote de pomme, allégée en sucres, rayon ambiant;Apple compote, reduced sugar, prepacked, room temperature;Frutas, verduras, legumbres y frutos secos
13152;Dessert de fruits, tout type de fruits (en taux de sucres : compotes allégées en sucres < desserts de fruits < compotes), préemballé, rayon ambiant;Fruits dessert, all types (sugar content is less than fruits compote but more than fruits compote reduced sugar), prepacked, room temperature;Frutas, verduras, legumbres y frutos secos
13153;"Purée de fruits, tout type de fruits, type ""compote sans sucres ajoutés"", rayon ambiant";Stewed fruits, no added sugars, pulp or mixed fruits), prepacked, room temperature;Frutas, verduras, legumbres y frutos secos
13154;Spécialité de fruits, tout type de fruits, sucrée (mélange chairs et/ou purées de fruits, mais toujours avec autre ingrédient), préemballée, rayon ambiant;Stewed fruits, sweetened (pulp or mixed fruits, with sugar(s), but always with other ingredient), prepacked, room temperature;Frutas, verduras, legumbres y frutos secos
13157;Petit pot fruit avec banane pour bébé;Baby food jar, fruits with banana;Alimentos infantiles
13158;Petit pot fruit sans banane pour bébé;Baby food jar, fruits without banana;Alimentos infantiles
13159;Boisson aux fruits pour bébé dès 4/6mois;Baby fruit-based beverage, from 4/6 months;Alimentos infantiles
13160;Boisson à base de plantes pour bébé;Baby plant-based beverage;Alimentos infantiles
13161;Boisson infantile céréales lactées aux légumes pour dîner dès 4/6 mois;Dairy and cereal-based beverage for baby's dinner, with vegetables, from 4/6 months;Alimentos infantiles
13162;Boisson infantile céréales lactées aux fruits pour le goûter dès 4/6 mois;Dairy and cereal-based beverage for baby's snack, with fruits, from 4/6 months;Alimentos infantiles
13163;Boisson infantile céréales lactées pour le petit déjeuner dès 4/6 mois;Dairy and cereal-based beverage for baby's breakfast, from 4/6 months;Alimentos infantiles
13164;Dessert infantile lacté type crème dessert;Dairy dessert for baby, custard type;Alimentos infantiles
13165;Dessert infantile lacté au riz ou à la semoule;Dairy dessert for baby, with rice or semolina;Alimentos infantiles
13166;Dessert infantile lacté, sucré, nature ou aux fruits;Dairy dessert for baby, with sugar(s), plain or with fruits;Alimentos infantiles
13167;Céréales instantanées, poudre à reconstituer, dès 4/6 mois;Baby instant cereal (powder to be reconstituted), from 4/6 months;Alimentos infantiles
13168;Céréales instantanées, poudre à reconstituer, dès 6 mois;Baby instant cereal (powder to be reconstituted), from 6 months;Alimentos infantiles
13169;Boisson infantile céréales lactées pour le petit déjeuner dès 8/9 mois;Dairy and cereal-based beverage for baby's breakfast, from 8/9 months;Alimentos infantiles
13170;Boisson infantile céréales lactées pour le petit déjeuner dès 12 mois;Dairy and cereal-based beverage for baby's breakfast, from 12 months;Alimentos infantiles
13171;Boisson infantile lactées aux fruits pour le goûter dès 4/6 mois (sans céréales);Dairy beverage for baby's snack from 4/6 months, with fruits (without cereals);Alimentos infantiles
13173;Boisson infantile céréales lactées pour le petit déjeuner;Dairy and cereal-based beverage for baby's breakfast;Alimentos infantiles
13174;Spécialité de fruits, tout type de fruits, sans sucres ajoutés (mélange chairs et/ou purées de fruits, mais toujours avec autre ingrédient), préemballée, rayon ambiant;Stewed fruits, no added sugars (pulp or mixed fruits, but always with other ingredient), prepacked, room temperature;Frutas, verduras, legumbres y frutos secos
13175;Pomme, chair sans peau, rôtie/cuite au four;Apple, flesh without skin, roasted/baked;Frutas, verduras, legumbres y frutos secos
13176;Pomme, chair sans peau, bouillie/cuite à l'eau;Apples, raw, without skin, cooked, boiled/cooked in water;Frutas, verduras, legumbres y frutos secos
13177;Chayote ou christophine ou chouchou, bouillie/cuite à l'eau;Chayote, boiled/cooked in water;Frutas, verduras, legumbres y frutos secos
13178;Canneberge ou cranberry, séchée, sucrée;Cranberry, dried, with sugar(s);Frutas, verduras, legumbres y frutos secos
13182;Boisson infantile céréales lactées (aliment moyen);Dairy and cereal-based beverage for baby (average);Alimentos infantiles
13183;Baie de goji, séchée;Goji berry, dried;Frutas, verduras, legumbres y frutos secos
13184;Olive (aliment moyen);Olive (average);Ayudas culinarias e ingredientes
13185;Compote ou assimilé, tout type de fruits, sans précision sur la teneur en sucres (allégée en sucres ou non, sans sucres ajoutés…) ni sur le rayon (aliment moyen);Fruit compote and similar, any fruit, sugar content unknown (average);Frutas, verduras, legumbres y frutos secos
13186;Olive noire (aliment moyen);Olives, black (average food);Ayudas culinarias e ingredientes
13187;"Purée de pommes, type ""compote sans sucres ajoutés"", rayon ambiant";Stewed fruits, apple, no added sugars, (pulp or mixed fruits), room temperature;Frutas, verduras, legumbres y frutos secos
13188;Poire Conférence, chair sans peau, crue;Pear, var. Conférence, flesh without skin, raw;Frutas, verduras, legumbres y frutos secos
13189;Poire Williams, chair sans peau, crue;Pear, var. Williams, flesh without skin, raw;Frutas, verduras, legumbres y frutos secos
13190;Pomme Chantecler, chair sans peau, crue;Apple, var. Chanteclerc, flesh without skin, raw;Frutas, verduras, legumbres y frutos secos
13191;Pomme Gala, chair sans peau, crue;Apple, var. Gala, flesh without skin, raw;Frutas, verduras, legumbres y frutos secos
13192;Pomme Pink lady, chair sans peau, crue;Apple, var. Pink lady, flesh without skin, raw;Frutas, verduras, legumbres y frutos secos
13193;Pêche blanche, chair et peau, sans noyau, crue;Peach, white-flesh variety, flesh and skin, pitted, raw;Frutas, verduras, legumbres y frutos secos
13194;Pêche blanche, chair sans peau, sans noyau, crue;Peach, white-flesh variety, flesh without skin, pitted, raw;Frutas, verduras, legumbres y frutos secos
13195;Pêche jaune, chair sans peau, sans noyau, crue;Peach, yellow-flesh variety, flesh without skin, pitted, raw;Frutas, verduras, legumbres y frutos secos
13199;Compote, tout type de fruits autres que pomme seule, allégée en sucres, préemballée, rayon ambiant;Fruit compote, miscellaneous fruits other than apple only, reduced sugar, prepacked, room temperature;Frutas, verduras, legumbres y frutos secos
13200;Mangue José, chair sans peau, sans noyau, crue, prélevée à La Réunion (Mangifera indica L.);Mango José, flesh without skin, pitted, raw, sampled in the island La Réunion (Mangifera indica L.);Frutas, verduras, legumbres y frutos secos
13201;Ananas Victoria ou Queen Victoria, chair sans peau, crue, prélevé à La Réunion;Queen Vicoria ananas, flesh, raw, sampled in the island La Réunion;Frutas, verduras, legumbres y frutos secos
13202;Papaye Colombo (fruit mûr), chair sans peau, sans pépins, crue, prélevée à La Réunion (Carica papaya L.);Colombo Papaya (fruit), mature,flesh without skin, without seeds, raw, sampled in the island La Réunion (Carica papaya L.);Frutas, verduras, legumbres y frutos secos
13203;Rhubarbe, tige, cuite;Rhubarb, stalk, cooked;Frutas, verduras, legumbres y frutos secos
13204;Compote de pêche, préemballée;Peach compote, prepacked;Frutas, verduras, legumbres y frutos secos
13205;Compote d'abricot, préemballée;Apricot compote, prepacked;Frutas, verduras, legumbres y frutos secos
13206;Compote de rhubarbe, préemballée;Rhubarb compote, prepacked;Frutas, verduras, legumbres y frutos secos
13207;Dessert de fruits, tout type de fruits (en taux de sucres : compotes allégées en sucres < desserts de fruits < compotes), préemballé, rayon frais;Fruits dessert, all types (sugar content is less than fruits compote but more than fruits compote reduced sugar), prepacked, refrigerated;Frutas, verduras, legumbres y frutos secos
13208;Spécialité de fruits divers, sucrée (mélange chairs et/ou purées de fruits, mais toujours avec autre ingrédient), préemballée, rayon frais;Stewed fruits, sweetened (pulp or mixed fruits, with sugar(s), but always with other ingredient), prepacked, refrigerated;Frutas, verduras, legumbres y frutos secos
13209;Spécialité de fruits, tout type de fruits, sans sucres ajoutés (mélange chairs et/ou purées de fruits, mais toujours avec autre ingrédient), préemballée, rayon frais;Stewed fruits, no added sugars (pulp or mixed fruits, but always with other ingredient), prepacked, refrigerated;Frutas, verduras, legumbres y frutos secos
13210;"Purée de fruits, tout type de fruits, type ""compote sans sucres ajoutés"", préemballée, rayon frais";Stewed fruits, no added sugars (pulp or mixed fruits,), prepacked, refrigerated;Frutas, verduras, legumbres y frutos secos
13211;Compote, autres fruits, préemballée;Other fruit compote, prepacked;Frutas, verduras, legumbres y frutos secos
13212;Compote de pomme, sans précision sur la teneur en sucres ni sur le rayon (aliment moyen);Apple compote, sugar content and temperature unknown, prepacked (average);Frutas, verduras, legumbres y frutos secos
13213;Dessert de fruits, tout type de fruits (en taux de sucres : compotes allégées en sucres < desserts de fruits < compotes), préemballé, sans précision sur le rayon (aliment moyen);Fruits dessert, all types (sugar content is less than fruits compote but more than fruits compote reduced sugar), prepacked (average);Frutas, verduras, legumbres y frutos secos
13214;"Purée de fruits, tout type de fruits, type ""compote sans sucres ajoutés"", sans précision sur le rayon (aliment moyen)";Stewed fruits, no added sugars (pulp or mixed fruits,), prepacked (average);Frutas, verduras, legumbres y frutos secos
13215;Spécialité de fruits, tout type de fruits, (mélange chairs et/ou purées de fruits, mais toujours avec autre ingrédient), sans précision sur la teneur en sucres ni sur le rayon (aliment moyen);Stewed fruits, sugar content unknown (pulp or mixed fruits, w or without sugar, but always with other ingredient), prepacked (average);Frutas, verduras, legumbres y frutos secos
13395;Raisin cru (aliment moyen);Grape, raw (average);Frutas, verduras, legumbres y frutos secos
13396;Pomme, chair sans peau, crue (aliment moyen);Apple, flesh without skin, raw (average);Frutas, verduras, legumbres y frutos secos
13397;Poire, chair, crue (aliment moyen);Pear, flesh without skin, raw (average);Frutas, verduras, legumbres y frutos secos
13398;Pêche, chair sans peau, sans noyau, crue (aliment moyen);Peach, flesh without skin, pitted, raw (average);Frutas, verduras, legumbres y frutos secos
13399;Nectarine ou brugnon, chair et peau, sans noyau, crue (aliment moyen);Nectarine, flesh and skin, pitted, raw (average);Frutas, verduras, legumbres y frutos secos
13417;Jus de mandarine commune, pur jus filtré, prélevée à la Martinique;Common mandarin juice, pure juice, filtered, sampled in the island of La Martinique;Frutas, verduras, legumbres y frutos secos
13418;Jus de mandarine macaque, pur jus filtré, prélevée à la Martinique;Macaque mandarin, pure juice, filtered, sampled in the island of La Martinique;Frutas, verduras, legumbres y frutos secos
13421;"Jus de prune de cythère verte ""géante"" (variété locale), fruit mûr, pur jus filtré, prélevée à la Martinique";Prune de cythère or pomme cythere or golden apple (local variety), giant, mature, pure juice, filtered, sampled in the island of La Martinique;Frutas, verduras, legumbres y frutos secos
13422;"Jus de prune de cythère verte ""géante"" (variété locale), fruit vert, pur jus filtré, prélevée à la Martinique";Prune de cythère or pomme cythere or golden apple (local variety), giant, green or immature, pure juice, filtered, from La Martinique;Frutas, verduras, legumbres y frutos secos
13423;"Jus de prune de cythère verte ""naine"" (variété hybride), fruit mûr, pur jus filtré, prélevée à la Martinique";Prune de cythère or pomme cythere or golden apple (hybrid variety), dwarf, mature, pure juice, filtered, from La Martinique;Frutas, verduras, legumbres y frutos secos
13424;"Jus de prune de cythère verte ""naine"" (variété hybride), fruit vert, pur jus filtré, prélevée à la Martinique";Prune de cythère or pomme cythere or golden apple (hybrid variety), dwarf, green or immature, pure juice, filtered, from La Martinique;Frutas, verduras, legumbres y frutos secos
13564;Nèfle du Japon, chair et peau, sans noyau, crue;Loquat, flesh and skin, pitted, raw;Frutas, verduras, legumbres y frutos secos
13583;Prune violette, sans noyau, crue;Black plum, pitted, raw;Frutas, verduras, legumbres y frutos secos
13614;Pamplemousse chinois, chair sans peau, sans pépins, cru;Pummelo, flesh without skin, without seeds, raw;Frutas, verduras, legumbres y frutos secos
13620;Pomme Golden, chair et peau, crue;Apple, var. Golden, flesh and skin,, raw;Frutas, verduras, legumbres y frutos secos
13621;Raisin noir Muscat, cru;Grape, red, Muscat, raw;Frutas, verduras, legumbres y frutos secos
13623;Abricot, dénoyauté, sec, moelleux (réhydraté à 35-45%);Apricot, pitted, dried, rehydrated to 35-45% water;Frutas, verduras, legumbres y frutos secos
13704;Abricot au sirop (sans précision sur léger ou classique), appertisé, égoutté (aliment moyen);Apricot, canned in syrup (sugar content unknown), drained (average);Frutas, verduras, legumbres y frutos secos
13705;Macédoine ou cocktail ou salade de fruits, au sirop (sans précision sur léger ou classique), appertisé, égouttée (aliment moyen);Fruit cocktail or salad, canned in syrup (sugar content unknown), drained (average);Frutas, verduras, legumbres y frutos secos
13706;Macédoine ou cocktail ou salade de fruits, au sirop, appertisé, égoutté;Fruit cocktail or salad, canned in syrup, drained;Frutas, verduras, legumbres y frutos secos
13707;Macédoine ou cocktail ou salade de fruits, au sirop, appertisé, non égoutté;Fruit cocktail or salad, canned in syrup, solids and liquids;Frutas, verduras, legumbres y frutos secos
13708;Macédoine ou cocktail ou salade de fruits, au sirop léger, appertisé, égoutté;Fruit cocktail or salad, canned in light syrup, drained;Frutas, verduras, legumbres y frutos secos
13709;Macédoine ou cocktail ou salade de fruits, au sirop léger, appertisé, non égoutté;Fruit cocktail or salad, canned in light syrup, solids and liquids;Frutas, verduras, legumbres y frutos secos
13712;Abricot au sirop léger, appertisé, égoutté;Apricot, canned in light syrup, drained;Frutas, verduras, legumbres y frutos secos
13713;Abricot au sirop léger, appertisé, non égoutté;Apricot, canned in light syrup, solids and liquids;Frutas, verduras, legumbres y frutos secos
13714;Abricot au sirop, appertisé, égoutté;Apricot, in syrup, canned, drained;Frutas, verduras, legumbres y frutos secos
13715;Abricot au sirop, appertisé, non égoutté;Apricot, in syrup, canned, solids and liquids;Frutas, verduras, legumbres y frutos secos
13716;Ananas au jus d'ananas, appertisé, égoutté;Pineapple, in pineapple juice, canned, drained;Frutas, verduras, legumbres y frutos secos
13717;Ananas au jus d'ananas, appertisé, non égoutté;Pineapple, in pineapple juice, canned, solids and liquids;Frutas, verduras, legumbres y frutos secos
13718;Ananas au sirop léger, appertisé, égoutté;Pineapple, in light syrup, canned, drained;Frutas, verduras, legumbres y frutos secos
13719;Ananas au sirop léger, appertisé, non égoutté;Pineapple, in light syrup, canned, solids and liquids;Frutas, verduras, legumbres y frutos secos
13724;Litchi, chair sans peau, sans noyau, au sirop léger, appertisé, égoutté;Litchi, flesh without skin, pitted, in light syrup, canned, drained;Frutas, verduras, legumbres y frutos secos
13730;Pêche, sans noyau, au sirop léger, appertisée, égouttée;Peach, pitted, canned in light syrup, drained;Frutas, verduras, legumbres y frutos secos
13731;Pêche, sans noyau, au sirop léger, appertisée, non égouttée;Peach, pitted, canned in light syrup, solids and liquids;Frutas, verduras, legumbres y frutos secos
13734;Poire au sirop léger, appertisée, égouttée;Pear, canned in light syrup, drained;Frutas, verduras, legumbres y frutos secos
13735;Poire au sirop léger, appertisée, non égouttée;Pear, canned in light syrup, solids and liquids;Frutas, verduras, legumbres y frutos secos
13742;Melon miel ou melon honeydew, chair sans peau, sans pépins, cru;Melon, honeydew, flesh without skin, without seeds, raw;Frutas, verduras, legumbres y frutos secos
13996;Fruit séché (aliment moyen);Fruit, dried (average);Frutas, verduras, legumbres y frutos secos
13998;Coulis de fruits rouges (framboises, fraises, groseilles, cassis);Red fruit sauce;Ayudas culinarias e ingredientes
13999;Fruit cru (aliment moyen);Fruit, raw (average);Frutas, verduras, legumbres y frutos secos
14000;Chevreuil, viande rôtie/cuite au four;Venison, roebuck, roasted/baked;Carnes, huevos y pescados
14002;Sanglier, viande crue;Wild boar, raw;Carnes, huevos y pescados
14003;Sanglier, viande rôtie/cuite au four;Wild boar, roasted/baked;Carnes, huevos y pescados
14004;Lièvre, viande crue;Hare, meat, raw;Carnes, huevos y pescados
14005;Chevreuil, viande crue;Venison, roebuck, raw;Carnes, huevos y pescados
14006;Cerf, viande crue;Venison, hart, raw;Carnes, huevos y pescados
14007;Cerf, viande rôtie/cuite au four;Venison, hart, roasted/baked;Carnes, huevos y pescados
14008;Gibier à poil, cuit (aliment moyen);Game, cooked (average);Carnes, huevos y pescados
15000;Amande, avec peau, sans sel ajouté;Almond, with peel, no added salt;Frutas, verduras, legumbres y frutos secos
15001;Cacahuète, sans sel ajouté;Peanut, no added salt;Frutas, verduras, legumbres y frutos secos
15002;Cacahuète, grillée, salée;Peanut, grilled, salted;Frutas, verduras, legumbres y frutos secos
15004;Noisette, sans sel ajouté;Hazelnut, no added salt;Frutas, verduras, legumbres y frutos secos
15005;Noix, cerneau, séchée;Walnut, kernel, dried;Frutas, verduras, legumbres y frutos secos
15006;Noix de coco, chair, fraîche;Coconut, pulp, fresh;Frutas, verduras, legumbres y frutos secos
15007;Noix de coco, chair, sèche;Coconut, pulp, dried;Frutas, verduras, legumbres y frutos secos
15008;Noix du Brésil ou noix d'Amazonie, sans sel ajouté;Brazil nut, no added salt;Frutas, verduras, legumbres y frutos secos
15009;Pistache, grillée, salée;Pistachio nut, grilled, salted;Frutas, verduras, legumbres y frutos secos
15010;Sésame, graine;Sesame seed;Frutas, verduras, legumbres y frutos secos
15011;Tournesol, graine;Sunflower, seed;Frutas, verduras, legumbres y frutos secos
15013;Crème de marron ou confiture de châtaigne, préemballée;Chestnut cream, prepacked;Dulces y azúcares
15014;Noix de coco, amande immature, fraîche;Coconut, immature kernel, fresh;Frutas, verduras, legumbres y frutos secos
15017;Mélange apéritif de graines salées et fruits séchés;Mix of salted nuts and dried fruit;Frutas, verduras, legumbres y frutos secos
15018;Mélange apéritif de graines salées et raisins secs;Mix of salted nuts and raisins;Frutas, verduras, legumbres y frutos secos
15019;Noix de cajou, grillée, salée;Cashew nut, grilled, salted;Frutas, verduras, legumbres y frutos secos
15020;Châtaigne, bouillie/cuite à l'eau;Chestnut, boiled/cooked in water;Frutas, verduras, legumbres y frutos secos
15021;Châtaigne, grillée;Chestnut, grilled;Frutas, verduras, legumbres y frutos secos
15024;Châtaigne, crue;Chestnut, raw;Frutas, verduras, legumbres y frutos secos
15025;Pignon de pin;Pine nut;Frutas, verduras, legumbres y frutos secos
15026;Noix de pécan, sans sel ajouté;Pecan nut, no added salt;Frutas, verduras, legumbres y frutos secos
15027;Noix de macadamia, sans sel ajouté;Macadamia nut, no added salt;Frutas, verduras, legumbres y frutos secos
15029;Graine germée de luzerne, crue;Alfalfa seeds, sprouted;Frutas, verduras, legumbres y frutos secos
15032;Luzerne, graine;Alfalfa, seeds;Frutas, verduras, legumbres y frutos secos
15033;Noisette grillée, sans sel ajouté;Hazelnut, grilled, no added salt;Frutas, verduras, legumbres y frutos secos
15034;Lin, graine;Flaxseed, seed;Frutas, verduras, legumbres y frutos secos
15035;Sésame, graine décortiquée;Sesame seed, husked;Frutas, verduras, legumbres y frutos secos
15037;Cacahuète, grillée à sec, salée;Peanut, dry-grilled, salted;Frutas, verduras, legumbres y frutos secos
15038;Sésame, grillé, graine décortiquée;Sesame seed, grilled, husked;Frutas, verduras, legumbres y frutos secos
15039;Châtaigne ou marron, appertisé;Chestnut, canned;Frutas, verduras, legumbres y frutos secos
15041;Amande, émondée, sans sel ajouté;Almond, peeled, no added salt;Frutas, verduras, legumbres y frutos secos
15042;Amande, grillée, salée;Almond, grilled, salted;Frutas, verduras, legumbres y frutos secos
15043;Noix de macadamia, grillée, salée;Macadamia nut, grilled, salted;Frutas, verduras, legumbres y frutos secos
15044;Pistache, grillée, sans sel ajouté;Pistachio nut, grilled, no added salt;Frutas, verduras, legumbres y frutos secos
15045;Tournesol, graine, grillé, salé;Sunflower seed, grilled, salted;Frutas, verduras, legumbres y frutos secos
15046;Noix de pécan, salées;Pecan nut, salted;Frutas, verduras, legumbres y frutos secos
15047;Chia, graine, séchée;Chia, seed, dried;Frutas, verduras, legumbres y frutos secos
15048;Mélange apéritif de graines et fruits séchés, sans sel ajouté;Mix of nuts and dried fruit, no added salt;Frutas, verduras, legumbres y frutos secos
15049;Mélange apéritif de graines et raisins secs, sans sel ajouté;Mix of nuts and raisins, no added salt;Frutas, verduras, legumbres y frutos secos
15050;Noisette grillée, salée;Hazelnut, grilled, salted;Frutas, verduras, legumbres y frutos secos
15052;Lin, brun, graine;Flaxseed, brown, seed;Frutas, verduras, legumbres y frutos secos
15053;Cacahuète, grillée, sans sel ajouté;Peanut, grilled, no added salt;Frutas, verduras, legumbres y frutos secos
15054;Noix de cajou, grillée, sans sel ajouté;Cashew nut, grilled, no added salt;Frutas, verduras, legumbres y frutos secos
15055;Noix de cajou, grillée à sec, sans sel ajouté;Cashew nut, dry-grilled, no added salt;Frutas, verduras, legumbres y frutos secos
15057;Cacahuète, grillée, aromatisée;Peanut, grilled, flavoured;Frutas, verduras, legumbres y frutos secos
15058;Cacahuète caramélisée ou chouchou;Candied peanut;Dulces y azúcares
15059;Mélange apéritif de graines grillées, salées;Mix of nuts, grilled, salted;Frutas, verduras, legumbres y frutos secos
15062;Amande, grillée, salée, goût fumé;Almond, grilled, salted, smoked;Frutas, verduras, legumbres y frutos secos
15063;Chanvre ou chènevis, graine décortiquée;Hemp, seed, hulled;Frutas, verduras, legumbres y frutos secos
15064;Courge, graine, séchée;Pumpkin and squash, seed, dried;Frutas, verduras, legumbres y frutos secos
15065;Fruits à coques et cacahuète, salé (aliment moyen);Seeds and peanuts, dried, salted (average);Frutas, verduras, legumbres y frutos secos
15066;Fruits à coques et cacahuète, sans sel ajouté (aliment moyen);Seeds and peanuts, dried, unsalted (average);Frutas, verduras, legumbres y frutos secos
15201;Pâte d'amande, préemballée;Marzipan or almond paste, prepacked;Dulces y azúcares
15202;Beurre de cacahuète ou pâte d'arachide;Peanut butter or peanut paste;Frutas, verduras, legumbres y frutos secos
15203;Tahin ou purée de sésame;Tahini (sesame paste);Frutas, verduras, legumbres y frutos secos
16030;Huile ou beurre de cacao;Cocoa butter;Grasas y aceites
16040;Huile ou graisse de coco, sans précision;Coconut fat or oil;Grasas y aceites
16050;Huile ou graisse de coco, vierge;Coconut fat or oil, virgin;Grasas y aceites
16060;Huile ou graisse de coco (coprah), raffinée;Coconut fat or oil, refined;Grasas y aceites
16080;Matière grasse ou graisse végétale solide (type margarine) pour friture ou graisse à frire;Solid vegetal fat (margarine type), for frying;Grasas y aceites
16110;Huile ou beurre de karité;Shea butter or shea oil;Grasas y aceites
16128;Huile pour friture, sans précision;Frying oil;Grasas y aceites
16150;Huile de palme, raffinée;Palm oil, refined;Grasas y aceites
16200;Huile ou graisse de palmiste, sans précision;Palm kernel fat;Grasas y aceites
16400;Beurre à 80% MG minimum, doux;Butter, 80% fat minimum, unsalted;Grasas y aceites
16401;Huile de beurre ou beurre concentré;Butter oil or concentrated butter;Grasas y aceites
16402;Beurre à 80% MG, demi-sel;Butter, 80% fat minimum, half-salted;Grasas y aceites
16403;Beurre à 80% MG, salé;Butter, 80% fat minimum, salted;Grasas y aceites
16404;Beurre à 80% MG minimum, doux, tendre;Butter, 82% fa minimumt, unsalted, easy-to-spread;Grasas y aceites
16410;Beurre à 60-62% MG, à teneur réduite en matière grasse, doux;Butter, 60-62% fat, light, unsalted;Grasas y aceites
16411;Beurre à 60-62% MG, à teneur réduite en matière grasse, demi-sel;Butter, 60-62% fat, light, half-salted;Grasas y aceites
16412;Beurre ou assimilé allégé (léger ou à teneur réduite en matière grasse), doux (aliment moyen);Butter spread, reduced fat, unsalted (average);Grasas y aceites
16413;Beurre sans précision sur la teneur en matière grasse (allégé ou non), demi-sel (aliment moyen);Butter, unknown fat content, half-salted (average);Grasas y aceites
16414;Beurre ou assimilé sans précision sur la teneur en matière grasse, doux (aliment moyen);Butter, unknown fat content, unsalted (average);Grasas y aceites
16415;Beurre à 39-41% MG, léger, doux;Butter, light, 39-41% fat, unsalted;Grasas y aceites
16416;Beurre à 39-41% MG, léger, demi-sel;Butter, light, 39-41% fat, half-salted;Grasas y aceites
16520;Saindoux;Lard or pork fat;Grasas y aceites
16530;Lard gras, cru;Pork fat, raw;Grasas y aceites
16540;Graisse de poulet;Chicken fat;Grasas y aceites
16550;Graisse de canard;Duck fat;Grasas y aceites
16560;Graisse d'oie;Goose fat;Grasas y aceites
16570;Graisse de dinde;Turkey fat;Grasas y aceites
16589;Matière grasse tartinable à teneur en MG > 62%, doux, riche en oméga 3;Spreadable fat > 62% fat, unsalted, rich in omega 3;Grasas y aceites
16590;Matière grasse tartinable à teneur en MG > 62%, doux, standard;Spreadable fat > 62% fat, unsalted, standard;Grasas y aceites
16591;Matière grasse tartinable à teneur en MG > 41% et <= 62%, doux, standard;Spreadable fat > 41% fat and <= 62% fat, unsalted, standard;Grasas y aceites
16592;Matière grasse tartinable à teneur en MG <= 41%, doux, standard;Spreadable fat <= 41% fat, unsalted, standard;Grasas y aceites
16593;Matière grasse tartinable à teneur en MG > 62%, demi-sel, standard;Spreadable fat > 62% fat, half-salted;Grasas y aceites
16594;Matière grasse tartinable à teneur en MG > 41% et <= 62%, demi-sel, standard;Spreadable fat > 41% fat and <= 62% fat, half-salted;Grasas y aceites
16595;Matière grasse tartinable à teneur en MG > 41% et <= 62%, doux, aux stérols végétaux;Spreadable fat > 41% fat and <= 62% fat, unsalted, with plant sterols;Grasas y aceites
16596;Matière grasse tartinable à teneur en MG > 41% et <= 62%, doux, riche en oméga 3;Spreadable fat > 41% fat and <= 62% fat, unsalted, rich in omega 3;Grasas y aceites
16597;Matière grasse tartinable à teneur en MG > 41% et <= 62%, demi-sel, riche en oméga 3;Spreadable fat > 41% fat and <= 62% fat, half-salted, rich in omega 3;Grasas y aceites
16598;Matière grasse tartinable à teneur en MG <= 41%, demi-sel, aux stérols végétaux;Spreadable fat <= 41% fat, half-salted, with plant sterols;Grasas y aceites
16599;Matière grasse tartinable à teneur en MG <= 41%, doux, riche en oméga 3;Spreadable fat <= 41% fat, unsalted, rich in omega 3;Grasas y aceites
16600;Matière grasse tartinable à teneur en MG <= 41%, demi-sel, standard;Spreadable fat <= 41% fat, half-salted, standard;Grasas y aceites
16601;Matière grasse tartinable, sans précision sur la teneur en matière grasse, doux, standard (aliment moyen);Spreadable fat, fat % unknown, unsalted (average);Grasas y aceites
16602;Matière grasse tartinable, sans précision sur la teneur en matière grasse, demi-sel, standard (aliment moyen);Spreadable fat, fat % unknown, half-salted (average);Grasas y aceites
16603;Matière grasse tartinable, sans précision sur la teneur en matière grasse, doux, riche en oméga 3 (aliment moyen);Spreadable fat, fat % unknown, unsalted, rich in omega 3 (average);Grasas y aceites
16713;"Matière grasse laitière à 15-25% MG, légère, ""à tartiner"", doux, enrichie en vitamine(s)";Spreadable dairy fat 15-25% fat, light, spreadable, unsalted, fortified with vitamin(s);Grasas y aceites
17001;Huile végétale (aliment moyen);Vegetable oil (average);Grasas y aceites
17020;Huile de noyaux d'abricot;Apricot kernel oil;Grasas y aceites
17030;Huile d'amande;Almond oil;Grasas y aceites
17040;Huile d'arachide;Peanut oil;Grasas y aceites
17100;Huile d'avocat;Avocado oil;Grasas y aceites
17110;Huile de germe de blé;Wheat germ oil;Grasas y aceites
17130;Huile de colza;Rapeseed oil;Grasas y aceites
17170;Huile de coton;Cottonseed oil;Grasas y aceites
17180;Huile de lin;Linseed oil;Grasas y aceites
17190;Huile de maïs;Maize/corn oil;Grasas y aceites
17210;Huile de noisette;Hazelnut oil;Grasas y aceites
17220;Huile de noix;Walnut oil;Grasas y aceites
17270;Huile d'olive vierge extra;Olive oil, extra virgin;Grasas y aceites
17325;Huile de pavot;Poppyseed oil;Grasas y aceites
17350;Huile de pépins de raisin;Grapeseed oil;Grasas y aceites
17390;Huile de son de riz;Rice bran oil;Grasas y aceites
17400;Huile de sésame;Sesame oil;Grasas y aceites
17420;Huile de soja;Soy oil;Grasas y aceites
17440;Huile de tournesol;Sunflower oil;Grasas y aceites
17630;Huile de foie de morue;Cod liver oil;Grasas y aceites
17640;Huile de sardine;Sardine oil;Grasas y aceites
17645;Huile de saumon;Salmon oil;Grasas y aceites
17650;Huile de hareng;Herring oil;Grasas y aceites
17700;Huile combinée (mélange d'huiles);Combined oil (blended vegetable oils);Grasas y aceites
17701;Huile combinée, mélange d'huile d'olive et de graines;Combined oil (mix of olive oil and seeds oil);Grasas y aceites
17850;Huile de chanvre;Hemp oil;Grasas y aceites
17900;Huile d'argan ou d'argane;Argan oil;Grasas y aceites
18001;Boisson gazeuse aromatisée, sans fruit, sans sucres ajoutés, avec édulcorants;Carbonated beverage or soft drink, without fruit , no added sugars and with sweetener(s);Bebidas
18003;Café, moulu;Coffee, ground;Bebidas
18004;Café, non instantané, sans sucres ajoutés, prêt à boire;Coffee, non instant no added sugars, ready-to-drink;Bebidas
18005;Café, poudre soluble;Coffee, powder, instant;Bebidas
18007;Cocktail ou boisson apéritive sans alcool à base de jus de fruits sans sirop;Cocktail, alcohol-free (juices based cocktail without syrup);Bebidas
18009;Eau minérale, embouteillée, faiblement minéralisée (aliment moyen);Mineral sparkling water, bottled, lightly mineralized (average);Bebidas
18010;Limonade, sucrée;Lemonade, with sugar(s);Bebidas
18011;Eau de coco;Coconut water;Bebidas
18012;Boisson à l'eau minérale ou de source, aromatisée, sucrée;Bottled water, flavoured, with sugar(s);Bebidas
18013;Tonic ou bitter, sans sucres ajoutés, avec édulcorants;Tonic drink, no added sugars, with sweetener(s);Bebidas
18014;Tonic ou bitter, sucré, avec édulcorants;Tonic drink, with sugar(s) and sweetener(s);Bebidas
18015;Boisson au thé, aromatisée, sucrée, avec édulcorants;Still soft drink with tea extract, with sugar(s) and sweetener(s);Bebidas
18016;Limonade, sucrée, avec édulcorants;Lemonade, with sugar(s) and with sweetener(s);Bebidas
18017;Sirop à diluer, sucré;Syrup, to be diluted, with sugar(s);Bebidas
18018;Cola, sucré;Cola, with sugar(s);Bebidas
18019;Boisson gazeuse aux fruits (teneur en fruits >= 10% et < 50%), sucrée;Carbonated beverage or fruit soft drink , fruit content >= 10% and < 50%, with sugar(s);Bebidas
18020;Thé infusé, sans sucres ajoutés;Tea, brewed, no added sugars;Bebidas
18021;Boisson plate aux fruits (teneur en fruits < 10%), sans sucres ajoutés, avec édulcorants;Still soft drink, fruit content <10%, no added sugars and with sweetener(s);Bebidas
18022;Tisane infusée ou infusion, sans sucres ajoutés;Infusion, brewed, no added sugars;Bebidas
18023;Boisson plate aux fruits (teneur en fruits < 10%), sucrée;Still soft drink, fruit content <10%, with sugar(s);Bebidas
18024;Boisson plate aux fruits (teneur en fruits >= 10% et < 50%), sucrée, avec édulcorants;Still soft drink, fruit content >= 10% and < 50%, with sugar(s) and with sweetener(s);Bebidas
18025;Kombucha, préemballé;Kombucha, prepacked;Bebidas
18026;Boisson gazeuse aromatisée, sans fruit, sucrée;Carbonated beverage or soft drink, without fruit, with sugar(s);Bebidas
18028;Boisson à l'eau minérale ou de source, aromatisée, sans sucres ajoutés, sans édulcorants;Bottled water, flavoured, no added sugars and no sweetener(s);Bebidas
18029;Boisson rafraîchissante sans alcool (aliment moyen);Non-alcoholic beverage (average);Bebidas
18030;Boisson à l'eau minérale ou de source, aromatisée, sans sucres ajoutés, avec édulcorants;Bottled water, flavoured, no added sugars and with sweetener(s);Bebidas
18033;Boisson gazeuse aux fruits (teneur en fruits < 10%), sucrée, avec édulcorants;Carbonated beverage or fruit soft drink, fruit content < 10% , with sugar(s) and with sweetener(s);Bebidas
18034;Boisson gazeuse aux fruits (teneur en fruits >= 10% et < 50%), sucrée, avec édulcorants;Carbonated beverage or fruit soft drink, fruit content >= 10% and < 50%, with sugar(s) and with sweetener(s);Bebidas
18035;Limonade, sans sucres ajoutés, avec édulcorants;Lemonade, no added sugars, with sweetener(s);Bebidas
18037;Cola, sucré, avec édulcorants;Cola, with sugar(s) and with sweetener(s);Bebidas
18039;Diabolo (limonade et sirop), sucré;Lemonade with syrupwith sugar(s);Bebidas
18041;Lait de coco;Coconut milk;Ayudas culinarias e ingredientes
18044;Eau minérale (aliment moyen);Water, mineral (average);Bebidas
18045;Eau minérale, embouteilée, plate (aliment moyen);Mineral still water, bottled (average);Bebidas
18046;Eau minérale, embouteilée, gazeuse (aliment moyen);Mineral sparkling water, bottled (average);Bebidas
18048;Boisson gazeuse aux fruits (teneur en jus non spécifiée), sucrée (aliment moyen);Carbonated beverage or fruit soft drink (fruit juice content unknown), with sugar(s) (average);Bebidas
18049;Boisson gazeuse aux fruits (teneur en fruits < 10%), sucrée;Carbonated beverage or fruit soft drink, fruit content < 10% , with sugar(s);Bebidas
18050;Boisson gazeuse aux fruits (teneur en fruits < 10%), à teneur réduite en sucres;Carbonated beverage or fruit soft drink, fruit content <10%, reduced sugar;Bebidas
18051;Boisson gazeuse aux fruits (teneur en fruits >= 10% et < 50%), sans sucres ajoutés, avec édulcorants;Carbonated beverage or fruit soft drink, fruit content >= 10% and < 50%, no added sugars and with sweetener(s);Bebidas
18057;"Boisson préparée à partir de boisson concentrée à diluer type menthe, fraise, etc, sans sucres ajoutés, avec édulcorants, type ""sirop 0%"", diluée dans l'eau";Preparation for beverage diluted in water (eg. mint, strawberry etc.), no added sugars, with sweetener(s), type syrup 0%;Bebidas
18058;Boisson préparée à partir de sirop à diluer type menthe, fraise, etc, sucré, dilué dans l'eau;Syrup (eg. Mint, strawberry etc.), with sugar(s), diluted in water;Bebidas
18059;"Boisson concentrée à diluer, sans sucres ajoutés, avec édulcorants, type ""sirop 0%""";"Concentrate beverage (to be diluted), no added sugars and with sweeteners, ""syrup 0%"" type";Bebidas
18060;Cola, sans sucres ajoutés, avec édulcorants;Cola, without added sugars and with sweetener(s);Bebidas
18062;Boisson au thé, aromatisée, sans précision sur la teneur en sucres et édulcorants (aliment moyen);Still soft drink with tea extract, sugar and sweetener contents unknown (average);Bebidas
18063;Cola, sans précision sur la teneur en sucres et édulcorants (aliment moyen);Cola, sugar(s) and sweetener(s) content unknown (average);Bebidas
18064;Boisson au thé, aromatisée, à teneur réduite en sucres;Still soft drink with tea extract, flavoured, reduced sugar;Bebidas
18065;Boisson au thé, aromatisée, sans sucres ajoutés, avec édulcorants;Still soft drink with tea extract, flavoured, no added sugars and with sweetener(s);Bebidas
18066;Eau du robinet;Water, municipal;Bebidas
18067;Cola, sucré, sans caféine;Cola, with sugar(s) and without caffeine;Bebidas
18068;Cola, sans sucres ajoutés, avec édulcorants, sans caféine;Cola, without added sugars, with sweetener(s) and no caffeine;Bebidas
18069;Café, décaféiné, poudre soluble;Decaffeinated coffee, powder, instant;Bebidas
18070;Café décaféiné, non instantané, sans sucres ajoutés, prêt à boire;Decaffeinated non instant coffee, no added sugars, ready-to-drink;Bebidas
18071;Café expresso, non instantané, sans sucres ajoutés, prêt à boire;Espresso coffee non instant coffee, no added sugars, ready-to-drink;Bebidas
18072;Café décaféiné, instantané, sans sucres ajoutés, prêt à boire;Decaffeinated instant coffee, no added sugars, ready-to-drink;Bebidas
18073;Café, instantané, sans sucres ajoutés, prêt à boire;Instant coffee, no added sugars, ready-to-drink;Bebidas
18075;Boisson au thé, aromatisée, sucrée;Still soft drink with tea extract, flavoured, with sugar(s);Bebidas
18076;Thé, feuille;Tea leaf;Bebidas
18078;Boisson gazeuse aromatisée, sans fruit, sucrée, avec édulcorants;Carbonated beverage or soft drink, without fruit, with sugar(s) and with sweetener(s);Bebidas
18100;Cacao, sans sucres ajoutés, poudre soluble;Cocoa powder, no added sugars, powder, instant;Bebidas
18101;Poudre cacaotée ou au chocolat pour boisson, sucrée;Cocoa or chocolate powder, for beverages, with sugar(s);Bebidas
18104;Chocolat chaud, boisson instantanée, sucrée, prête à boire (reconstituée avec du lait demi-écrémé);Instant cocoa or chocolate beverage, with sugar(s), ready-to-drink (reconstituted with standard semi-skimmed milk);Bebidas
18106;Chocolat chaud, boisson instantanée, sucrée, enrichie en vitamines, prête à boire (reconstituée avec du lait demi-écrémé);Instant cocoa or chocolate beverage, with sugar(s), fortified with vitamins, ready-to-drink (reconstituted with semi-skimmed milk);Bebidas
18107;Boisson à l'amande, nature, sans sucres ajoutés, non enrichie, préemballée;Almond drink, plain, no added sugars, not fortified, prepacked;Bebidas
18110;Boisson à l'amande, sucrée, enrichie en calcium, préemballée;Almond drink, with sugar(s), fortified with calcium, prepacked;Bebidas
18111;Boisson à l'amande, préemballée (aliment moyen);Almond drink, prepacked (average);Bebidas
18112;Boisson végétale, préemballée (aliment moyen);Plant-based drink, prepacked (average);Bebidas
18113;Boisson au soja, préemballée (aliment moyen);Soy drink, prepacked (average);Bebidas
18150;Chicorée et café, poudre soluble;Mix of chicory and coffee, powder, instant;Bebidas
18151;Café au lait, café crème ou cappuccino, instantané ou non, sans sucres ajoutés, prêt à boire;Coffee with milk or white coffee or cappuccino, instant or non instant coffee, no added sugars, ready-to-drink;Bebidas
18152;Chicorée, poudre soluble;Chicory, powder, instant;Bebidas
18153;Chicorée et café, instantané, sans sucres ajoutés, prête à boire (reconstituée avec du lait demi-écrémé);Mix of chicory and coffee, instant, no added sugars, ready-to-drink (reconstituted with standard semi-skimmed milk);Bebidas
18154;Thé noir, infusé, sans sucres ajoutés;Black tea, brewed, no added sugars;Bebidas
18155;Thé vert, infusé, sans sucres ajoutés;Green tea, brewed, no added sugars;Bebidas
18160;Café au lait ou cappuccino, poudre soluble;Coffee with milk or cappuccino, powder, instant;Bebidas
18161;Chicorée, instantanée, sans sucres ajoutés, prête à boire (reconstituée avec du lait demi-écrémé);Instant chicory, no added sugars, ready-to-drink (reconstituted with standard semi-skimmed milk);Bebidas
18162;Chicorée et café, instantané, sans sucres ajoutés, prête à boire (reconstituée avec de l'eau);Mix of chicory and coffee, instant, no added sugars, ready-to-drink (reconstituted with water);Bebidas
18163;Café au lait ou cappuccino au chocolat, poudre soluble;Coffee with milk or cappuccino with chocolate, powder, instant;Bebidas
18167;Poudre cacaotée ou au chocolat pour boisson, sucrée, enrichie en vitamines et minéraux;Cocoa or chocolate powder, for beverages, with sugar(s), fortified with vitamins and minerals;Bebidas
18168;Poudre cacaotée ou au chocolat pour boisson, sucrée, enrichie en vitamines;Cocoa or chocolate powder, for beverages, with sugar(s), fortified with vitamins;Bebidas
18220;Spécialité à diluer au citron pour boissons ou usages culinaires, sans sucres ajoutés;Lemon speciality to be diluted, for beverages or culinary use, no added sugars;Bebidas
18294;Boisson plate aux fruits (teneur en fruits < 10%), sucrée, rayon frais, enrichie en vitamine(s);Still soft drink, fruit content <10%, with sugar(s), refrigerated fortified with vitamin(s);Bebidas
18295;Boisson plate aux fruits (teneur en fruits >= 10% et < 50%), sucrée, enrichie en vitamine(s);Still soft drink, fruit content >= 10% and < 50%, with sugar(s), fortified with vitamin(s);Bebidas
18296;Boisson aux fruits avec de la purée de fruits type smoothie (teneur en fruits >=50%), enrichie en vitamine(s);Still soft drink, with fruit puree, smoothie type, fruit content >= 50%, fortified with vitamin(s);Bebidas
18297;Boisson plate aux fruits (teneur en fruits >= 50%), rayon ambiant, enrichie en vitamine(s);Still soft drink, fruit content >= 50%, room temperature, fortified with vitamin(s);Bebidas
18298;Boisson plate aux fruits (teneur en fruits >= 50%), rayon ambiant;Still soft drink, fruit content >= 50%, room temperature;Bebidas
18299;Citronnade, boisson plate au citron (teneur en fruits >= 10% et < 50%), sucrée;Still soft drink, lemonade, fruit content >= 10% and < 50%, with sugar(s);Bebidas
18300;Boisson aux fruits avec de la purée de fruits type smoothie (teneur en fruits >= 50%), sans sucres ajoutés, rayon frais;Still soft drink, with fruit puree, smoothie type, fruit content >= 50%, no added sugars, refrigerated;Bebidas
18304;Boisson plate aux fruits (teneur en fruits >= 10% et < 50%), à teneur réduite en sucres;Still soft drink, fruit content >= 10% and < 50%, reduced sugar;Bebidas
18305;Boisson plate aux fruits (teneur en fruits >= 10% et < 50%), sans sucres ajoutés;Still soft drink, fruit content >= 10% and < 50%, no added sugars;Bebidas
18306;Boisson à l'aloe vera, sucrée;Aloe vera beverage, with sugar(s);Bebidas
18309;Boisson plate aux fruits (teneur en fruits non spécifiée), sucrée;Still soft drink, fruit content unknown, with sugar(s);Bebidas
18315;Boisson plate au(x) fruits et au(x) légume(s);Fruit and vegetable beverage;Bebidas
18316;Kéfir d'eau et de fruits, préemballé;Water kefir or Tibicos, prepacked;Bebidas
18324;Boisson énergisante, sans précision sur la teneur en sucres et édulcorants (aliment moyen);Energy drink, sugar and artifical sweetener contents unknown (average);Bebidas
18325;Boisson plate aux fruits (teneur en fruits non spécifiée), sans précision sur la teneur en sucres et édulcorants ni sur l'enrichissement (aliment moyen);Still soft drink, fruit content unknown, sugar and sweetener contents unknown (average);Bebidas
18326;Boisson à l'eau minérale ou de source, aromatisée, sans précision sur la teneur en sucres et édulcorants (aliment moyen);Bottled water, flavoured, sugar and sweetener contents unknown (average);Bebidas
18327;Limonade, sans précision sur la teneur en sucres et édulcorants (aliment moyen);Lemonade, sugar and sweetener contents unknown (average);Bebidas
18328;Boisson préparée à partir de sirop ou de boisson concentrée à diluer type menthe, fraise, etc, diluée dans l'eau, sans précision sur la teneur en sucres et édulcorants (aliment moyen);Syrup (eg. Mint, strawberry etc.), sugar content unknown, diluted in water (average);Bebidas
18329;Boisson gazeuse aromatisée, sans fruit, sans précision sur la teneur en sucres et édulcorants (aliment moyen);Carbonated beverage or soft drink, without fruit, sugar and sweetener contents unknown (average);Bebidas
18339;Boisson plate aux fruits (teneur en fruits >= 10% et < 50%), sucrée;Still soft drink, fruit content >= 10% and < 50%, with sugar(s);Bebidas
18340;Boisson gazeuse aux fruits (teneur en fruits < 10%), sans sucres ajoutés, avec édulcorants;Carbonated beverage or fruit soft drink, fruit content < 10% , no added sugars and with sweetener(s);Bebidas
18341;Boisson gazeuse à la pomme (teneur en fruits >= 50%), sans sucres ajoutés;Carbonated beverage, apple content >= 50% and <99%, no added sugars;Bebidas
18343;Boisson au(x) fruit(s) et au lait;Still beverage with fruit juice and milk;Bebidas
18344;Tonic ou bitter, sucré;Tonic drink, with sugar(s);Bebidas
18345;Boisson gazeuse aux fruits (teneur en fruits < 10%), sans sucres ajoutés, sans édulcorants;Carbonated beverage or fruit soft drink, fruit content < 10% , no added sugars and no sweetener(s);Bebidas
18347;Boisson à la sève de bouleau;Birch sap beverage;Bebidas
18348;Boisson pour le sport, sucrée;Sports drink, with sugar(s);Bebidas
18349;Boisson pour le sport, sucrée, avec édulcorants;Sports drink with added sugars, with sugar(s);Bebidas
18352;Boisson énergisante, sucrée;Energy drink, with sugar(s);Bebidas
18353;Boisson énergisante, sans sucres ajoutés, avec édulcorants, enrichie en vitamines;Energy drink, no added sugar(s) and with sweetener(s), fortified with vitamins;Bebidas
18354;Boisson énergisante, sucrée, avec édulcorants;Energy drink, with sugar(s) and with sweetener(s);Bebidas
18356;Tonic ou bitter, sans précision sur la teneur en sucres et édulcorants (aliment moyen);Tonic drink, sugar(s) and sweetener(s) content unknown (average);Bebidas
18430;Eau de source gazeuse ou plate;Spring water, bottled;Bebidas
18899;Boisson à l'avoine, nature, sans sucres ajoutés, non enrichie, préemballée;Oat drink, plain, no added sugar, not fortified, prepacked;Bebidas
18900;Boisson au soja, nature, non enrichie, préemballée;Soy drink, plain, not fortified, prepacked;Bebidas
18901;Boisson au soja, nature, enrichie en calcium, préemballée;Soy drink, plain, fortified with calcium, prepacked;Bebidas
18902;Boisson au soja, aromatisée, sucrée, non enrichie, préemballée;Soy drink, flavoured, with sugar(s), not fortified, prepacked;Bebidas
18903;Boisson au soja, aromatisée, sucrée, enrichie en calcium, préemballée;Soy drink, flavoured, with sugar(s), fortified in calcium, prepacked;Bebidas
18904;Boisson au riz, nature, préemballée;Rice drink, plain, prepacked;Bebidas
18906;Boisson à la châtaigne, nature, préemballée;Chestnut drink, plain, prepacked;Bebidas
18907;Boisson à la noix de coco, nature, préemballée;Coconut drink, plain, prepacked;Bebidas
19000;Lait de grand mélange, en vrac;Milk, bulk;Lácteos
19012;Lait de croissance infantile, liquide (aliment lacté destiné aux enfants en bas âge);Baby milk, growing-up milk, ready to drink;Alimentos infantiles
19013;Lait 1er âge, prêt à consommer (préparation pour nourrissons);Baby milk, infant formula, ready to drink;Alimentos infantiles
19014;Lait 2e âge, prêt à consommer (préparation de suite);Baby milk, follow-on formula, ready to drink;Alimentos infantiles
19016;Lait entier (aliment moyen);Milk, whole (average);Lácteos
19021;Lait en poudre, entier;Milk powder, whole;Lácteos
19023;Lait entier, UHT;Milk, whole, UHT;Lácteos
19024;Lait entier, pasteurisé;Milk, whole, pasteurised;Lácteos
19026;Lait concentré sans sucres ajoutés, entier;Condensed milk, no added sugars, whole;Lácteos
19027;Lait concentré sucré, entier;Condensed milk, with sugar(s), whole;Lácteos
19033;Lait demi-écrémé (aliment moyen);Milk, semi-skimmed (average);Lácteos
19037;Lait demi-écrémé, UHT, enrichi en vitamine D;Milk, semi-skimmed, UHT, fortified with vitamin D;Lácteos
19038;Lait à 1,2% MG, UHT, enrichi en vitamines;Milk, 1,2% fat, UHT, fortified with vitamins;Lácteos
19039;Lait, sans précision sur la teneur en matière grasse, UHT (aliment moyen);Milk, fat content unknown, UHT (average);Lácteos
19041;Lait demi-écrémé, UHT;Milk, semi-skimmed, UHT;Lácteos
19042;Lait demi-écrémé, pasteurisé;Milk, semi-skimmed, pasteurised;Lácteos
19044;Lait en poudre, demi-écrémé;Milk powder, semi-skimmed;Lácteos
19050;Lait écrémé, UHT;Milk, skimmed, UHT;Lácteos
19051;Lait écrémé, pasteurisé;Milk, skimmed, pasteurised;Lácteos
19054;Lait en poudre, écrémé;Milk powder, skimmed;Lácteos
19060;Lait demi-écrémé (ou à teneur en matière grasse légèrement inférieure), UHT, à teneur réduite en lactose;Milk, semi-skimmed, UHT, reduced lactose;Lácteos
19114;Boisson lactée aromatisée à la vanille, sucrée, au lait partiellement écrémé, enrichie en vitamine D;Vanilla flavoured milk, with sugar(s), partially skimmed, fortified with vitamin D;Bebidas
19116;Boisson lactée aromatisée au café, sucrée, au lait partiellement écrémé, enrichie en vitamine(s) et/ou minéraux;Coffee flavoured milk beverage, with sugar(s), partially skimmed fortified with vitamin(s) and/or mineral(s);Bebidas
19117;Boisson lactée aromatisée au café, sucrée, au lait partiellement écrémé, non enrichie;Coffee flavoured milk beverage, with sugar(s), partially skimmed, not fortified;Bebidas
19118;Boisson lactée aromatisée au chocolat, sucrée, au lait partiellement écrémé, non enrichie;Chocolate flavoured milk beverage, with sugar(s), partially skimmed, not fortified;Bebidas
19119;Boisson lactée aromatisée au chocolat, sucrée, au lait partiellement écrémé, enrichie en vitamine(s) et/ou minéraux;Chocolate flavoured milk beverage, with sugar(s), partially skimmed, fortified with vitamin(s) and/or mineral(s);Bebidas
19120;Boisson lactée aromatisée (sans précision sur l'arôme), sucrée, au lait partiellement écrémé, enrichie et/ou restaurée en vitamine(s) et/ou minéraux (aliment moyen);Flavoured milk beverage, with sugar(s), partially skimmed, fortified with vitamins and/ormineral(s) (average);Bebidas
19127;Boisson lactée aromatisée à la fraise, sucrée, au lait partiellement écrémé, enrichie en vitamine D;Strawberry flavoured milk, with sugar(s), partially skimmed, fortified with vitamin D;Bebidas
19200;Lait de chèvre, entier, UHT;Goat milk, whole, UHT;Lácteos
19201;Lait de chèvre, demi-écrémé, UHT;Goat milk, half skimmed, UHT;Lácteos
19202;Lait de chèvre, entier, cru;Goat milk, whole, raw;Lácteos
19225;Lait de jument, entier;Mare's milk, whole;Lácteos
19250;Lait de brebis, entier;Sheep milk, whole;Lácteos
19402;Crème ou spécialité à base de crème légère, sans précision sur la teneur en matière grasse (aliment moyen);Cream and similar, fat content unknown (average);Lácteos
19403;Crème ou spécialité à base de crème légère, sans précision sur la teneur en matière grasse, fluide (aliment moyen);Cream and similar, fat content unknown, fluid (average);Lácteos
19404;Crème ou spécialité à base de crème légère, sans précision sur la teneur en matière grasse, épaisse ou semi-épaisse (aliment moyen);Cream and similar, fat content unknownthick or semi-thick (average);Lácteos
19410;Crème 30% MG, épaisse, rayon frais;Cream 30% fat, thick, refrigerated;Lácteos
19411;Crème d'Isigny, >= 35% MG;Cream, from Isigny, >= 35% fat;Lácteos
19415;Crème 30% MG, semi-épaisse, UHT;Cream 30% fat, semi-thick, UHT;Lácteos
19417;Crème 30% MG, fluide, UHT;Cream 30% fat, liquid, UHT;Lácteos
19420;Crème chantilly, sous pression, UHT;Whipped cream, aerosol, UHT;Lácteos
19430;Crème 12 à 25% MG, légère, semi-épaisse, UHT;Cream, 12-25% fat, light, semi-thick, UHT;Lácteos
19431;Crème 12 à 25% MG, légère, épaisse, rayon frais;Cream, 12-25% fat, light, thick, refrigerated;Lácteos
19432;Spécialité à base de crème légère 4-5% MG, fluide ou épaisse;Cream based preparation, light, 5% fat, fluid or thick;Lácteos
19433;Spécialité à base de crème légère 4% MG environ, fluide ou épaisse;Cream based preparation, light, about 4% fat, fluid or thick;Lácteos
19434;Spécialité culinaire à base de crème et d'aromates 19% MG, à cuisiner;Cream based preparation with aromatic herbs 19% fat, to cook;Lácteos
19435;Spécialité culinaire à base de crème légère et d'aromates 12% MG, à cuisiner;Cream based preparation with aromatic herbs 12% fat, to cook;Lácteos
19436;Crème 12 à 20% MG, légère, fluide, rayon frais;Cream, 12-20% fat, light, fluid, refrigerated;Lácteos
19500;Lait fermenté à boire, aromatisé, avec édulcorants, allégé en sucres, 0% MG, au L Casei;Fermented milk drink, flavoured, with sweetener(s), reduced sugar, 0% fat, with L Casei;Lácteos
19501;Fromage blanc, nature ou aux fruits (aliment moyen);Quark, plain or with fruits (average);Lácteos
19508;Lait fermenté ou yaourt à boire, aromatisé, sucré;Fermented milk drink, flavoured, with sugar(s);Lácteos
19516;Lait fermenté à boire, aromatisé, sucré, au L Casei;Fermented milk drink, flavoured, with sugar(s), with L Casei;Lácteos
19534;Lait fermenté ou yaourt à boire, aromatisé, sucré, enrichi en vitamine D;Fermented milk drink, flavoured, with sugar(s), fortified with vitamin D;Lácteos
19535;Lait fermenté ou yaourt à boire, aux fruits, sucré;Fermented milk drink, with fruits, with sugar(s);Lácteos
19536;Lait fermenté ou yaourt à boire, aux fruits, sucré, enrichi en vitamine D;Fermented milk drink, with fruits, with sugar(s), fortified with vitamin D;Lácteos
19538;Lait fermenté à boire, nature, sucré, au L Casei;Fermented milk drink, plain, with sugar(s), with L Casei;Lácteos
19539;Lait fermenté type yaourt au bifidus, aromatisé, sucré;Fermented milk, yogurt type with bifidus, flavoured, with sugar(s);Lácteos
19541;Lait fermenté type yaourt au bifidus, aux fruits, 0% MG, avec édulcorants;Fermented milk, yogurt type with bifidus, with fruits, 0% fat, with sweetener(s);Lácteos
19542;Lait fermenté type yaourt au bifidus, aux fruits, sucré;Fermented milk, yogurt type with bifidus, with fruits, with sugar(s);Lácteos
19543;Lait fermenté type yaourt aux esters de stérol, aux fruits, 0% MG, avec édulcorants;Fermented milk, yogurt type with sterol esters, with fruits, 0% fat, with sweetener(s);Lácteos
19544;Lait fermenté type yaourt au bifidus, nature, 0% MG;Fermented milk, yogurt type with bifidus, plain, 0% fat;Lácteos
19546;Lait fermenté type yaourt au bifidus, nature;Fermented milk, yogurt type with bifidus, plain;Lácteos
19550;Yaourt à la grecque nature, au lait de brebis;Yogurt, Greek-style, ewe's milk;Lácteos
19551;Lait fermenté à boire, aromatisé, sucré, enrichi en vitamine D, au L Casei;Fermented milk drink, flavoured, with sugar(s), fortified with vitamin D, with L Casei;Lácteos
19552;Yaourt à la grecque sur lit de fruits, sucré;Yogurt, Greek-style, on a fruit layer, with sugar(s);Lácteos
19553;Yaourt au lait de brebis, aromatisé, sucré;Yogurt, ewe's milk, flavoured, with sugar(s);Lácteos
19554;Yaourt au lait de brebis, nature, 3% MG environ;Yogurt, ewe's milk, plain, around 3% fat;Lácteos
19555;Yaourt au lait de brebis, sur lit de fruits, sucré;Yogurt, ewe's milk, on a fruit layer, with sugar(s);Lácteos
19556;Yaourt au lait de chèvre, nature;Yogurt, goat's milk, plain;Lácteos
19557;Yaourt ou lait fermenté, sur lit de fruits, sucré;Yogurt or fermented milk, on a fruit layer, with sugar(s);Lácteos
19559;Yaourt ou lait fermenté, aromatisé, 0% MG, avec édulcorants;Yogurt or fermented milk, flavoured, 0% fat, with sweetener(s);Lácteos
19572;Fromage frais type petit suisse, aromatisé chocolat, sucré;Fresh cream cheese, petit-suisse type, chocolate flavoured, with sugar(s);Lácteos
19574;Yaourt ou lait fermenté, aromatisé, 0% MG, avec édulcorants, enrichi en vitamine D;Yogurt or fermented milk, flavoured, 0% fat, with sweetener(s), fortified with vitamin D;Lácteos
19575;Yaourt ou lait fermenté, aromatisé, sucré;Yogurt or fermented milk, flavoured, with sugar(s);Lácteos
19577;Yaourt ou lait fermenté, aromatisé, à la crème, sucré;Yogurt or fermented milk, flavoured, with cream, with sugar(s);Lácteos
19578;Yaourt ou lait fermenté, aromatisé, sucré, enrichi en vitamine D;Yogurt or fermented milk, flavoured, with sugar(s), fortified with vitamin D;Lácteos
19579;Yaourt ou lait fermenté, aux céréales;Yogurt or fermented milk, with cereals;Lácteos
19580;Yaourt ou lait fermenté, aux copeaux de chocolat, à la crème, sucré;Yogurt or fermented milk, with chocolate flakes, with cream, with sugar(s);Lácteos
19581;Yaourt ou lait fermenté, aux fruits, 0% MG, avec édulcorants;Yogurt or fermented milk, with fruits, 0% fat, with sweetener(s);Lácteos
19582;Yaourt ou lait fermenté, aux fruits, 0% MG, avec édulcorants, enrichi en vitamine D;Yogurt or fermented milk, with fruits, 0% fat, with sweetener(s), fortified with vitamin D;Lácteos
19584;Mascarpone;Mascarpone cheese, from cow's milk;Lácteos
19587;Yaourt ou lait fermenté, aux fruits, sucré;Yogurt or fermented milk, with fruits, with sugar(s);Lácteos
19589;Yaourt ou lait fermenté, aux fruits, à la crème, sucré;Yogurt or fermented milk, with fruits, with cream, with sugar(s);Lácteos
19590;Mozzarella au lait de vache;Mozzarella cheese, from cow's milk;Lácteos
19591;"Mozzarella au lait de bufflonne ou buflesse (""di bufala"")";Mozzarella cheese, from buffala's milk;Lácteos
19592;Yaourt ou lait fermenté, aux fruits, sucré, enrichi en vitamine D;Yogurt or fermented milk, with fruits, with sugar(s), fortified with vitamin D;Lácteos
19593;Yaourt ou lait fermenté, nature;Yogurt or fermented milk, plain;Lácteos
19594;Yaourt ou lait fermenté, nature, 0% MG;Yogurt or fermented milk, plain, 0% fat;Lácteos
19596;Yaourt ou lait fermenté, nature, 0% MG, enrichi en vitamine D;Yogurt or fermented milk, plain, 0% fat, fortified with vitamin D;Lácteos
19598;Yaourt ou lait fermenté, nature, à la crème;Yogurt or fermented milk, plain, with cream;Lácteos
19599;Yaourt ou lait fermenté, nature, sucré;Yogurt or fermented milk, plain, with sugar(s);Lácteos
19600;Yaourt ou lait fermenté, nature, sans précision sur teneur en matière grasse et sucre (aliment moyen);Yoghurt or fermented milk, plain (average);Lácteos
19624;Yaourt ou lait fermenté, nature ou aux fruits (aliment moyen);Yoghurtor fermented milk, plain or with fruits (average);Lácteos
19628;Yaourt ou lait fermenté, aux fruits (aliment moyen);Yoghurt or fermented milk, with fruits (average);Lácteos
19638;Faisselle au coulis de fruits;Drained soft fresh cheese, with fruit sauce;Lácteos
19639;Faisselle, 0% MG;Drained soft fresh cheese, 0% fat;Lácteos
19641;Faisselle, 6% MG environ;Drained soft fresh cheese, around 6% fat;Lácteos
19643;Fromage blanc et crème fouettée, sur lit de fruits, sucré;Quark and whipped cream, on a fruit layer, with sugar(s);Lácteos
19644;Fromage blanc, nature, 0% MG;Quark, plain, 0% fat;Lácteos
19645;Fromage blanc, nature, 0% MG, enrichi en vitamine D;Quark, plain, 0% fat, fortified with vitamin D;Lácteos
19646;Fromage blanc, nature, 2-3% MG;Quark, plain, 2-3% fat;Lácteos
19648;Fromage blanc, nature, 2-3% MG, enrichi en vitamine D;Quark, plain, 2-3% fat, fortified with vitamin D;Lácteos
19650;Fromage blanc et crème fouettée, nature;Quark and whipped cream, plain;Lácteos
19654;Fromage blanc ou spécialité laitière, aux copeaux de chocolat, 7-8% MG, sucré;Quark or dairy specialty, with chocolate flakes, 7-8% fat, with sugar(s);Lácteos
19656;Fromage blanc ou spécialité laitière, aux fruits, 0% MG, sucré;Quark or dairy specialty, with fruits, 0% fat, with sugar(s);Lácteos
19657;Fromage blanc ou spécialité laitière, aux fruits, 2-3% MG, sucré;Quark or dairy specialty, with fruits, 2-3% fat, with sugar(s);Lácteos
19659;Fromage blanc ou spécialité laitière, aux fruits, 6-7% MG, sucré;Quark or dairy specialty, with fruits, 7-8% fat, with sugar(s);Lácteos
19660;Fromage blanc ou spécialité laitière, sur lit de fruits, 7-8% MG, sucré;Quark or dairy specialty, on a fruit layer, 7-8% fat, with sugar(s);Lácteos
19663;Fromage frais type petit suisse, nature, 0% MG;Fresh cream cheese, petit-suisse type, plain, 0% fat;Lácteos
19664;Fromage frais type petit suisse, nature, 4% MG environ;Fresh cream cheese, petit-suisse type, plain, around 4% fat;Lácteos
19665;Mousse de fromage blanc sur lit de fruits, 0% MG, avec édulcorants, enrichie en calcium et vitamine D;Fresh cream cheese mousse, on a fruit layer, 0% fat, with sweetener(s), fortified with calcium and vitamin D;Lácteos
19666;Fromage frais type petit suisse, nature, 10% MG environ;Fresh cream cheese, petit-suisse type, plain, around 10% fat;Lácteos
19669;Spécialité laitière riche en protéines, sur lit de fruits, sucrée;Yoghurt, rich in protein, on a fruit layer, with sugar(s);Lácteos
19671;Yaourt ou lait fermenté, aromatisé ou aux fruits, 0% MG (aliment moyen);Yogurt or fermented milk, with fruits or flavoured, 0% fat (average);Lácteos
19672;Yaourt ou lait fermenté, aromatisé ou aux fruits, non allégé en matière grasse (aliment moyen);Yogurt or fermented milk, with fruits or flavoured, no reduced fat (average);Lácteos
19673;Crème dessert, allégée en matière grasse, rayon frais;Custard dessert, reduced fat, refrigerated;Lácteos
19674;Flan aux oeufs, rayon frais;Flan with eggs, refrigerated;Lácteos
19675;Yaourt ou lait fermenté, aromatisé ou aux fruits, avec édulcorants (aliment moyen);Yogurt or fermented milk, with fruits or flavoured, with sweetener(s) (average);Lácteos
19676;Yaourt ou lait fermenté, aromatisé ou aux fruits, sucré (aliment moyen);Yogurt or fermented milk, with fruits or flavoured, with sugar(s) (average);Lácteos
19677;Yaourt ou lait fermenté, aromatisé ou aux fruits, non allégé en matière grasse, sucré (aliment moyen);Yogurt or fermented milk, with fruits or flavoured, no reduced fat, with sugar(s) (average);Lácteos
19678;Lait emprésuré aromatisé, rayon frais;Renneted milk, flavoured, refrigerated;Lácteos
19679;Lait gélifié aromatisé, nappé caramel, rayon frais;Milk jelly, flavoured, covered with caramel sauce, refrigerated;Lácteos
19680;Lait gélifié aromatisé, rayon frais;Milk jelly, flavoured, refrigerated;Lácteos
19681;Liégeois ou viennois (chocolat, café, caramel ou vanille), rayon frais;Custard (chocolate, coffee, caramel or vanilla) topped with whipped cream, refrigerated;Lácteos
19682;Yaourt ou lait fermenté, aromatisé ou aux fruits (aliment moyen);Yogurt or fermented milk, with fruits or flavoured (average);Lácteos
19684;Oeufs au lait, rayon frais;Egg custard, refrigerated;Lácteos
19685;Panna cotta, avec préparations de fruits ou caramel, rayon frais;Panna cotta, with fruit preparation or caramel, refrigerated;Lácteos
19686;Spécialité laitière ou dessert lacté, aromatisé, à faible teneur en matière grasse, sucré, avec édulcorants, rayon frais;Dairy specialty or milk-based desert, flavoured, reduced fat, with sugar(s) and sweetener(s), refrigerated;Lácteos
19688;Baba au rhum, rayon frais;Rum baba, refrigerated;Dulces y azúcares
19691;Fromage blanc ou spécialité laitière, aux fruits, 0% MG, avec édulcorants, sucré, enrichi en vitamine D;Quark or dairy specialty, with fruits, 0% fat, with sweetener(s), with sugar(s), fortified with vitamin D;Lácteos
19692;Dessert au soja, aux fruits, sucré, enrichi en calcium, fermenté, rayon frais;Soy dessert, with fruits, with sugar(s), fortified with calcium, fermented, refrigerated;Lácteos
19693;Dessert au soja, nature, sans sucres ajoutés, non enrichi, fermenté, rayon frais;Soy dessert, plain, no added sugars, not fortified, fermented, refrigerated;Lácteos
19694;Dessert au soja, nature, sans sucres ajoutés, enrichi en calcium, fermenté, rayon frais;Soy dessert, plain, no added sugars, fortified with calcium, fermented, refrigerated;Lácteos
19695;Dessert au soja, aux fruits, sucré, non enrichi, fermenté, rayon frais;Soy dessert, with fruits, with sugar(s), not fortified, fermented, refrigerated;Lácteos
19696;Dessert au soja, aux amandes, sucré, enrichi en vitamines et minéraux, fermenté, rayon frais;Soy dessert, with almonds, with sugar(s), fortified with vitamins and minerals, refrigerated;Lácteos
19697;Fromage blanc ou spécialité laitière, aromatisé, 0% MG, avec édulcorants, sucré, enrichi en vitamine D;Quark or dairy specialty, flavoured, 0% fat, with sweetener(s), with sugar(s), fortified with vitamin D;Lácteos
19698;Tiramisu au café, rayon frais;Tiramisu with coffee, refrigerated;Lácteos
19699;Tiramisu aux fruits, rayon frais;Tiramisu with fruits, refrigerated;Lácteos
19705;Fromage blanc ou spécialité laitière, aromatisé, 0% MG, avec édulcorants, sucré;Quark or dairy specialty, flavoured, 0% fat, with sweetener(s), with sugar(s);Lácteos
19707;Fromage blanc ou spécialité laitière, sur lit de fruits, 0% MG, avec édulcorants, sucré, enrichi en vitamine D;Quark or dairy specialty, on a fruit layer, 0% fat, with sweetener(s), with sugar(s), fortified with vitamin D;Lácteos
19708;Fromage blanc ou spécialité laitière, sur lit de fruits, 0% MG, avec édulcorants, sans sucres ajoutés, enrichi en vitamine D;Quark or dairy specialty, on a fruit layer, 0% fat, with sweetener(s), no added sugars, fortified with vitamin D;Lácteos
19709;Fromage blanc ou spécialité laitière, aromatisé, 0% MG, avec édulcorants, sans sucres ajoutés;Quark or dairy specialty, flavoured, 0% fat, with sweetener(s), no added sugars;Lácteos
19711;Fromage blanc, nature, 7-8% MG;Quark, plain, 7-8% fat;Lácteos
19712;Fromage blanc, nature, au lait de brebis, 5% MG environ;Quark from ewe's milk, plain, around 5% fat;Lácteos
19713;Fromage blanc, nature, au lait de chèvre, 7% MG environ;Quark from goat's milk, plain, around 7% fat;Lácteos
19714;Fromage blanc ou spécialité laitière, aromatisé, 0% MG, sucré;Quark or dairy specialty, flavoured, 0% fat, with sugar(s);Lácteos
19715;Fromage blanc ou spécialité laitière, aromatisé, 2-3% MG, sucré;Quark or dairy specialty, flavoured, 2-3% fat, with sugar(s);Lácteos
19716;Fromage blanc, nature, 2-3% MG, sucré;Quark, plain, 2-3% fat, with sugar(s);Lácteos
19718;Fromage blanc ou spécialité laitière, aromatisé, 7-8% MG, sucré;Quark or dairy specialty, flavoured, 7-8% fat, with sugar(s);Lácteos
19719;Fromage frais type petit suisse, aux fruits, 2-3% MG, sucré;Fresh cream cheese, petit-suisse type, with fruits, 2-3% fat, with sugar(s);Lácteos
19720;Fromage frais type petit suisse, aux fruits, 2-3% MG, sucré, enrichi en vitamine D;Fresh cream cheese, petit-suisse type, with fruits, 2-3% fat, with sugar(s), fortified with vitamin D;Lácteos
19721;Fromage frais type petit suisse, aromatisé, 2-3% MG, sucré;Fresh cream cheese, petit-suisse type, flavoured, 2-3% fat, with sugar(s);Lácteos
19722;Fromage frais type petit suisse, aromatisé, 2-3% MG, sucré, enrichi en vitamine D;Fresh cream cheese, petit-suisse type, flavoured, 2-3% fat, with sugar(s), fortified with vitamin D;Lácteos
19723;Yaourt ou lait fermenté, nature, enrichi en vitamine D;Yogurt or fermented milk, plain, fortified with vitamin D;Lácteos
19724;Spécialité laitière riche en protéines, nature;Yoghurt, rich in protein, plain;Lácteos
19725;Fromage blanc ou spécialité laitière, sur lit de fruits, 0% MG, sucré;Quark or dairy specialty, on a fruit layer, 0% fat, with sugar(s);Lácteos
19726;Yaourt ou lait fermenté, nature, sucré, enrichi en vitamine D;Yogurt or fermented milk, plain, with sugar(s), fortified with vitamin D;Lácteos
19727;Yaourt au lait de chèvre, aux fruits, sucré;Yogurt, goat's milk, with fruits, with sugar(s);Lácteos
19728;Yaourt au lait de chèvre, sur lit de fruits, sucré;Yogurt, goat's milk, on a fruit layer, with sugar(s);Lácteos
19733;Yaourt ou lait fermenté, sur lit de fruits, à la crème, sucré;Yogurt or fermented milk, on a fruit layer, with cream, with sugar(s);Lácteos
19801;Lait fermenté à boire ou lait ribot, nature, maigre;Fermented milk drink, plain, skimmed milk;Lácteos
19805;Lait fermenté à boire ou lait ribot, nature, au lait entier;Fermented milk drink, plain, whole milk;Lácteos
19852;Mousse à la crème de marrons, rayon frais;Chestnut mousse, refrigerated;Lácteos
19860;Yaourt à la grecque nature;Yogurt, Greek-style, plain;Lácteos
19862;Yaourt à la grecque aromatisé, sucré;Yogurt, Greek-style, flavoured, with sugar(s);Lácteos
19863;Tzatziki à base de yaourt, préemballé;Tzatziki, with yogurt, prepacked;Ayudas culinarias e ingredientes
19864;Tzatziki à base de fromage frais, préemballé;Tzatziki, with quark, prepacked;Ayudas culinarias e ingredientes
19865;Kéfir de lait;Milk kefir;Lácteos
19882;Yaourt au lait de brebis, nature, 6% MG environ;Yogurt, ewe's milk, plain, around 6% fat;Lácteos
19999;Poivron, vert, jaune ou rouge, cuit (aliment moyen);Sweet pepper, green , yellow or red, cooked (average);Frutas, verduras, legumbres y frutos secos
20000;Artichaut, cuit;Artichoke, globe, cooked;Frutas, verduras, legumbres y frutos secos
20002;Aubergine, cuite;Eggplant, cooked;Frutas, verduras, legumbres y frutos secos
20003;Betterave rouge, cuite;Beetroot, cooked;Frutas, verduras, legumbres y frutos secos
20004;Bette ou blette, côte (sans feuille), crue;Swiss chard, stalk without leaves, raw;Frutas, verduras, legumbres y frutos secos
20005;Bette ou blette, côte (sans feuille), cuite;Swiss chard, stalk without leaves, cooked;Frutas, verduras, legumbres y frutos secos
20007;Carotte, appertisée, égouttée;Carrot, canned, drained;Frutas, verduras, legumbres y frutos secos
20009;Carotte, crue;Carrot, raw;Frutas, verduras, legumbres y frutos secos
20010;Champignon, tout type, cru;Mushroom, all types, raw;Frutas, verduras, legumbres y frutos secos
20011;Champignon, tout type, appertisé, égoutté;Mushroom, all types, canned, drained;Frutas, verduras, legumbres y frutos secos
20012;Salade ou chicorée frisée, crue;Curly endive, raw;Frutas, verduras, legumbres y frutos secos
20014;Chou rouge, cru;Red cabbage, raw;Frutas, verduras, legumbres y frutos secos
20015;Chou vert, cuit;Green cabbage, cooked;Frutas, verduras, legumbres y frutos secos
20016;Chou-fleur, cru;Cauliflower, raw;Frutas, verduras, legumbres y frutos secos
20017;Chou-fleur, bouilli/cuit à l'eau;Cauliflower, boiled;Frutas, verduras, legumbres y frutos secos
20018;Coeur de palmier, appertisé, égoutté;Palm heart, canned, drained;Frutas, verduras, legumbres y frutos secos
20019;Concombre, chair et peau, cru;Cucumber, flesh and skin, raw;Frutas, verduras, legumbres y frutos secos
20020;Courgette, chair et peau, crue;Courgette or zucchini, flesh and skin, raw;Frutas, verduras, legumbres y frutos secos
20021;Courgette, chair et peau, cuite;Courgette or zucchini, flesh and skin, cooked;Frutas, verduras, legumbres y frutos secos
20022;Cresson de fontaine, cru;Watercress, raw;Frutas, verduras, legumbres y frutos secos
20023;Céleri branche, cru;Celery stalk, raw;Frutas, verduras, legumbres y frutos secos
20025;Céleri-rave, cuit;Celeriac, cooked;Frutas, verduras, legumbres y frutos secos
20026;Endive, crue;Chicory, raw;Frutas, verduras, legumbres y frutos secos
20027;Épinard, cuit;Spinach, cooked;Frutas, verduras, legumbres y frutos secos
20028;Fenouil, cru;Fennel, raw;Frutas, verduras, legumbres y frutos secos
20029;"Graine germée de haricot mungo ou pousse de ""soja"", appertisée, égouttée";Mung bean, sprouted, canned, drained;Frutas, verduras, legumbres y frutos secos
20030;Haricot vert, cuit;French bean, cooked;Frutas, verduras, legumbres y frutos secos
20031;Laitue, crue;Lettuce, raw;Frutas, verduras, legumbres y frutos secos
20033;Navet, cuit;Turnip, cooked;Frutas, verduras, legumbres y frutos secos
20034;Oignon, cru;Onion, raw;Frutas, verduras, legumbres y frutos secos
20035;Oignon, cuit;Onion, cooked;Frutas, verduras, legumbres y frutos secos
20036;Petits pois, appertisés, égouttés;Garden peas, canned, drained;Frutas, verduras, legumbres y frutos secos
20037;Petits pois, cuits;Garden peas, cooked;Frutas, verduras, legumbres y frutos secos
20038;Pissenlit, cru;Dandelion, raw;Frutas, verduras, legumbres y frutos secos
20039;Poireau, cru;Leek, raw;Frutas, verduras, legumbres y frutos secos
20041;Poivron, vert, jaune ou rouge, cru;Sweet pepper, green, yellow or red, raw;Frutas, verduras, legumbres y frutos secos
20044;Potiron, cru;Pumpkin, raw;Frutas, verduras, legumbres y frutos secos
20045;Radis rouge, cru;Radish, raw;Frutas, verduras, legumbres y frutos secos
20046;Salsifis, cuit;Salsify, cooked;Frutas, verduras, legumbres y frutos secos
20048;Tomate, pelée, appertisée, égouttée;Tomato, peeled, canned, drained;Frutas, verduras, legumbres y frutos secos
20049;Maïs doux, en épis, cuit;Corn, on the cob, cooked;Frutas, verduras, legumbres y frutos secos
20050;Topinambour, cuit;Jerusalem artichoke, cooked;Frutas, verduras, legumbres y frutos secos
20051;Macédoine de légumes, appertisée, égouttée;Mixed diced vegetables, canned, drained;Frutas, verduras, legumbres y frutos secos
20052;Artichaut, cru;Artichoke, globe, raw;Frutas, verduras, legumbres y frutos secos
20053;Aubergine, crue;Eggplant, raw;Frutas, verduras, legumbres y frutos secos
20054;Cardon, cru;Cardoon, raw;Frutas, verduras, legumbres y frutos secos
20055;Céleri-rave, cru;Celeriac, raw;Frutas, verduras, legumbres y frutos secos
20056;Champignon de Paris ou champignon de couche, cru;Button mushroom or cultivated mushroom, raw;Frutas, verduras, legumbres y frutos secos
20057;Brocoli, cru;Broccoli, raw;Frutas, verduras, legumbres y frutos secos
20058;Chou de Bruxelles, cru;Brussels sprout, raw;Frutas, verduras, legumbres y frutos secos
20059;Épinard, cru;Spinach, raw;Frutas, verduras, legumbres y frutos secos
20060;Épinard, appertisé, égoutté;Spinach, canned, drained;Frutas, verduras, legumbres y frutos secos
20061;Haricot vert, cru;French bean, raw;Frutas, verduras, legumbres y frutos secos
20062;Haricot vert, appertisé, égoutté;French bean, canned, drained;Frutas, verduras, legumbres y frutos secos
20063;Haricot beurre, appertisé, égoutté;Butter bean or yellow bean, canned, drained;Frutas, verduras, legumbres y frutos secos
20064;Navet, pelé, cru;Turnip, peeled, raw;Frutas, verduras, legumbres y frutos secos
20065;Chou-rave, cru;Kohlrabi, raw;Frutas, verduras, legumbres y frutos secos
20066;Maïs doux, appertisé, égoutté;Corn, sweet, canned, drained;Frutas, verduras, legumbres y frutos secos
20067;Artichaut, appertisé, égoutté;Artichoke, canned, drained;Frutas, verduras, legumbres y frutos secos
20068;Tomate, concentré, appertisé;Tomato paste, concentrated, canned;Frutas, verduras, legumbres y frutos secos
20069;Chou vert, cru;Green cabbage, raw;Frutas, verduras, legumbres y frutos secos
20070;Haricot vert, surgelé, cru;French bean, frozen, raw;Frutas, verduras, legumbres y frutos secos
20071;Haricot vert, surgelé, cuit;French bean, frozen, cooked;Frutas, verduras, legumbres y frutos secos
20072;Petits pois, crus;Garden peas, raw;Frutas, verduras, legumbres y frutos secos
20074;Artichaut, cuit à la vapeur sous pression;Artichoke, globe, steamed;Frutas, verduras, legumbres y frutos secos
20076;Asperge, appertisée, égouttée;Asparagus, canned, drained;Frutas, verduras, legumbres y frutos secos
20077;Chou de Bruxelles, appertisé, égoutté;Brussels sprout, canned, drained;Frutas, verduras, legumbres y frutos secos
20078;Céleri branche, appertisé, égoutté;Celery stalk, canned, drained;Frutas, verduras, legumbres y frutos secos
20079;Champignon de Paris ou champignon de couche, appertisé, égoutté;Button mushroom or cultivated mushroom, canned, drained;Frutas, verduras, legumbres y frutos secos
20081;Salsifis, appertisé, égoutté;Salsify, canned, drained;Frutas, verduras, legumbres y frutos secos
20082;Chou-fleur, surgelé, cru;Cauliflower, frozen, raw;Frutas, verduras, legumbres y frutos secos
20083;Epinard, haché ou purée ou en branches, surgelé, cru;Spinach, frozen, raw;Frutas, verduras, legumbres y frutos secos
20084;Petits pois, surgelés, crus;Garden peas, frozen, raw;Frutas, verduras, legumbres y frutos secos
20085;Poivron vert, cru;Sweet pepper, green, raw;Frutas, verduras, legumbres y frutos secos
20086;Poivron vert, cuit;Sweet pepper, green, cooked;Frutas, verduras, legumbres y frutos secos
20087;Poivron rouge, cru;Sweet pepper, red, raw;Frutas, verduras, legumbres y frutos secos
20088;Poivron rouge, cuit;Sweet pepper, red, cooked;Frutas, verduras, legumbres y frutos secos
20089;Radis noir, cru;Radish, black, raw;Frutas, verduras, legumbres y frutos secos
20090;Scarole, crue;Escaroles, raw;Frutas, verduras, legumbres y frutos secos
20091;Betterave rouge, crue;Beetroot, raw;Frutas, verduras, legumbres y frutos secos
20092;Carotte, déshydratée;Carrot, dehydrated;Frutas, verduras, legumbres y frutos secos
20093;Petits pois et carottes, appertisés, égouttés;Garden peas and carrots, canned, drained;Frutas, verduras, legumbres y frutos secos
20094;Chou-rave, bouilli/cuit à l'eau;Kohlrabi, boiled/cooked in water;Frutas, verduras, legumbres y frutos secos
20095;Chou rouge, bouilli/cuit à l'eau;Red cabbage, boiled/cooked in water;Frutas, verduras, legumbres y frutos secos
20096;Potiron, cuit;Pumpkin, cooked;Frutas, verduras, legumbres y frutos secos
20097;Échalote, crue;Shallot, raw;Frutas, verduras, legumbres y frutos secos
20099;Mâche, crue;Lamb's lettuce, raw;Frutas, verduras, legumbres y frutos secos
20101;Légumes, mélange surgelé, crus;Mixed vegetables, frozen, raw;Frutas, verduras, legumbres y frutos secos
20102;Champignon de Paris ou champignon de couche, bouilli/cuit à l'eau;Button mushroom or cultivated mushroom, boiled/cooked in water;Frutas, verduras, legumbres y frutos secos
20103;Champignon, chanterelle ou girolle, crue;Chanterelle or girolle mushroom, raw;Frutas, verduras, legumbres y frutos secos
20105;Champignon, morille, crue;Morel, raw;Frutas, verduras, legumbres y frutos secos
20108;Maïs doux, en épis, surgelé, cru;Corn, on the cob, frozen, raw;Frutas, verduras, legumbres y frutos secos
20111;Oseille, crue;Sorrel, raw;Frutas, verduras, legumbres y frutos secos
20114;Champignon, pleurote, crue;Oyster mushroom, raw;Frutas, verduras, legumbres y frutos secos
20116;Chou blanc, cru;White cabbage, raw;Frutas, verduras, legumbres y frutos secos
20118;Fenouil, bouilli/cuit à l'eau;Fennel, boiled/cooked in water;Frutas, verduras, legumbres y frutos secos
20119;Tomate verte, crue;Tomato, green, raw;Frutas, verduras, legumbres y frutos secos
20123;Batavia, crue;Lettuce, var. batavia, raw;Frutas, verduras, legumbres y frutos secos
20124;Petits pois, surgelés, cuits;Garden peas, frozen, cooked;Frutas, verduras, legumbres y frutos secos
20125;Champignon de Paris ou champignon de couche, sauté/poêlé, sans matière grasse;Button mushroom or cultivated mushroom, sautéed/pan-fried, without added fat;Frutas, verduras, legumbres y frutos secos
20128;Courge musquée, chair sans peau, crue;Pumpkin (cucurbita moschata), flesh without skin, raw;Frutas, verduras, legumbres y frutos secos
20132;Potimarron, chair sans peau, cru;Red kuri squash, flesh without skin, raw;Frutas, verduras, legumbres y frutos secos
20134;Courge hokkaïdo, chair sans peau, crue;Sweet green hokkaido squash, flesh without skin, raw;Frutas, verduras, legumbres y frutos secos
20136;Courge melonnette, chair sans peau, crue;Squash, melonnette jaspée from Vendée, flesh without skin, raw;Frutas, verduras, legumbres y frutos secos
20137;Tomate, pelée, appertisée, au jus, non égouttée;Tomato, peeled, canned, in juice, solids and liquids;Frutas, verduras, legumbres y frutos secos
20138;Courge butternut (doubeurre), chair sans peau, crue;Squash, butternut, flesh without skin, raw;Frutas, verduras, legumbres y frutos secos
20139;Courge, crue;Squash, all types, raw;Frutas, verduras, legumbres y frutos secos
20141;Courge butternut (doubeurre), chair sans peau, bouillie/cuite à l'eau;Squash, butternut, flesh without skin, boiled;Frutas, verduras, legumbres y frutos secos
20143;Courge spaghetti, chair sans peau, cuite;Squash, spaghetti, flesh without skin, cooked;Frutas, verduras, legumbres y frutos secos
20145;Courge spaghetti, chair sans peau, crue;Squash, spaghetti, flesh without skin, raw;Frutas, verduras, legumbres y frutos secos
20151;Piment, cru;Chili pepper, raw;Frutas, verduras, legumbres y frutos secos
20155;Artichaut, coeur, appertisé, égoutté;Artichoke, globe, heart, canned, drained;Frutas, verduras, legumbres y frutos secos
20156;Artichaut, fond, appertisé, égoutté;Artichoke, globe, base, canned, drained;Frutas, verduras, legumbres y frutos secos
20158;Tétragone cornue, cuite;New Zealand spinach, cooked;Frutas, verduras, legumbres y frutos secos
20160;Champignon, cèpe, cru;Cep or boletus mushroom, raw;Frutas, verduras, legumbres y frutos secos
20162;Chicorée rouge, crue;Red endive, raw;Frutas, verduras, legumbres y frutos secos
20163;Chicorée verte, crue;Green endive, raw;Frutas, verduras, legumbres y frutos secos
20165;Rutabaga, cuit;Rutabaga or Swede, cooked;Frutas, verduras, legumbres y frutos secos
20166;Citrouille, chair sans peau, crue;Pumpkin, flesh without skin, raw;Frutas, verduras, legumbres y frutos secos
20167;Chou chinois pé-tsaï, cru;Chinese cabbage (nappa cabbage), raw;Frutas, verduras, legumbres y frutos secos
20168;Poivron jaune, cru;Sweet pepper, yellow, raw;Frutas, verduras, legumbres y frutos secos
20169;Tomate, chair, appertisée;Tomato flesh without skin, canned;Frutas, verduras, legumbres y frutos secos
20170;Tomate, purée, appertisée;Tomato puree, canned;Frutas, verduras, legumbres y frutos secos
20171;Laitue romaine, crue;Cos or romaine lettuce, raw;Frutas, verduras, legumbres y frutos secos
20172;Tomate cerise, crue;Tomato, cherry, raw;Frutas, verduras, legumbres y frutos secos
20173;Pois mange-tout ou pois gourmand, cru;Snow pea, raw;Frutas, verduras, legumbres y frutos secos
20180;Oignon, séché;Onion, dried;Frutas, verduras, legumbres y frutos secos
20181;Panais, cru;Parsnip, raw;Frutas, verduras, legumbres y frutos secos
20183;"Graine germée de haricot mungo ou pousse de ""soja"", crue";Mung bean, sprouted, raw;Frutas, verduras, legumbres y frutos secos
20188;Bambou, pousses, appertisées, égouttées;Bamboo shoots, canned, drained;Frutas, verduras, legumbres y frutos secos
20192;Tomate côtelée ou coeur de boeuf, crue;Tomato, beef heart, raw;Frutas, verduras, legumbres y frutos secos
20194;Haricots blancs à la sauce tomate, appertisés;Haricot beans with tomato sauce, canned;Platos y entrantes
20195;Haricot beurre, cru;Butter bean or yellow bean, raw;Frutas, verduras, legumbres y frutos secos
20196;Topinambour, cru;Jerusalem artichoke, raw;Frutas, verduras, legumbres y frutos secos
20197;Salsifis noir, ou scorsonère d'Espagne, cru;Salsify, black, raw;Frutas, verduras, legumbres y frutos secos
20198;Bambou, pousse, crue;Bamboo shoots, raw;Frutas, verduras, legumbres y frutos secos
20199;Cresson alénois, cru;Garden cress, raw;Frutas, verduras, legumbres y frutos secos
20200;Laitue iceberg, crue;Iceberg lettuce, raw;Frutas, verduras, legumbres y frutos secos
20201;Rutabaga, cru;Rutabaga or Swede, raw;Frutas, verduras, legumbres y frutos secos
20203;Haricot beurre, surgelé, cru;Butter bean or yellow bean, frozen, raw;Frutas, verduras, legumbres y frutos secos
20204;Brocoli, surgelé, cru;Broccoli, frozen, raw;Frutas, verduras, legumbres y frutos secos
20206;Chou de Bruxelles, surgelé, cru;Brussels sprout, frozen, raw;Frutas, verduras, legumbres y frutos secos
20208;Carotte, surgelée, crue;Carrot, frozen, raw;Frutas, verduras, legumbres y frutos secos
20210;Concombre, chair sans peau, cru;Cucumber, flesh without skin, raw;Frutas, verduras, legumbres y frutos secos
20211;Champignon, lentin comestible ou shiitaké, séché;Shiitake mushroom, dried;Frutas, verduras, legumbres y frutos secos
20212;Champignon, lentin comestible ou shiitaké, cuit;Shiitake mushroom, cooked;Frutas, verduras, legumbres y frutos secos
20214;Petits pois et carottes, surgelés, crus;Garden peas and carrots, frozen, raw;Frutas, verduras, legumbres y frutos secos
20216;Pois mange-tout ou pois gourmand, bouilli/cuit à l'eau;Snow pea, boiled/cooked in water;Frutas, verduras, legumbres y frutos secos
20217;Roquette, crue;Roman rocket, raw;Frutas, verduras, legumbres y frutos secos
20218;Chou frisé, cru;Curly kale, raw;Frutas, verduras, legumbres y frutos secos
20219;Chou frisé, cuit;Curly kale, cooked;Frutas, verduras, legumbres y frutos secos
20221;Chou chinois pé-tsaï, sauté/poêlé;Chinese cabbage (nappa cabbage), sautéed/pan-fried, without added fat;Frutas, verduras, legumbres y frutos secos
20228;Champignon de Paris ou champignon de couche, surgelé, cru;Button mushroom or cultivated mushroom, frozen, raw;Frutas, verduras, legumbres y frutos secos
20230;Courgette, chair et peau, surgelée, crue;Courgette or zucchini, flesh and skin, frozen, raw;Frutas, verduras, legumbres y frutos secos
20231;Crosne, surgelé, cru;Chinese or Japanese artichokes, frozen, raw;Frutas, verduras, legumbres y frutos secos
20232;Artichaut, fond, surgelé, cru;Artichoke globe, base, frozen, raw;Frutas, verduras, legumbres y frutos secos
20233;Maïs doux, surgelé, cru;Corn, frozen, raw;Frutas, verduras, legumbres y frutos secos
20234;Navet, surgelé, cru;Turnip, frozen, raw;Frutas, verduras, legumbres y frutos secos
20235;Oignon, surgelé, cru;Onion, frozen, raw;Frutas, verduras, legumbres y frutos secos
20236;Poireau, surgelé, cru;Leek, frozen, raw;Frutas, verduras, legumbres y frutos secos
20237;Salsifis, surgelé, cru;Salsify, frozen, raw;Frutas, verduras, legumbres y frutos secos
20238;Oignon rouge, cru;Red onion, raw;Frutas, verduras, legumbres y frutos secos
20239;Oignon jaune, cru;Yellow onion, raw;Frutas, verduras, legumbres y frutos secos
20240;Piperade basquaise, préemballée;Piperade, Basque-style (fondue of sweet peppers and tomatoes with onions and garlic), prepacked;Platos y entrantes
20241;Cardon, cuit;Cardoon, cooked;Frutas, verduras, legumbres y frutos secos
20242;Tomate, chair et peau, bouillie/cuite à l'eau;Tomato, flesh and skin, boiled/cooked in water;Frutas, verduras, legumbres y frutos secos
20243;Pois mange-tout ou pois gourmands, cuits;Snow pea, cooked;Frutas, verduras, legumbres y frutos secos
20246;Petit pot légumes, dès 4-6 mois;Baby food jar with vegetables, from 4-6 months;Alimentos infantiles
20247;Petit pot légumes, avec féculent, dès 4/6 mois;Baby food jar with vegetables and starchy food, from 4-6 months;Alimentos infantiles
20248;Plat légumes, avec féculent, dès 6-8 mois;Baby meal, vegetables and starchy food, from 6-8 months;Alimentos infantiles
20249;Plat légumes, avec féculent et lait/crème, dès 6/8 mois;Baby meal, vegetable with milk/cream and starchy food, from 6-8 months;Alimentos infantiles
20250;Plat légumes, avec féculent et lait/crème, dès 8/12 mois;Baby meal, vegetable with milk/cream and starchy food, from 8-12 months;Alimentos infantiles
20251;Plat légumes, avec féculent et lait/crème, dès 12 mois;Baby meal, vegetable with milk/cream and starchy food, from 12 months;Alimentos infantiles
20252;Soupe pour bébé légumes et pomme de terre;Baby soup, with vegetables and potatoes;Alimentos infantiles
20253;Soupe pour bébé légumes, céréales et lait;Baby soup, with vegetables, cereals and milk;Alimentos infantiles
20254;Plat légumes, avec féculent et lait/crème, dès 18 mois;Baby meal, vegetable with milk/cream and starchy food, from 18 months;Alimentos infantiles
20255;Échalote, cuite;Shallot, cooked;Frutas, verduras, legumbres y frutos secos
20257;Haricots verts, purée;French bean, puree;Frutas, verduras, legumbres y frutos secos
20258;Légumes (3-4 sortes en mélange), purée;Vegetables (3-4 types), mashed;Frutas, verduras, legumbres y frutos secos
20259;Brocoli, purée;Broccoli, puree;Frutas, verduras, legumbres y frutos secos
20260;Tomate, coulis, appertisé (purée de tomates mi-réduite à 11%);Tomato coulis, canned (tomato puree semi-reduced 11%);Frutas, verduras, legumbres y frutos secos
20261;Carotte, purée;Carrots, puree;Frutas, verduras, legumbres y frutos secos
20262;Poêlée de légumes assaisonnés sans champignon, surgelée, crue;Vegetables, pan-fried without mushrooms, seasonned, frozen, raw;Platos y entrantes
20263;Légumes pour potages, surgelés, crus;Mixed vegetables for soups, frozen, raw;Frutas, verduras, legumbres y frutos secos
20264;Courgette, purée;Courgette or zucchini, puree;Frutas, verduras, legumbres y frutos secos
20265;Julienne ou brunoise de légumes, surgelée, crue;Thinly-shredded or diced vegetables, frozen, raw;Frutas, verduras, legumbres y frutos secos
20266;Légumes pour ratatouille, surgelés;Mixed vegetables for ratatouille, frozen;Frutas, verduras, legumbres y frutos secos
20267;Printanière ou jardinière de légumes, surgelée, crue (petits pois, pommes de terre, haricots verts, carottes, oignon);Spring vegetables, frozen, raw (green peas, potatoes, green beans, carrots, onions);Frutas, verduras, legumbres y frutos secos
20268;Tomate, double concentré, appertisé;Tomato paste, double concentrate, canned;Frutas, verduras, legumbres y frutos secos
20269;Haricot plat, cru;Flat bean, raw;Frutas, verduras, legumbres y frutos secos
20270;Épinard, jeunes pousses pour salades, cru;Spinach, young leaves for salad, raw;Frutas, verduras, legumbres y frutos secos
20271;Macédoine de légumes, précuite, à finir de cuire, surgelée;Mixed diced vegetables, pre-cooked, to be recooked, frozen;Frutas, verduras, legumbres y frutos secos
20272;Mesclun ou salade, mélange de jeunes pousses;Mesclun or salads, mix of baby leaves;Frutas, verduras, legumbres y frutos secos
20273;Poêlée de légumes assaisonnés à l'asiatiques ou wok de légumes, surgelée, crue;Vegetables, pan-fried or stir-fried, seasonned, Asian-style, frozen, raw;Platos y entrantes
20274;Poêlée de légumes assaisonnés grillée, méridionale ou méditerranéenne, surgelée, crue;Vegetables, pan-fried or stir-fried, seasonned, Mediterranean-style, frozen, raw;Platos y entrantes
20275;Poivron rouge, appertisé, égoutté;Sweet pepper, red, canned, drained;Frutas, verduras, legumbres y frutos secos
20276;Tomate ronde, crue;Tomato, round, raw;Frutas, verduras, legumbres y frutos secos
20277;Asperge blanche, bouillie/cuite à l'eau;Asparagus, white, boiled/cooked in water;Frutas, verduras, legumbres y frutos secos
20278;Céleri-rave, purée;Celeriac, puree;Frutas, verduras, legumbres y frutos secos
20279;Asperge, verte, crue;Asparagus, green, raw;Frutas, verduras, legumbres y frutos secos
20280;Chou romanesco ou brocoli à pomme, cru;Romanesco cauliflower or romanesco broccoli, raw;Frutas, verduras, legumbres y frutos secos
20282;Asperge, blanche ou violette, pelée, crue;Asparagus, white or purple, peeled, raw;Frutas, verduras, legumbres y frutos secos
20283;Salicorne (Salicornia sp.), crue;Glasswort (Salicornia sp.), fresh, raw;Frutas, verduras, legumbres y frutos secos
20284;Petits pois, purée;Garden peas, puree;Frutas, verduras, legumbres y frutos secos
20288;Salade sucrine, crue;Lettuce, sucrine, raw;Frutas, verduras, legumbres y frutos secos
20289;Tomate, chair et peau, rôtie/cuite au four;Tomato, flesh and skin, roasted/baked;Frutas, verduras, legumbres y frutos secos
20290;Chou romanesco ou brocoli à pomme, cuit;Romanesco cauliflower or romanesco broccoli, cooked;Frutas, verduras, legumbres y frutos secos
20291;Potimarron, chair sans peau, cuit à l'étouffée;Red kuri squash, flesh without skin, braised;Frutas, verduras, legumbres y frutos secos
20292;Courge butternut (doubeurre), chair sans peau, cuite;Pumpkin (cucurbita moschata), flesh without skin, cooked;Frutas, verduras, legumbres y frutos secos
20293;Haricot coco, bouilli/cuit à l'eau;Coco bean, boiled/cooked in water;Frutas, verduras, legumbres y frutos secos
20295;Salade feuille de chêne, crue;Lettuce, oak-leaf, raw;Frutas, verduras, legumbres y frutos secos
20296;Brèdes chou de Chine ou bok choy ou pak choï, tiges et feuilles, cuites à la vapeur, prélevées à La Réunion (Brassica rapa subsp. Chinensis);Chinese cabbageor bok choï bredes, rods and leafs, steamed, from the island La Réunion (Brassica rapa subsp. Chinensis);Frutas, verduras, legumbres y frutos secos
20297;Chayote ou christophine ou chouchou, chair sans peau, sans noyau, cuite à la vapeur, prélevée à La Réunion (Sechium edule);Chayote, without skin, pitted, steamed, sampled in the island La Réunion (Sechium edule);Frutas, verduras, legumbres y frutos secos
20298;Carotte, purée cuisinée à la crème, préemballée;Carrots, , seasoned puree with cream, prepacked;Frutas, verduras, legumbres y frutos secos
20299;Asperge verte, bouillie/cuite à l'eau;Asparagus, green, boiled/cooked in water;Frutas, verduras, legumbres y frutos secos
20300;Aubergine, chair et peau, rôtie/cuite au four;Eggplant, flesh and skin, roasted/baked;Frutas, verduras, legumbres y frutos secos
20301;Bette ou blette, côte et feuille, bouillie/cuite à l'eau;Swiss chard, leaf and stalk, boiled/cooked in water;Frutas, verduras, legumbres y frutos secos
20302;Brocoli, bouilli/cuit à l'eau, croquant;Broccoli, boiled/cooked in water, crunchy;Frutas, verduras, legumbres y frutos secos
20303;Brocoli, bouilli/cuit à l'eau, fondant;Broccoli, boiled/cooked in water, tender;Frutas, verduras, legumbres y frutos secos
20304;Brocoli, cuit à la vapeur;Broccoli, steamed;Frutas, verduras, legumbres y frutos secos
20305;Carotte, bouillie/cuite à l'eau, croquante;Carrot, boiled/cooked in water, crunchy;Frutas, verduras, legumbres y frutos secos
20306;Carotte, bouillie/cuite à l'eau, fondante;Carrot, boiled/cooked in water, tender;Frutas, verduras, legumbres y frutos secos
20307;Carotte, cuite à la vapeur;Carrot, steamed;Frutas, verduras, legumbres y frutos secos
20308;Chou blanc, bouilli/cuit à l'eau;White cabbage, boiled/cooked in water;Frutas, verduras, legumbres y frutos secos
20309;Chou de Bruxelles, bouilli/cuit à l'eau;Brussels sprout, boiled/cooked in water;Frutas, verduras, legumbres y frutos secos
20310;Chou rouge, cuit à l'étouffée;Red cabbage, braised;Frutas, verduras, legumbres y frutos secos
20311;Chou vert, bouilli/cuit à l'eau;Green cabbage, boiled/cooked in water;Frutas, verduras, legumbres y frutos secos
20312;Chou-fleur, cuit à la vapeur;Cauliflower, steamed;Frutas, verduras, legumbres y frutos secos
20313;Courgette, chair et peau, rôtie/cuite au four;Courgette or zucchini, flesh and skin, roasted/baked;Frutas, verduras, legumbres y frutos secos
20314;Céleri branche, cuit à l'étouffée;Celery stalk, braised;Frutas, verduras, legumbres y frutos secos
20315;Céleri rave, bouilli/cuit à l'eau;Celeriac, boiled/cooked in water;Frutas, verduras, legumbres y frutos secos
20316;Endive, rôtie/cuite au four;Chicory, roasted/baked;Frutas, verduras, legumbres y frutos secos
20317;Fenouil, cuit à l'étouffée;Fennel, braised;Frutas, verduras, legumbres y frutos secos
20318;Haricot beurre, bouilli/cuit à l'eau;Butter bean or yellow bean, boiled/cooked in water;Frutas, verduras, legumbres y frutos secos
20320;Haricot vert, bouilli/cuit à l'eau;French bean, boiled/cooked in water;Frutas, verduras, legumbres y frutos secos
20321;Navet, bouilli/cuit à l'eau;Turnip, boiled/cooked in water;Frutas, verduras, legumbres y frutos secos
20322;Oignon blanc ou jaune, sauté/poêlé sans matière grasse;Onion, white or yellow, sautéed/pan-fried, without added fat;Frutas, verduras, legumbres y frutos secos
20323;Oignon nouveau ou oignon frais ou cébette, sauté/poêlé sans matière grasse;Spring onion, sautéed/pan-fried, without added fat;Frutas, verduras, legumbres y frutos secos
20324;Oignon rouge, sauté/poêlé;Onion, red, sautéed/pan-fried, without added fat;Frutas, verduras, legumbres y frutos secos
20325;Panais, cuit à l'étouffée;Parsnip, braised;Frutas, verduras, legumbres y frutos secos
20326;Petits pois, bouillis/cuits à l'eau;Garden peas, boiled/cooked in water;Frutas, verduras, legumbres y frutos secos
20327;Poireau, bouilli/cuit à l'eau;Leek, boiled/cooked in water;Frutas, verduras, legumbres y frutos secos
20328;Poivron jaune, sauté/poêlé;Sweet pepper, yellow, sautéed/pan-fried, without added fat;Frutas, verduras, legumbres y frutos secos
20329;Poivron rouge, sauté/poêlé;Sweet pepper, red, sautéed/pan-fried, without added fat;Frutas, verduras, legumbres y frutos secos
20330;Poivron vert, sauté/poêlé;Sweet pepper, green, sautéed/pan-fried, without added fat;Frutas, verduras, legumbres y frutos secos
20331;Potimarron, chair sans peau, bouilli/cuit à l'eau;Red kuri squash, flesh without skin, boiled/cooked in water;Frutas, verduras, legumbres y frutos secos
20332;Potiron, rôti/cuit au four;Pumpkin, roasted/baked;Frutas, verduras, legumbres y frutos secos
20333;Salsifis, bouilli/cuit à l'eau;Salsify, boiled/cooked in water;Frutas, verduras, legumbres y frutos secos
20335;Échalote, sautée/poêlée sans matière grasse;Shallot, sautéed/pan-fried, without added fat;Frutas, verduras, legumbres y frutos secos
20336;Épinard, bouilli/cuit à l'eau;Spinach, boiled/cooked in water;Frutas, verduras, legumbres y frutos secos
20337;Saucisse végétale au tofu (convient aux véganes ou végétaliens), préemballée;Plant-based sausage with tofu (vegan), prepacked;Carnes, huevos y pescados
20338;Quenelle au tofu (ne convient pas aux véganes ou végétaliens), préemballée;Plant-based sausage with tofu (not vegan), prepacked;Carnes, huevos y pescados
20339;Chou chinois pak choï ou pak choy (feuilles vertes ressemblant à des blettes), cuit;Chinese cabbage, pak choï ou pak choy, cooked;Frutas, verduras, legumbres y frutos secos
20340;Chou chinois pak choï ou pak choy (feuilles vertes ressemblant à des blettes), cru;Chinese cabbage, pak choï ou pak choy, raw;Frutas, verduras, legumbres y frutos secos
20346;Chou kale, cru;Kale, raw;Frutas, verduras, legumbres y frutos secos
20349;Asperge, bouillie/cuite à l'eau (aliment moyen);Asparagus, boiled/cooked in water (average);Frutas, verduras, legumbres y frutos secos
20350;Brocoli, bouilli/cuit à l'eau (aliment moyen);Broccoli, boiled/cooked in water (average);Frutas, verduras, legumbres y frutos secos
20351;Brocoli, cuit (aliment moyen);Broccoli, cooked (average);Frutas, verduras, legumbres y frutos secos
20352;Carotte, bouillie/cuite à l'eau (aliment moyen);Carrot, boiled/cooked in water (average);Frutas, verduras, legumbres y frutos secos
20353;Carotte, cuite (aliment moyen);Carrot, cooked (average);Frutas, verduras, legumbres y frutos secos
20354;Céleri branche, cuit (aliment moyen);Celery stalk, cooked (average);Frutas, verduras, legumbres y frutos secos
20355;Chou rouge, cuit (aliment moyen);Red cabbage, cooked (average);Frutas, verduras, legumbres y frutos secos
20356;Fenouil, cuit (aliment moyen);Fennel, cooked (average);Frutas, verduras, legumbres y frutos secos
20357;Potimarron, chair sans peau, cuit (aliment moyen);Red kuri squash, flesh without skin, cooked (average);Frutas, verduras, legumbres y frutos secos
20358;Tomate, chair et peau, cuite (aliment moyen);Tomato, flesh and skin, cooked (average);Frutas, verduras, legumbres y frutos secos
20359;Lentille, sèche (aliment moyen);Lentil, dried (average);Frutas, verduras, legumbres y frutos secos
20360;Lentille, bouillie/cuite à l'eau (aliment moyen);Lentil, boiled/cooked in water (average);Frutas, verduras, legumbres y frutos secos
20385;Tomate sans précision, crue (aliment moyen);Tomato, raw (average);Frutas, verduras, legumbres y frutos secos
20496;Légumes pour couscous, surgelés, crus;Mixed vegetables for couscous, frozen, raw;Frutas, verduras, legumbres y frutos secos
20497;Légumes pour couscous, cuits;Mixed vegetables for couscous, cooked;Frutas, verduras, legumbres y frutos secos
20498;"Poêlée de légumes assaisonnés aux champignons (""champêtre""), surgelée";Vegetables with mushrooms, pan-fried or stir-fried, seasonned, country-style, frozen;Platos y entrantes
20499;Légume cuit (aliment moyen);Vegetable, cooked (average);Frutas, verduras, legumbres y frutos secos
20500;Fève, bouillie/cuite à l'eau;Broad bean, boiled/cooked in water;Frutas, verduras, legumbres y frutos secos
20501;Haricot blanc, sec;Haricot bean, dried;Frutas, verduras, legumbres y frutos secos
20502;Haricot blanc, bouilli/cuit à l'eau;Haricot bean, boiled/cooked in water;Frutas, verduras, legumbres y frutos secos
20503;Haricot rouge, bouilli/cuit à l'eau;Red kidney bean, boiled/cooked in water;Frutas, verduras, legumbres y frutos secos
20506;Pois cassé, bouilli/cuit à l'eau;Split pea, boiled/cooked in water;Frutas, verduras, legumbres y frutos secos
20507;Pois chiche, bouilli/cuit à l'eau;Chick pea, boiled/cooked in water;Frutas, verduras, legumbres y frutos secos
20508;Haricot flageolet, appertisé, égoutté;Flageolet bean, canned, drained;Frutas, verduras, legumbres y frutos secos
20510;Lentille, cuisinée, appertisée, égouttée;Lentil, seasoned, canned, drained;Frutas, verduras, legumbres y frutos secos
20511;Haricot blanc, appertisé, égoutté;Haricot bean, canned, drained;Frutas, verduras, legumbres y frutos secos
20513;Haricot flageolet, bouilli/cuit à l'eau;Flageolet bean, boiled/cooked in water;Frutas, verduras, legumbres y frutos secos
20515;Pois cassé, sec;Split pea, dried;Frutas, verduras, legumbres y frutos secos
20516;Pois chiche, sec;Chick pea, dried;Frutas, verduras, legumbres y frutos secos
20517;Fève à écosser, fraîche, crue;Broad bean, to shell, fresh, raw;Frutas, verduras, legumbres y frutos secos
20518;Fève, sèche;Broad bean, dried;Frutas, verduras, legumbres y frutos secos
20521;Graine germée de lentille, fraîche, crue;Lentils seeds, sprouted, fresh, raw;Frutas, verduras, legumbres y frutos secos
20524;Haricot rouge, appertisé, égoutté;Red kidney bean, canned, drained;Frutas, verduras, legumbres y frutos secos
20525;Haricot rouge, sec;Red kidney bean, dried;Frutas, verduras, legumbres y frutos secos
20527;Pois d'Angole vert, frais, cru;Pigeon-pea, immature, fresh, raw;Frutas, verduras, legumbres y frutos secos
20529;Haricot de Lima ou pois savon ou pois du Cap ou pois souche, cru;Lima bean, raw;Frutas, verduras, legumbres y frutos secos
20530;Haricot mungo, sec;Beans, mung, mature, seeds, dried;Frutas, verduras, legumbres y frutos secos
20531;Haricot mungo, frais, bouilli/cuit à l'eau;Mung bean, fresh, boiled/cooked in water;Frutas, verduras, legumbres y frutos secos
20532;Pois chiche, appertisé, égoutté;Chick pea, canned, drained;Frutas, verduras, legumbres y frutos secos
20534;Lupin, graine, sec;Lupin, seed, dried;Frutas, verduras, legumbres y frutos secos
20535;Lentille corail, sèche;Lentil, pink or red, dried;Frutas, verduras, legumbres y frutos secos
20537;Haricot flageolet, frais, surgelé, cru;flageolet bean, fresh, frozen, raw;Frutas, verduras, legumbres y frutos secos
20539;Haricot flageolet, vert, sec;Flageolet bean, green, dried;Frutas, verduras, legumbres y frutos secos
20540;Haricot flageolet, vert, bouilli/cuit à l'eau;Flageolet bean, green, boiled/cooked in water;Frutas, verduras, legumbres y frutos secos
20541;Fève, pelée, fraîche, surgelée, crue;Broad bean, peeled, fresh, frozen, raw;Frutas, verduras, legumbres y frutos secos
20542;Fève, pelée, fraîche, surgelée, bouillie/cuite à l'eau;Broad bean, peeled, fresh, frozen, boiled/cooked in water;Frutas, verduras, legumbres y frutos secos
20543;Fève, fraîche, surgelée, bouillie/cuite à l'eau;Broad bean, fresh, frozen, boiled/cooked in water;Frutas, verduras, legumbres y frutos secos
20584;Tomate grappe, crue;Tomato, bunch, raw;Frutas, verduras, legumbres y frutos secos
20585;Lentille verte, sèche;Lentil, green, dried;Frutas, verduras, legumbres y frutos secos
20586;Lentille blonde, sèche;Lentil, blond, dried;Frutas, verduras, legumbres y frutos secos
20587;Lentille verte, bouillie/cuite à l'eau;Lentil, green, boiled/cooked in water;Frutas, verduras, legumbres y frutos secos
20588;Lentille blonde, bouillie/cuite à l'eau;Lentil, blond, boiled/cooked in water;Frutas, verduras, legumbres y frutos secos
20589;Lentille corail, bouillie/cuite à l'eau;Lentil, pink or red, boiled/cooked in water;Frutas, verduras, legumbres y frutos secos
20590;Crosne, cuit;Chinese or Japanese artichokes, cooked;Frutas, verduras, legumbres y frutos secos
20591;Protéine de soja texturée, réhydratée;Soy protein, textured, rehydrated;Ayudas culinarias e ingredientes
20700;Légume sec, cuit (aliment moyen);Legume, cooked (average);Frutas, verduras, legumbres y frutos secos
20823;Igname cousse-couche, pulpe, cuit à la vapeur, prélevé à la Martinique;Yam cousse-couche, pulp, steamed, sampled in the island of La Martinique;Frutas, verduras, legumbres y frutos secos
20824;Igname jaune, pulpe, cuit à la vapeur, prélevé à la Martinique;Yam yellow, pulp, steamed, sampled in the island of La Martinique;Frutas, verduras, legumbres y frutos secos
20825;Igname saint martin, pulpe, cuit à la vapeur, prélevé à la Martinique;Yam St Martin, pulp, steamed, sampled in the island of La Martinique;Frutas, verduras, legumbres y frutos secos
20832;Patate douce, pulpe, cuite à la vapeur, prélevée à la Martinique;Sweet potatoes, pulp, steamed, sampled in the island of La Martinique;Frutas, verduras, legumbres y frutos secos
20901;Soja, graine entière;Soybean, seed, whole;Frutas, verduras, legumbres y frutos secos
20903;Isolat de soja;Soy protein;Ayudas culinarias e ingredientes
20904;Tofu nature, préemballé;Tofu, plain, prepacked;Ayudas culinarias e ingredientes
20906;Tofu soyeux, préemballé;Tofu, silky, prepacked;Ayudas culinarias e ingredientes
20911;Dessert au soja, aromatisé, sucré, enrichi en calcium, rayon frais;Soy dessert, flavoured, with sugar(s), fortified with calcium, refrigerated;Lácteos
20912;Tofu fumé, préemballé;Tofu, smoked, prepacked;Ayudas culinarias e ingredientes
20914;Galette ou pavé au soja;Plant-based burger or steak from soybean;Platos y entrantes
20915;Farine de soja complète;Soya flour, wholegrain;Cereales y derivados
20916;Miso;Miso;Ayudas culinarias e ingredientes
20917;Tempeh;Tempeh;Ayudas culinarias e ingredientes
20918;Sirop pour fruits appertisés au sirop;Syrup for canned fruits;Ayudas culinarias e ingredientes
20919;Sirop léger pour fruits appertisés au sirop;Light syrup for canned fruits;Ayudas culinarias e ingredientes
20921;Dessert au soja, aromatisé, sucré, non enrichi, rayon frais;Soy dessert, flavoured, with sugar(s), not fortified, refrigerated;Lácteos
20922;Dessert végétal sans soja (amande, avoine, chanvre, coco, riz), aromatisé, sucré, non enrichi, rayon frais;Plant-based dessert (almond, oat, hemp, coconut, rice), flavoured, with sugar(s), not fortified, refrigerated;Lácteos
20923;Dessert végétal sans soja (coco, riz), aux fruits, sucré, enrichi en calcium, fermenté, rayon frais;Plant-based dessert (coconut, rice), with fruits, with sugar(s), fortified with calcium, fermented, refrigerated;Lácteos
20924;Sirop léger pour poire appertisée;Light syrup for canned pears;Ayudas culinarias e ingredientes
20925;Dessert au soja, aromatisé, sucré, enrichi en calcium et vitamine D, rayon frais;Soy dessert, flavoured, with sugar(s), fortified with calcium and vitamin D, refrigerated;Lácteos
20926;Dessert au soja, aux fruits, sucré, enrichi en calcium et vitamine D, fermenté, rayon frais;Soy dessert, with fruits, with sugar(s), fortified with calcium and vitamin D, fermented, refrigerated;Lácteos
20927;Dessert végétal sans soja (amande, avoine, chanvre, coco, riz), nature, sans sucres ajoutés, non enrichi, rayon frais;Plant-based dessert (almond, oat, hemp, coconut, rice), plain, no added sugars, not fortified, refrigerated;Lácteos
20928;Dessert végétal sans soja, rayon frais (aliment moyen);Plant-based dessert without soy, refrigerated (average);Lácteos
20929;Dessert au soja, rayon frais (aliment moyen);Soy dessert, refrigerated (average);Lácteos
20982;Spiruline (algue), fraîche, crue;Seaweed, Spirulina (spirulina sp.), fresh, raw;Ayudas culinarias e ingredientes
20983;Criste marine, fraîche, crue;Seaweed, Sea fennel, fresh, raw;Ayudas culinarias e ingredientes
20985;Laitue de mer (Ulva sp.), séchée ou déshydratée;Sea lettuce (Ulva sp.), dried or dehydrated;Ayudas culinarias e ingredientes
20986;Kombu royal (Saccharina latissima), séché ou déshydraté;Sea belt (Saccharina latissima), dried or dehydrated;Ayudas culinarias e ingredientes
20987;Nori (Porphyra sp., Pyropia), séchée ou déshydratée;Laver (Porphyra sp.), dried or dehydrated;Ayudas culinarias e ingredientes
20988;Dulse (Palmaria palmata), séchée ou déshydratée;Dulse (Palmaria palmata), dried or dehydrated;Ayudas culinarias e ingredientes
20990;Kombu ou kombu japonais (Saccharina japonica), séché ou déshydraté;Kombu or Japanese kelp (Saccharina japonica), dried or dehydrated;Ayudas culinarias e ingredientes
20991;Kombu breton (Laminaria digitata), séché ou déshydraté;Tangle (Laminaria digitata), dried or dehydrated;Ayudas culinarias e ingredientes
20992;Haricot de mer (Himanthalia elongata), séchée ou déshydratée;Sea thong (Himanthalia elongata), dried or dehydrated;Ayudas culinarias e ingredientes
20993;Gracilaire ou ogonori (Gracilaria verrucosa), séchée ou déshydratée;Gracilaria seaweeds (Gracilaria sp.), dried or dehydrated;Ayudas culinarias e ingredientes
20994;Fucus vésiculeux (Fucus serratus ou Fucus vesiculosus), séché ou déshydraté;Toothed wrack or bladder wrack (Fucus serratus et vesiculosus), dried or dehydrated;Ayudas culinarias e ingredientes
20995;Ao-nori (Ulva sp., ex Enteromorpha sp.), séchée ou déshydratée;Gut weed (Ulva sp.), dried or dehydrated;Ayudas culinarias e ingredientes
20996;Lichen de mer ou pioca ou goémon rouge (Chondrus crispus), séché ou déshydraté;Carragheen mosses (Chondrus crispus), dried or dehydrated;Ayudas culinarias e ingredientes
20998;Ascophylle noueux ou goémon noir (Ascophyllum nodosum), séché ou déshydraté;North Atlantic rockweed (Ascophyllum nodosum), dried or dehydrated;Ayudas culinarias e ingredientes
20999;Wakamé atlantique (Alaria esculenta), séché ou déshydraté;Atlantic wakame (Alaria esculenta), dried or dehydrated;Ayudas culinarias e ingredientes
21001;Mouton, viande crue;Mutton, meat, raw;Carnes, huevos y pescados
21003;Mouton, épaule crue;Mutton, shoulder, raw;Carnes, huevos y pescados
21004;Mouton, pied cru;Sheep, foot, raw;Carnes, huevos y pescados
21005;Mouton, tête crue;Sheep, head, raw;Carnes, huevos y pescados
21006;Mouton, gigot cru;Mutton, leg, raw;Carnes, huevos y pescados
21500;Agneau, côtelette crue;Lamb, cutlet, raw;Carnes, huevos y pescados
21501;Agneau, côtelette grillée/poêlée;Lamb cutlet, grilled/pan-fried;Carnes, huevos y pescados
21502;Agneau, gigot cru;Lamb, leg, raw;Carnes, huevos y pescados
21503;Agneau, gigot rôti/cuit au four;Lamb, leg, roasted/baked;Carnes, huevos y pescados
21504;Agneau, épaule crue;Lamb, shoulder, raw;Carnes, huevos y pescados
21505;Agneau, épaule maigre crue;Lamb, shoulder, lean, raw;Carnes, huevos y pescados
21506;Agneau, épaule rôtie/cuite au four;Lamb, shoulder, roasted/baked;Carnes, huevos y pescados
21507;Agneau, épaule maigre rôtie/cuite au four;Lamb, shoulder, lean, roasted/baked;Carnes, huevos y pescados
21508;Agneau, collier braisé ou bouilli;Lamb, neck, braised or boiled;Carnes, huevos y pescados
21509;Agneau, côte filet grillée/poêlée;Lamb, chop fillet, grilled/pan-fried;Carnes, huevos y pescados
21512;Agneau, côte première grillée/poêlée;Lamb, rib chop, grilled/pan-fried;Carnes, huevos y pescados
21513;Agneau, selle, partie maigre rôtie/cuite au four;Lamb, saddle, lean, roasted/baked;Carnes, huevos y pescados
21514;Agneau, collier cru;Lamb, neck, raw;Carnes, huevos y pescados
21515;Agneau, selle crue;Lamb, saddle, raw;Carnes, huevos y pescados
21516;Agneau, côte filet crue;Lamb, chop fillet, raw;Carnes, huevos y pescados
21517;Agneau, côte première crue;Lamb, rib chop, raw;Carnes, huevos y pescados
21518;Agneau, gigot grillé/poêlé;Lamb, leg, grilled/pan-fried;Carnes, huevos y pescados
21519;Agneau, gigot braisé;Lamb, leg, braised;Carnes, huevos y pescados
21520;Agneau, selle, partie maigre grillée/poêlée;Lamb, saddle, lean, grilled/pan-fried;Carnes, huevos y pescados
21521;Agneau, côte ou côtelette, crue (aliment moyen);Lamb, chop, raw (average);Carnes, huevos y pescados
21522;Agneau, côte ou côtelette, cuite (aliment moyen);Lamb, chop, cooked (average);Carnes, huevos y pescados
21523;Agneau, viande, cuite (aliment moyen);Lamb, meat, cooked (average);Carnes, huevos y pescados
21524;Agneau, côte ou côtelette, grillée/poêlée (aliment moyen);Lamb, chop, grilled/pan-fried (average);Carnes, huevos y pescados
21525;Agneau, côte découverte crue;Lamb, spare rib, raw;Carnes, huevos y pescados
21800;Chevreau, viande crue;Kid meat, raw;Carnes, huevos y pescados
21801;Chevreau, viande cuite;Kid meat, cooked;Carnes, huevos y pescados
22000;Oeuf cru;Egg, raw;Carnes, huevos y pescados
22001;Oeuf, blanc (blanc d'oeuf), cru;Egg white, raw;Carnes, huevos y pescados
22002;Oeuf, jaune (jaune d'oeuf), cru;Egg yolk, raw;Carnes, huevos y pescados
22003;Oeuf, jaune (jaune d'oeuf), en poudre;Egg yolk, powder;Carnes, huevos y pescados
22004;Oeuf, blanc (blanc d'oeuf), en poudre;Egg white, powder;Carnes, huevos y pescados
22008;Oeuf, blanc (blanc d'oeuf), cuit;Egg white, cooked;Carnes, huevos y pescados
22009;Oeuf, jaune (jaune d'oeuf), cuit;Egg yolk, cooked;Carnes, huevos y pescados
22010;Oeuf dur;Egg, hard-boiled;Carnes, huevos y pescados
22011;Oeuf poché;Egg, poached;Carnes, huevos y pescados
22013;Oeuf, en poudre;Egg, powder;Carnes, huevos y pescados
22014;Oeuf à la coque;Egg, soft-boiled;Carnes, huevos y pescados
22050;Oeuf de caille, cru;Quail egg, raw;Carnes, huevos y pescados
22060;Oeuf de cane, cru;Duck egg, raw;Carnes, huevos y pescados
22070;Oeuf d'oie, cru;Goose egg, raw;Carnes, huevos y pescados
22080;Oeuf de dinde, cru;Turkey egg, raw;Carnes, huevos y pescados
22500;Omelette nature, faite maison;Omelette, plain, homemade;Carnes, huevos y pescados
22502;Oeuf brouillé, avec matière grasse;Egg, scrambled, with added fat;Carnes, huevos y pescados
22505;Oeuf au plat, sans matière grasse;Egg, fried, without added fat;Carnes, huevos y pescados
22506;Omelette au fromage, faite maison;Omelette with cheese, homemade;Carnes, huevos y pescados
22507;Omelette aux lardons, faite maison;Omelette with lardoons, homemade;Carnes, huevos y pescados
22508;Omelette aux champignons, faite maison;Omelette with mushrooms, homemade;Carnes, huevos y pescados
22509;Omelette à la ciboulette, faite maison;Omelette with herbs, homemade;Carnes, huevos y pescados
22510;Tortilla espagnole aux oignons (omelette aux pommes de terre et oignons), préemballée;Spanish-style tortilla with onions (omelette with potatoes and onions), prepacked;Carnes, huevos y pescados
22511;Omelette, garnitures diverses : légumes, fromages, viandes... (aliment moyen);Omelette with vegetables, cheese or meat (average);Carnes, huevos y pescados
23000;Gâteau (aliment moyen);Cake (average);Dulces y azúcares
23001;Cheesecake, préemballé;Cheesecake, prepacked;Dulces y azúcares
23005;Gâteau Paris-Brest (pâte à choux crème mousseline praliné);Chou pastry with praline flavoured custard;Dulces y azúcares
23006;Forêt noire, pâtisserie type génoise au chocolat et crème multi-couches, avec ou sans cerises;"Sponge cake with chocolate with or without cherry ""black forest cake""";Dulces y azúcares
23007;Gâteau mousse de fruits sur génoise, type miroir, bavarois;Sponge cake with fruit mousse;Dulces y azúcares
23008;Entremets type Opéra;Dessert, Opera cake type;Dulces y azúcares
23009;Fraisier ou framboisier;Sponge sandwich cake filled and topped with strawberries or raspberries;Dulces y azúcares
23022;Canelé;Canelé cake;Dulces y azúcares
23023;Kouign amann, préemballé;Kouign amann, Buttered and caramelized milkbread cake, prepacked;Dulces y azúcares
23024;Macaron moelleux fourré à la confiture ou à la crème;Macaroon filled with jam or cream;Dulces y azúcares
23027;Macaron sec;Macaroon, biscuit, dry;Dulces y azúcares
23030;Bûche de Noël pâtissière;Christmas log cake;Dulces y azúcares
23031;Brownie au chocolat et aux fruits à coques, préemballé;Brownie (chocolate cake), with nuts, prepacked;Dulces y azúcares
23032;Brownie au chocolat, préemballé;Brownie (chocolate cake), prepacked;Dulces y azúcares
23033;Rocher coco ou congolais (petit gâteau à la noix de coco), préemballé;Rock-shaped coconut cake, prepacked;Dulces y azúcares
23050;Biscuit de Savoie;Savoy-style sponge cake;Dulces y azúcares
23080;Quatre-quarts (beurre, oeufs, sucre, farine), artisanal;Butter pound cake, traditional;Dulces y azúcares
23081;Quatre-quarts (beurre, oeufs, sucre, farine), préemballé;Butter pound cake, prepacked;Dulces y azúcares
23082;Barre pâtissière, préemballée;Pound cake, prepacked;Dulces y azúcares
23103;Gâteau moelleux au citron, préemballé;Soft cake, with lemon, prepacked;Dulces y azúcares
23120;Gâteau breton fourré à la crème de pruneaux, préemballé;Breton pudding cake with prunes filling, prepacked;Dulces y azúcares
23121;Far breton aux pruneaux;Breton pudding cake with prunes;Dulces y azúcares
23122;Kouign Amann, artisanal;Kouign amann, Buttered and caramelized milkbread cake, from bakery;Dulces y azúcares
23200;Pain d'épices, préemballé;Gingerbread, prepacked;Dulces y azúcares
23220;Pain d'épices fourré aux fruits ou nonnette, préemballé;Gingerbread with filling, prepacked;Dulces y azúcares
23300;Baklava ou baklawa (pâtisserie orientale aux amandes et sirop);Baklava (oriental pastry with almonds and syrup);Dulces y azúcares
23301;Corne de gazelle (pâtisserie orientale aux amandes en forme de croissant recouverte de sucre glace);Gazelle horn (oriental pastry with almonds, crescent shaped and covered with icing sugar);Dulces y azúcares
23399;Pâte brisée, préemballée, cuite (aliment moyen);Short crust pastry, prepacked, cooked (average);Cereales y derivados
23402;Pâte à pizza fine, préemballée, crue;Thin-crust pizza dough, prepacked, raw;Cereales y derivados
23410;Pâte brisée, matière grasse végétale, préemballée, crue;Short crust pastry, with vegetal fat, prepacked, raw;Cereales y derivados
23412;Pâte brisée, matière grasse végétale, préemballée, cuite;Short crust pastry, with vegetal fat, prepacked, cooked;Cereales y derivados
23414;Pâte brisée, pur beurre, préemballée, crue;Short crust pastry, pure butter, prepacked, raw;Cereales y derivados
23415;Pâte brisée, pur beurre, surgelée, préemballée, crue;Short crust pastry, pure butter, frozen, prepacked, raw;Cereales y derivados
23416;Pâte brisée, pur beurre, préemballée, cuite;Short crust pastryt, pure butter, prepacked, cooked;Cereales y derivados
23420;Pâte feuilletée, matière grasse végétale, crue;Puff pastry, with vegetal fat, prepacked, raw;Cereales y derivados
23424;Pâte feuilletée, pur beurre, préemballée, crue;Puff pastry, pure butter, prepacked, raw;Cereales y derivados
23425;Pâte feuilletée, pur beurre, surgelée, préemballée, crue;Puff pastry, pure butter, frozen, prepacked, raw;Cereales y derivados
23426;Pâte feuilletée, pur beurre, préemballée, cuite;Puff pastry, pure butter, prepacked, cooked;Cereales y derivados
23430;Feuille de brick ou khatfa, préemballée, cuite à sec sans matière grasse;Khatfa (phyllo or filo pastry sheets), prepacked, dry cooked, without fat;Cereales y derivados
23440;Pâte sablée, préemballée, crue;Shortbread dough, prepacked, raw;Cereales y derivados
23442;Pâte sablée, préemballée, cuite;Shortbread dough, prepacked, cooked;Cereales y derivados
23444;Pâte sablée, pur beurre, préemballée, crue;Shortbread dough, pure butter, prepacked, raw;Cereales y derivados
23445;Pâte phyllo ou pâte filo, crue;Phyllo or filo dough, raw;Cereales y derivados
23446;Pâte sablée, pur beurre, surgelée, préemballée, crue;Shortbread dough, pure butter, frozen, prepacked, raw;Cereales y derivados
23448;Pâte sablée, pur beurre, préemballée, cuite;Shortbread dough, pure butter, prepacked, cooked;Cereales y derivados
23455;Chou à la crème, sans précision (chantilly ou pâtissière);Chou pastry filled cream (whipped or custard);Dulces y azúcares
23456;Chou à la crème chantilly, Saint-honoré;Chou pastry filled with whipped cream;Dulces y azúcares
23457;Chou à la crème pâtissière;Chou pastry filled with custard cream;Dulces y azúcares
23467;Chouquette;Chou pastry, sugar coated;Dulces y azúcares
23472;Profiterole avec glace vanille et sauce chocolat;Profiteroles (chou pastry), with vanilla ice cream and chocolate sauce;Helados y sorbetes
23474;Profiteroles (crème pâtissière et sauce chocolat), rayon frais;Profiteroles (chou pastry) with custard and chocolate sauce, refrigerated;Lácteos
23477;Éclair;Eclair;Dulces y azúcares
23479;Tarte aux fruits et crème pâtissière;Fruit pie with custard cream;Dulces y azúcares
23480;Chausson aux pommes;Apple turnover;Dulces y azúcares
23481;Tarte normande aux pommes (garniture farine, oeufs, crème, sucre, calvados), artisanale;Apple pie with custard (flour, eggs, cream, sugar, apple alcohol), from bakery;Dulces y azúcares
23485;Tarte au citron;Lemon tart;Dulces y azúcares
23490;Tarte ou tartelette aux pommes;Apple tart;Dulces y azúcares
23491;Tarte aux fraises, artisanale;Strawberries tart, from bakery;Dulces y azúcares
23493;Crumble aux pommes, préemballé;Apple crumble, prepacked;Dulces y azúcares
23494;Tarte aux abricots;Apricots tart;Dulces y azúcares
23495;Tarte aux fruits rouges;Red berries tart;Dulces y azúcares
23496;Tarte tatin aux pommes;Tatin tart (caramelized upside-down apple tart);Dulces y azúcares
23497;Tarte au chocolat, fabrication artisanale;Chocolate tart, from bakery;Dulces y azúcares
23498;Tarte ou tartelette aux fruits (aliment moyen);Fruit tart (average);Dulces y azúcares
23525;Flan pâtissier aux oeufs ou à la parisienne;Flan tart with eggs;Dulces y azúcares
23531;Charlotte aux fruits;Fruit charlotte;Dulces y azúcares
23534;Gâteau de semoule aux raisins et caramel, rayon frais;Semolina pudding with raisins and caramel sauce, refrigerated;Lácteos
23536;Gâteau de riz au caramel, rayon frais;Rice pudding with caramel sauce, refrigerated;Lácteos
23540;Gâteau moka ou gâteau au café;Moka cake;Dulces y azúcares
23585;Gâteau au chocolat, préemballé;Chocolate cake, prepacked;Dulces y azúcares
23586;Gâteau au chocolat type fondant ou mi-cuit, préemballé;Chocolate soft cake, prepacked;Dulces y azúcares
23588;Gâteau ou cake au yaourt, préemballé;Yogurt cake, prepacked;Dulces y azúcares
23594;Gâteau moelleux nature type génoise, préemballé;Soft cake, plain, sponge cake type, prepacked;Dulces y azúcares
23680;Galette des rois feuilletée, fourrée à la pomme;Twelfth Night cake (puff pastry filled with applesauce);Dulces y azúcares
23684;Galette des rois feuilletée, fourrée frangipane, et Pithiviers;Twelfth Night cake (puff pastry filled with almond paste);Dulces y azúcares
23799;Crêpe, nature, préemballée, rayon frais;Crepe, plain, prepacked, refrigerated;Dulces y azúcares
23800;Crêpe, nature, préemballée, rayon température ambiante;Crepe, plain, prepacked, room temperature;Dulces y azúcares
23801;Galette de sarrasin, nature, souple (à garnir) préemballée;Buckwheat crepe, plain, to be filled, prepacked;Dulces y azúcares
23802;Gâteau basque à la crème pâtissière;Basque cake (shortbread), with custard cream;Dulces y azúcares
23803;Gâteau basque aux cerises;Basque cake (shortbread), with cherries;Dulces y azúcares
23804;Crêpe fourrée au chocolat et aux billes de céréales croustillantes, préemballée;Crepe filled chocolate and cerels balls, prepacked;Dulces y azúcares
23805;Blinis;Blinis;Cereales y derivados
23815;Crêpe fourrée au sucre, préemballée;Crepe filled with sugar, prepacked;Dulces y azúcares
23820;Crêpe fourrée à la confiture, faite maison;Crepe filled with jam, home-made;Dulces y azúcares
23821;Crêpe fourrée au chocolat ou à la pâte à tartiner chocolat et noisettes, faite maison;Crepe filled with chocolate or chocolate and hazelnut spread, home-made;Dulces y azúcares
23827;Pancake (petite crêpe épaisse), sucrée, préemballée;Pancake, with sugar(s), prepacked;Dulces y azúcares
23828;Pancake (petite crêpe épaisse), fourrée à la pâte à tartiner chocolat noisette, préemballée;Pancake filled with chocolate and hazelnut spread, prepacked;Dulces y azúcares
23829;Crêpe fourrée au chocolat, préemballée;Crepe filled with chocolate, prepacked;Dulces y azúcares
23830;Crêpe fourrée fraise, préemballée;Crepe with strawberry filling, prepacked;Dulces y azúcares
23849;Gaufre fine fourrée au miel, au caramel ou à la vergeoise, préemballée;Wafer biscuit, thin, filled with honey, caramel or soft brown sugar, prepacked;Dulces y azúcares
23850;Gaufre bruxelloise ou liégeoise nature, artisanale;Waffle, from bakery, plain, from bakery;Dulces y azúcares
23851;Gaufre moelleuse (type bruxelloise ou liégeoise), nature ou sucrée, préemballée;Soft waffle (Brussels-style), plain or with sugar(s), prepacked;Dulces y azúcares
23852;Gaufre moelleuse (type bruxelloise ou liégeoise), au chocolat, préemballée;Soft waffle (Brussels-style), with chocolate, prepacked;Dulces y azúcares
23853;Gaufre croustillante (fine ou sèche), nature ou sucrée, préemballée;Wafer biscuit, crunchy (thin or dried), plain or with sugar(s), prepacked;Dulces y azúcares
23880;Beignet ou donut rond moelleux, sans fourrage, saupoudré de sucre;Doughnut, plain, sprinkled with sugar;Dulces y azúcares
23881;Beignet ou donut fourré aux fruits (fourrage type confiture), préemballé;Doughnut filled with fruit filling (e.g. jam), prepacked-> ARCHIVE;Dulces y azúcares
23885;Beignet ou donut fourré ou nappé goût chocolat ou chocolat noisette, préemballé;Doughnut filled or covered with chocolate or with chocolate and hazelut paste, prepacked;Dulces y azúcares
23900;Pâtisserie (aliment moyen);Pastry (average);Dulces y azúcares
23909;Cake aux fruits (confits et/ou raisins secs), préemballé;Fruit cake (candied fruits and/or raisins), prepacked;Dulces y azúcares
23925;Gâteau marbré au chocolat, préemballé;Marble cake, prepacked;Dulces y azúcares
23935;Gâteau moelleux nature, préemballé;Soft cake, plain, prepacked;Dulces y azúcares
23937;Gâteau moelleux aux fruits, préemballé;Soft cake, with fruits, prepacked;Dulces y azúcares
23938;Gâteau moelleux aux fruits à coque, type gâteau creusois, préemballé;Soft cake with nuts, prepacked;Dulces y azúcares
23939;Gâteau moelleux fourré au chocolat, type mini-cake, mini-roulé, ourson…, préemballé;Soft cake filled with chocolate, prepacked;Dulces y azúcares
23941;Gâteau moelleux fourré aux fruits type mini-roulé ou mini-cake fourré, préemballé;Soft cake filled with fruits, mini sponge roll type, prepacked;Dulces y azúcares
23943;Gâteau moelleux aux pépites de chocolat, type mini-cake, préemballé;Soft cake, with chocolate chips, prepacked;Dulces y azúcares
23944;Gâteau moelleux fourré au chocolat et enrobé ou nappé de chocolat, préemballé;Soft cake filled with chocolate and with chocolate coating, prepacked;Dulces y azúcares
23945;Gâteau moelleux fourré au chocolat et au lait, enrobé de chocolat, préemballé;Soft cake filled with chocolate and milk, with chocolate coating prepacked;Dulces y azúcares
23951;Muffin, aux fruits (myrtilles et autres), préemballé;Muffin, with fruits (e.g. blueberries), prepacked;Dulces y azúcares
23952;Muffin, au chocolat, préemballé;Muffin, with chocolate, prepacked;Dulces y azúcares
24000;Biscuit sec, sans précision;Biscuit (cookie);Dulces y azúcares
24001;Biscuit sec nature;Biscuit (cookie), plain;Dulces y azúcares
24002;Biscuit sec à teneur garantie en vitamines;Biscuit (cookie), vitamin content guaranteed;Dulces y azúcares
24003;Biscuit sec à teneur garantie en vitamines et minéraux;Biscuit (cookie), vitamin and mineral content guaranteed;Dulces y azúcares
24004;Biscuit sec aux fruits, hyposodé ou à teneur réduite en sel;Biscuit (cookie) with fruits, low salt;Dulces y azúcares
24006;Biscuit sec au soja, enrichi en vitamines et minéraux;Soja biscuit, fortified with vitamins and minerals;Dulces y azúcares
24008;Biscuit sec fourré aux fruits, allégé en matière grasse;Biscuit (cookie) filled with fruits, reduced fat;Dulces y azúcares
24009;Spéculoos;Speculoos biscuit;Dulces y azúcares
24010;Biscuit sec, avec matière grasse végétale;Biscuit (cookie), with vegetal fat;Dulces y azúcares
24011;Biscuit sec, assortiment;Biscuit (cookie), assortment;Dulces y azúcares
24012;Biscuit sec au chocolat, sans sucres ajoutés, avec édulcorants, enrichi en vitamines;Biscuit (cookie), with chocolate, no added sugars and with sweetener(s), fortified with vitamins;Dulces y azúcares
24013;Biscuit sec, sans sucres ajoutés, avec édulcorant;Biscuit (cookie), no added sugars and with sweetener(s);Dulces y azúcares
24014;Biscuit sec avec tablette de chocolat et fourrage au lait;Biscuit (cookie), with a chocolate bar covering, milk filling;Dulces y azúcares
24015;Biscuit sec petit beurre;Butter biscuit (cookie);Dulces y azúcares
24016;Biscuit sec avec tablette de chocolat;Biscuit (cookie), with a chocolate bar covering;Dulces y azúcares
24017;Biscuit sec petit beurre au chocolat (tablette ou pépites);Butter biscuit (cookie), with chocolate (chocolate chips or covering);Dulces y azúcares
24018;Biscuit sec sans gluten, petit beurre;Butter biscuit (cookie), gluten free;Dulces y azúcares
24019;Biscuit sec sans gluten, au chocolat;Biscuit, with chocolate, gluten free;Dulces y azúcares
24020;Biscuit sec aux céréales complètes;Biscuit (cookie) from whole grain cereals;Dulces y azúcares
24021;Biscuit sec petit beurre au blé complet;Butter biscuit (cookie), whole wheat;Dulces y azúcares
24028;Biscuit sec au sésame, non enrichi;Biscuit (cookie), with sesame, not fortified;Dulces y azúcares
24029;Biscuit sec au sésame, enrichi en vitamines et minéraux;Biscuit (cookie), with sesame, fortifed with vitamins and minerals;Dulces y azúcares
24031;Biscuit sec sans chocolat, allégé en matière grasse;Biscuit (cookie), without chocolate, reduced fat;Dulces y azúcares
24034;Biscuit sec pour petit déjeuner, sans chocolat, non enrichi;Breakfast biscuit (cookie), without chocolate, not fortified;Dulces y azúcares
24035;Biscuit sec pour petit déjeuner, allégé en sucres;Breakfast biscuit (cookie), reduced sugar;Dulces y azúcares
24036;Biscuit sec au chocolat, non enrichi;Biscuit (cookie), with chocolate, not fortified;Dulces y azúcares
24037;Biscuit sec fourré à la pâte ou purée de fruits (ex : figue);Biscuit (cookie) filled with fruit paste or fruit puree;Dulces y azúcares
24038;Biscuit sec, sablé, nappé de chocolat;Biscuit (cookie), with chocolate covering;Dulces y azúcares
24040;Biscuit sec pour petit déjeuner, au chocolat, non enrichi;Breakfast biscuit (cookie), with chocolate, not fortified;Dulces y azúcares
24041;Biscuit sec pour petit déjeuner, tous parfums, enrichi en vitamines et minéraux;Breakfast biscuit (cookie), fortified with vitamins and minerals;Dulces y azúcares
24042;Biscuit sec au chocolat, enrichi en vitamines et minéraux;Biscuit (cookie) with cereals, fortified with vitamins and minerals;Dulces y azúcares
24048;Biscuit sec, sablé, galette ou palet, autre que pur beurre;Biscuit (cookie), shortbread, commercial, whith vegetal fat;Dulces y azúcares
24049;Biscuit sec, sablé, galette ou palet, au beurre;Biscuit shortbread, with butter;Dulces y azúcares
24050;Biscuit sec, sablé, galette ou palet, au beurre, au chocolat;Biscuit shortbread, with butter and chocolate;Dulces y azúcares
24051;Biscuit (génoise), nappé de chocolat, type barquette;Biscuit sponge cake, with chocolate covering, pre-packed;Dulces y azúcares
24052;Biscuit sec (tartelette), nappé au chocolat, préemballé;Biscuit (small tart), with chocolate covering, prepacked;Dulces y azúcares
24054;Biscuit sec, sablé, galette ou palet, aux fruits;Biscuit shortbread, with fruits;Dulces y azúcares
24056;Florentin (biscuit sec au chocolat et aux amandes);Florentine biscuit (chocolate biscuit or cookie with almonds);Dulces y azúcares
24057;Biscuit sec, sablé, fourré aux fruits type lunette de Romans;"Biscuit shortbread, with fruit filling, ""lunette"" type";Dulces y azúcares
24061;Biscuit meringué fourré (chocolat, noisette, noix de coco…), nappé ou sur base de chocolat;biscuit with meringue, filled (chocolate, hazelut, coconut…) with chocolate covering or chocolate base;Dulces y azúcares
24070;Biscuit sec à la noix de coco;Biscuit (cookie) with coconut;Dulces y azúcares
24071;Sablé pâtissier, artisanal;Shortbread pastry biscuit, from bakery;Dulces y azúcares
24224;"Biscuit au chocolat fourré (""sandwiché"") parfum vanille, rond, noir et blanc";Chocolate biscuit (cookie), with vanilla filling, round, black and white;Dulces y azúcares
24225;"Goûter sec fourré (""sandwiché"") parfum lait ou vanille";Biscuit (cookie), snack with dairy or vanilla filling;Dulces y azúcares
24230;"Goûter sec fourré (""sandwiché"") parfum chocolat, au blé complet";Biscuit (cookie), snack with chocolate filling, whole wheat whole wheat;Dulces y azúcares
24231;"Goûter sec fourré (""sandwiché"") parfum chocolat";Biscuit (cookie), snack with chocolate filling;Dulces y azúcares
24240;"Goûter sec fourré (""sandwiché"") parfum fruits";Biscuit (cookie), snack with fruits filling;Dulces y azúcares
24300;Gaufrette (éventail, cigarette…), sans fourrage;Wafer biscuit without filling;Dulces y azúcares
24311;Gaufrette fourrée et/ou enrobée de chocolat;Wafer biscuit, filled or coated with chocolate;Dulces y azúcares
24312;Gaufrette fourrée, aux fruits à coque (noisette, amande, praliné, etc.), avec ou sans chocolat;Wafer biscuit, with nuts (hazelnut, almond, praliné, etc.) filling, with chocolate or not, prepacked;Dulces y azúcares
24313;Gaufrette, fourrée vanille;Wafer biscuit, with vanilla filling;Dulces y azúcares
24320;Gaufrette fourrée, aux fruits;Wafer biscuit, with fruit filling;Dulces y azúcares
24370;Crêpe dentelle nature;Wafer cookie or crepe dentelle, plain;Dulces y azúcares
24371;Crêpe dentelle, nappée de chocolat;Wafer cookie, crepe dentelle, with chocolate covering;Dulces y azúcares
24430;Biscuit sec aux oeufs à la cuillère (cuiller) ou boudoir;Biscuit (cookie), sponge fingers or lady fingers;Dulces y azúcares
24441;Biscuit sec, type langue de chat ou cigarette russe;Biscuit (cookie), cat tongue type;Dulces y azúcares
24520;Meringue;Meringue;Dulces y azúcares
24614;Biscuit sec croquant aux amandes (ex. canistrelli);Biscuit (cookie), hard, with almonds (e.g. canistrelli);Dulces y azúcares
24615;Biscuit sec fin ou tuile, aux amandes;Biscuit (cookie), thin, with almonds;Dulces y azúcares
24616;Biscuit sec fin ou tuile, saveur citron ou orange;Biscuit (cookie), thin, lemon or orange lavour;Dulces y azúcares
24630;Madeleine, pur beurre, préemballée;Madeleine cake, pure butter, prepacked;Dulces y azúcares
24631;Madeleine au chocolat (nappage, pépites ou fourrage…), préemballée;Madeleine cake, with chocolate, prepacked;Dulces y azúcares
24632;Madeleine ordinaire, préemballée;Madeleine cake, prepacked;Dulces y azúcares
24654;Biscuit sec ou galette à l'avoine, nappée de chocolat;Biscuit, oat, with chocolate covering;Dulces y azúcares
24655;Biscuit sec ou galette à l'avoine;Biscuit, oat, plain;Dulces y azúcares
24656;Cookie aux cranberries et au chocolat blanc, préemballé;Biscuit, cookie, cranberries and white chocolate, prepacked;Dulces y azúcares
24657;Biscuit sec, type batonnet, stick, vrille ou torsade, nappé de chocolat;Biscuit, stick, with chocolate covering;Dulces y azúcares
24658;Biscuit sec feuilleté, type palmier ou autres, nappé de chocolat;Biscuit puff pastry, with chocolate covering;Dulces y azúcares
24659;Biscuit sec feuilleté, type palmier ou autres, préemballé;Biscuit puff pastry, prepacked;Dulces y azúcares
24660;Biscuit sec feuilleté, type palmier ou autres, artisanal;Biscuit (puff pastry), palmier, from bakery;Dulces y azúcares
24663;Tarte aux poires amandine;Pear tart with almonds;Dulces y azúcares
24664;Gâteau aux amandes type financier, préemballé;Almond cake, financier, prepacked;Dulces y azúcares
24666;Mille-feuille;Mille-feuille pastry;Dulces y azúcares
24674;Gâteau moelleux sans gluten (cake, madeleine…), préemballé;Soft cake, without chocolate, gluten free, prepacked;Dulces y azúcares
24675;Gâteau moelleux sans gluten (cake, brownie…), au chocolat, préemballé;Soft cake, with chocolate, gluten free, prepacked;Dulces y azúcares
24676;Cookie au chocolat et aux fruits à coque (noisettes, amandes, noix de pécan…), préemballé;Biscuit (cookie), with chocolate and nuts, prepacked;Dulces y azúcares
24678;Biscuit (génoise), nappé aux fruits, type barquette;Biscuit sponge cake with fruits covering, pre-packed;Dulces y azúcares
24679;Biscuit sec (tartelette), nappé aux fruits, préemballé;Biscuit (small tart), with fruit covering, prepacked;Dulces y azúcares
24680;Biscuit moelleux fourré à l'orange et enrobé de sucre glace;Soft cake, filled with orange paste and sugar icing coating;Dulces y azúcares
24684;Cookie au chocolat, préemballé;Biscuit (cookie), with chocolate, prepacked;Dulces y azúcares
24685;Cône ou cornet classique, pour glace;Cone, wafer for ice cream;Dulces y azúcares
24686;Biscuit (génoise), fourré aux fruits (ex : orange, cerise…), nappé de chocolat;Biscuit sponge cake, filled with fruits and with chocolate covering;Dulces y azúcares
24687;Cookie aux pépites de chocolat et à la noix de coco, préemballé;Biscuit (cookie), with chocolate chips and coconut, prepacked;Dulces y azúcares
24689;Biscuit pour bébé;Baby biscuit;Alimentos infantiles
24998;Poisson blanc en sauce, préemballé (aliment moyen);White fish with sauce, prepacked (average);Platos y entrantes
24999;Dessert (aliment moyen);Dessert (average);Otros
25001;Blanquette de veau, préemballée;Veal stew in white sauce, prepacked;Platos y entrantes
25002;Cassoulet, appertisé;White bean stew, canned;Platos y entrantes
25003;Choucroute garnie, préemballée;Sauerkraut, with garnish (cooked meats), prepacked;Platos y entrantes
25009;Hachis parmentier à la viande, préemballé;Shepherd's pie or cottage pie with meat, prepacked;Platos y entrantes
25010;Petit salé ou saucisse aux lentilles, préemballé;Salt-cured pork belly with lentils, prepacked;Platos y entrantes
25013;Pot-au-feu, préemballé;Boiled meat with vegetables, prepacked;Platos y entrantes
25018;Ratatouille cuisinée, préemballée;Ratatouille, seasoneded, prepacked;Platos y entrantes
25019;Ravioli au boeuf, sauce tomate, appertisé;Ravioli filled with meat, in tomato sauce, canned;Platos y entrantes
25020;Soufflé au fromage;Cheese soufflé;Platos y entrantes
25026;Épinard à la crème, préemballé;Spinach with cream sauce, prepacked;Platos y entrantes
25029;Couscous au mouton;Couscous with mutton;Platos y entrantes
25031;Paëlla, préemballée;Paëlla, prepacked;Platos y entrantes
25033;Boeuf bourguignon, préemballé;Burgundy-style beef stew, prepacked;Platos y entrantes
25037;Gratin ou cassolette de poisson et / ou fruits de mer, préemballé, cru;Fish or seafood au gratin, intended to be cooked, prepacked, raw;Platos y entrantes
25038;Gratin ou cassolette de poisson et / ou fruits de mer, préemballé, cuit;Fish and shrimp au gratin, prepacked, cooked;Platos y entrantes
25043;Couscous à la viande ou au poulet, allégé en matière grasse, préemballé,;Couscous with meat or chicken, reduced fat, prepacked;Platos y entrantes
25052;Gratin d'aubergine, préemballé;Eggplant au gratin, prepacked;Platos y entrantes
25056;Gratin dauphinois, préemballé;Dauphiné-style creamed potatoes au gratin, prepacked;Platos y entrantes
25057;Poêlée de pommes de terre préfrites, lardons ou poulet, et autres, sans légumes verts, préemballée;Pre-fried potatoes, pan-fried, with bacon bits or chicken, without green vegetables, prepacked;Platos y entrantes
25058;Canard en sauce (poivre vert, chasseur, etc.), préemballé;Duck with sauce (green pepper sauce, hunter-style sauce, etc.) , prepacked;Platos y entrantes
25063;Lapin à la moutarde, préemballé;Rabbit with mustard sauce, prepacked;Platos y entrantes
25065;Boeuf aux carottes, préemballé;Beef stew with carrots, prepacked;Platos y entrantes
25071;Potée auvergnate (chou et porc);Pork sausage stew with cabbage, carrots and potatoes;Platos y entrantes
25073;Endive au jambon, préemballée;Chicory with ham in sauce, prepacked;Platos y entrantes
25077;Saumon sauce à l'oseille, préemballé;Salmon with sorrel, prepacked;Platos y entrantes
25081;Lasagnes ou canellonis à la viande (bolognaise), préemballés;Lasagna or cannelloni with meat (bolognese sauce), prepacked;Platos y entrantes
25085;Pâtes à la bolognaise (spaghetti, tagliatelles…), préemballées;Bolognese-style pasta (spaghetti, tagliatelle…), prepacked;Platos y entrantes
25086;Poisson blanc à la bordelaise (chapelure, huile…), préemballé;White fish with bordelaise sauce, prepacked;Platos y entrantes
25088;Riz cantonais, préemballé;Cantonese rice, prepacked;Platos y entrantes
25089;Cordon bleu de volaille, préemballé;Veal escalope cordon bleu (escalope topped with a ham slice and cheese, breaded, prepacked;Platos y entrantes
25098;Cassoulet au porc, appertisé;White bean stew, with pork, canned;Platos y entrantes
25099;Cassoulet au canard ou oie, appertisé;White bean stew, with duck or goose, canned;Platos y entrantes
25101;Gratin de chou-fleur, préemballé;Cauliflower au gratin, prepacked;Platos y entrantes
25103;Tomate farcie, préemballée;Stuffed tomatoes, prepacked;Platos y entrantes
25106;Chou farci, préemballé;Stuffed cabbage, prepacked;Platos y entrantes
25107;Couscous au poisson;Couscous with fish;Platos y entrantes
25108;Samossa ou samoussa ou brick garni, préemballé, cuit;Samosas or samoosas or filled filo pastry, prepacked, cooked;Platos y entrantes
25110;Ravioli chinois à la vapeur à la crevette, cuit;Dumplings, steamed, with shrimps, cooked;Platos y entrantes
25111;Chili con carne, préemballé;Chili con carne, prepacked;Platos y entrantes
25121;Coq au vin;Cockerel in red wine sauce;Platos y entrantes
25122;Gratin de pâtes au jambon, préemballé;Pasta with ham au gratin, prepacked;Platos y entrantes
25123;Moussaka, préemballée;Moussaka, prepacked;Platos y entrantes
25124;Navarin d'agneau aux légumes;Stewed lamb garnished with potatoes and other vegetables;Platos y entrantes
25125;Paupiette de veau;Veal paupiette;Platos y entrantes
25126;Paupiette de volaille;Poultry paupiette;Platos y entrantes
25127;Couscous royal (avec plusieurs viandes), préemballé;Couscous royal (with different meats), prepacked;Platos y entrantes
25128;Poisson blanc à la provençale ou niçoise (sauce tomate), préemballé;White fish with Provencal-style sauce (tomato sauce), prepacked;Platos y entrantes
25131;Lasagnes ou cannellonis aux légumes, préemballées, cuits;Lasagna or cannelloni with vegetables, prepacked;Platos y entrantes
25135;Pâtes à la carbonara (spaghetti, tagliatelles…), préemballées;Carbonara-style pasta (spaghetti, tagliatelle…), prepacked;Platos y entrantes
25137;Tartiflette (pommes de terre, reblochon, lardons…), préemballée;Tartiflette (cheese fondue with potatoes, reblochon cheese, bacon bits…), prepacked;Platos y entrantes
25138;Couscous au poulet;Couscous with chicken;Platos y entrantes
25139;Lasagnes ou cannellonis au poisson, préemballées;Lasagna or cannelloni with fish, prepacked;Platos y entrantes
25140;Poisson blanc à la florentine (sauce aux épinards), préemballé;White fish with Florentine-style sauce (spinach sauce), prepacked;Platos y entrantes
25141;Poisson blanc à la marinière (sauce aux oignons, vin blanc, moules), préemballé;White fish with shallots, mussels and white wine sauce, prepacked;Platos y entrantes
25142;Poisson blanc à la sauce moutarde, préemballé;White fish with mustard sauce, prepacked;Platos y entrantes
25143;Poisson blanc à la parisienne (sauce aux champignons), préemballé;White fish with Parisian-style sauce (mushrooms sauce), prepacked;Platos y entrantes
25145;Poisson blanc à l'estragon, préemballé;White fish with tarragon sauce, prepacked;Platos y entrantes
25146;Poisson blanc sauce oseille, préemballé;White fish with sorrel sauce, prepacked;Platos y entrantes
25149;Pâtes fraîches farcies (ex : raviolis, tortellinis, ravioles du Dauphiné), au fromage, préemballées, cuites;Fresh pasta, stuffed with cheese (e.g. ravioli), prepacked, cooked;Platos y entrantes
25150;Couscous de légumes, préemballé;Couscous with vegetables, prepacked;Platos y entrantes
25151;Feuilleté ou friand au poisson et/ou fruits de mer, préemballé, à cuire;Fish or seafood in puff pastry, prepacked, to cook;Platos y entrantes
25152;Couscous à la viande, préemballé;Couscous with meat, prepacked;Platos y entrantes
25154;Gratin de poisson et purée ou brandade aux pommes de terre ou parmentier de poisson, préemballé;Fish brandade or fish shepherd's pie, prepacked;Platos y entrantes
25155;Pâtes fraîches farcies (ex : raviolis, tortellinis), au fromage et aux légumes, préemballées, cuites;Fresh pasta, stuffed with cheese and vegetables (e.g. ravioli), cooked, prepacked;Platos y entrantes
25157;Pâtes fraîches farcies (ex : raviolis, tortellinis), au boeuf (ex : bolognaise), préemballées, crues;Fresh pasta, stuffed with meat (e.g. bolognese-style ravioli), prepacked, raw;Platos y entrantes
25158;Pâtes fraîches farcies (ex : raviolis, tortellinis), au boeuf (ex : bolognaise), préemballées, cuites;Fresh pasta, stuffed with meat (e.g. bolognese-style ravioli), prepacked, cooked;Platos y entrantes
25159;Tajine de mouton, préemballé;Mutton tagine, prepacked;Platos y entrantes
25162;Gratin de légumes, préemballé;Vegetables au gratin, prepacked;Platos y entrantes
25163;Boulettes au boeuf, cuites;Meat balls, beef, cooked;Platos y entrantes
25164;Osso buco de veau à la milanaise (jarret de porc , légumes, vin blanc);Osso buco from veal (with vegetables and white wine), homemade;Platos y entrantes
25169;Spécialité chinoise type bouchée à la vapeur, préemballée, cuite;Chinese specialty or dumplings, prepacked;Platos y entrantes
25172;Viande en sauce (aliment moyen);Meat in sauce (average);Platos y entrantes
25173;Escalope panée, viennoise ou milanaise, veau, cuite;Milanese-style veal escalope or breaded veal escalope;Platos y entrantes
25174;Poulet au curry et au lait de coco, préemballé;Chicken with curry and coconut milk sauce, prepacked;Platos y entrantes
25175;Meloukhia, plat à base de boeuf et corète, fait maison;Molokhia,beef-based mdish with jute mallow (or nalta jute), home-made;Platos y entrantes
25181;Pâtes fraîches farcies (ex : raviolis, tortellinis, ravioles du Dauphiné), au fromage, préemballées, crues;Fresh pasta, stuffed with cheese (e.g. ravioli, prepacked, raw;Platos y entrantes
25182;Pâtes fraîches farcies (ex : raviolis, tortellinis), au fromage et aux légumes, préemballées, crues;Fresh pasta, stuffed with cheese and vegetables (e.g. ravioli), prepacked, raw;Platos y entrantes
25183;Nouilles aux crevettes, préemballées, sautées/poêlées;Noodles with shrimps, prepacked, sautéed/pan-fried, without added fat;Platos y entrantes
25186;Boulettes au porc et au boeuf (à la suédoise), préemballées, crues;Meat balls, pork and beef (Swedish-style), prepacked, raw;Platos y entrantes
25187;Risotto, aux légumes, préemballé;Risotto, with vegetables, prepacked;Platos y entrantes
25188;Risotto, aux fruits de mer, préemballé;Risotto, with seafood, prepacked;Platos y entrantes
25189;Risotto, aux fromages, préemballé;Risotto, with cheeses, prepacked;Platos y entrantes
25190;Poulet basquaise, préemballé;Chicken, Basque-style, prepacked;Platos y entrantes
25192;Ravioli aux légumes, à la sauce tomate, appertisés;Ravioli filled with vegetables, in tomato sauce, canned;Platos y entrantes
25193;Pâtes fraîches farcies (ex : raviolis, tortellinis), aux légumes, préemballées, cuites;Fresh pasta, stuffed with vegetables (e.g. ravioli), prepacked, cooked;Platos y entrantes
25194;Boulettes au boeuf et à l'agneau (type kefta), préemballées, crues;Meat balls, beef and lamb (kefta type), prepacked, raw;Platos y entrantes
25195;Parmentier de canard, préemballé, à cuire;Shepherd's pie with duck, prepacked, to cook;Platos y entrantes
25196;Riste d'aubergines (aubergines, tomates, oignons), préemballée;Riste (Eggplant, tomatoes, onions), prepacked;Platos y entrantes
25198;Pâtes en sauce aux fromages (spaghetti, tagliatelles…), préemballées;Pasta with cheese sauce (spaghetti, tagliatelle…), prepacked;Platos y entrantes
25199;Palet ou galette de légumes, préfrit, surgelé;Vegetable rosti, pre-fried, frozen;Platos y entrantes
25200;Palette à la diable, préemballée;Devilled pork shoulder in mustard sauce, prepacked;Platos y entrantes
25201;Langue de boeuf sauce madère, préemballée;Beef tongue with Madeira wine sauce, prepacked;Platos y entrantes
25203;Pâtes fraîches farcies (ex : raviolis, tortellinis), aux légumes, préemballées, crues;Fresh pasta, stuffed with vegetables (e.g. ravioli), prepacked, raw;Platos y entrantes
25204;Tajine de poulet, préemballé;Chicken tagine, prepacked;Platos y entrantes
25205;Chop suey (porc ou poulet, légumes), préemballé;Chop suey (pork or chicken, vegetables), prepacked;Platos y entrantes
25207;Porc au caramel, préemballé;Pork with caramel sauce, prepacked;Platos y entrantes
25208;Palet ou galette de légumes, préfrit, surgelé, cuit;Vegetable rosti, pre-fried, frozen, cooked;Platos y entrantes
25210;Saumon farci, préemballé;Stuffed salmon, prepacked;Platos y entrantes
25211;Boulettes au boeuf, à la sauce tomate, préemballées;Meat balls, beef, with tomato sauce, prepacked;Platos y entrantes
25213;Paupiette de veau, préemballée, rôtie/cuite au four;Veal paupiette, prepacked, roasted/baked;Platos y entrantes
25216;Pâtes fraîches farcies (ex : raviolis, tortellinis), cuites (aliment moyen);Pasta (e.g. ravioli), filled, cooked (average);Platos y entrantes
25217;Feuille de vigne farcie au riz ou dolmas, égouttée, préemballée;Vine leaf stuffed wih rice or dolmas, drained, prepacked;Platos y entrantes
25219;Lasagnes ou cannellonis aux légumes et au fromage de chèvre, préemballés, cuits;Lasagna or cannelloni with vegetables and goat cheese, prepacked, cooked;Platos y entrantes
25220;Choucroute cuisinée aux lardons, sans garniture, égouttée, cuite;Sauerkraut, seasoned and cooked with bacon bits, without garnish, drained, cooked;Platos y entrantes
25221;Boulettes au boeuf et à l'agneau (type kefta), préemballées, cuites;Meat balls, beef and lamb (kefta type), prepacked cooked;Platos y entrantes
25222;Boulettes au porc et au boeuf (à la suédoise), préemballées, cuites;Meat balls, pork and beef (Swedish-style), prepacked, cooked;Platos y entrantes
25223;Bouchées ou émincé végétal au soja et blé (convient aux véganes ou végétaliens), préemballé;Soy and wheat burger or bite (vegan), prepacked;Platos y entrantes
25224;Bouchées ou émincé au soja et blé (ne convient pas aux véganes ou végétaliens), préemballé;Soy and wheat burger or bite (not vegan), prepacked;Platos y entrantes
25225;Nuggets ou croquette panée de blé (sans soja), préemballé;Wheat-based nuggets, breaded croquette (wo soybean), prepacked;Platos y entrantes
25226;Nuggets ou croquette panée de soja et blé (ne convient pas aux véganes ou végétaliens), préemballé;Soybean and wheat-based nuggets, breaded croquette (not vegan), prepacked;Platos y entrantes
25227;Nuggets ou croquette panée de soja et blé (convient aux véganes ou végétaliens), préemballé;Soybean and wheat-based nuggets, breaded croquette (vegan), prepacked;Platos y entrantes
25228;Pané soja et blé (ne convient pas aux véganes ou végétaliens);Schnitzel, soybean and wheat-based (not vegan), prepacked;Platos y entrantes
25229;Bâtonnet pané soja et blé (convient aux véganes ou végétaliens), préemballée;Schnitzel or stick, soybean and wheat-based (vegan), prepacked;Platos y entrantes
25230;Pané soja, blé et fromage, type cordon bleu, préemballé;Schnitzel, soybean, wheat and cheese-based, cordon bleu-style, prepacked;Platos y entrantes
25231;Ravioli au tofu, à la sauce tomate, préemballés;Ravioli filled with tofu, in tomato sauce, prepacked;Platos y entrantes
25232;Saucisse végétale au blé ou seitan, préemballé;Plant-based sausage with wheat or seitan, prepacked;Carnes, huevos y pescados
25233;Galette de céréales au fromage (sans soja), préemballée;Cereal burger with cheese (without soybean), prepacked;Platos y entrantes
25234;Galette de céréales aux légumes (sans soja), préemballée;Cereal burger with végétables (without soybean), prepacked;Platos y entrantes
25238;Gratin de légumes, fait maison;Vegetables au gratin, home-made;Platos y entrantes
25242;Paëlla (poulet fruit de mer, chorizo, colin), fait maison;Paëlla, home-made;Platos y entrantes
25243;Nouilles asiatiques instantanées, aromatisées, cuites;Noodles, asian style, instant, flavoured, cooked;Platos y entrantes
25396;Feuilleté ou friand jambon fromage, préemballé;Ham and cheese puffed pastry, prepacked;Platos y entrantes
25398;Feuilleté ou friand au fromage, préemballé, à cuire;Cheese puff pastry, prepacked, to cook;Platos y entrantes
25399;Feuilleté ou friand aux escargots, préemballé;Snails in puff pastry, prepacked;Platos y entrantes
25401;Feuilleté ou friand au fromage, préemballé, cuit;Cheese puff pastry, prepacked, cooked;Platos y entrantes
25402;Feuilleté ou friand à la viande, préemballé;Meat puff pastry, prepacked;Platos y entrantes
25403;Hot-dog, préemballé;Hot-dog, prepacked;Platos y entrantes
25404;Pizza au fromage ou pizza margherita, préemballée;Pizza, cheese and tomato (Margherita), prepacked;Platos y entrantes
25405;Quiche lorraine, préemballée;Quiche Lorraine (eggs and lardoons quiche), prepacked;Platos y entrantes
25409;Crêpe ou galette béchamel et jambon, préemballée;Crepe or buckwheat pancake, filled with ham, prepacked;Platos y entrantes
25410;Crêpe ou galette béchamel, jambon et fromage, préemballée;Crepe or buckwheat pancake, filled with cheese, ham and béchamel sauce, prepacked;Platos y entrantes
25411;Crêpe ou galette béchamel et champignon, préemballée, surgelée;Crepe or buckwheat pancake, filled with mushrooms and béchamel sauce, prepacked, frozen;Platos y entrantes
25412;Bouchée à la reine, à la viande/volaille/quenelle;Vol-au-vent with meat/poultry/quenelle;Platos y entrantes
25413;Hamburger, de restauration rapide;Hamburger, from fast food;Platos y entrantes
25414;Cheeseburger, de restauration rapide;Cheeseburger, from fast food;Platos y entrantes
25415;Double cheeseburger, de restauration rapide;Cheeseburger, double, from fast food;Platos y entrantes
25416;Burger au poisson, de restauration rapide;Fish burger, from fast food;Platos y entrantes
25417;Tarte aux légumes, préemballée;Tart, vegetables, prepacked;Platos y entrantes
25418;Croissant au jambon fromage, fait maison;Croissant filled with ham and cheese, homemade;Platos y entrantes
25419;Rouleau de printemps;Spring roll;Platos y entrantes
25428;Sandwich grec ou kebab, pita, crudités;Sandwich, pita bread, kebab and raw vegetables;Platos y entrantes
25429;Sandwich grec ou kebab, baguette, crudités;Sandwich, baguette, kebab and raw vegetables;Platos y entrantes
25431;Sandwich baguette, thon crudités mayonnaise, fait maison;Sandwich, baguette, tuna, raw vegetables and mayonnaise, homemade;Platos y entrantes
25433;Accra de poisson, préemballé;Caribbean-style fish fritters, fish acras, prepacked;Carnes, huevos y pescados
25434;Sandwich panini, jambon cru mozzarella, tomates;Sandwich, panini bread, cured ham, mozzarella cheese and tomato, toasted;Platos y entrantes
25435;Pizza jambon fromage, préemballée;Pizza, ham and cheese, prepacked;Platos y entrantes
25437;Gougère;Small cheese chou-pastry puff;Platos y entrantes
25438;Samoussa ou samossa ou brick garni, fait maison, cuit;Samosas or samoosas or filled filo pastry, home-made, cooked;Platos y entrantes
25444;Tarte au fromage, préemballée;Tart, cheese, prepacked;Platos y entrantes
25454;Tarte à la provençale, préemballée;Tart, Provence-style, prepacked;Platos y entrantes
25456;Sushi ou maki aux produits de la mer;Sushi or maki, with seafood products;Platos y entrantes
25457;Pizza à la viande, type bolognaise, préemballée;Pizza, Bolognese-style with meat, prepacked;Platos y entrantes
25459;Burritos au boeuf;Burritos with beef;Platos y entrantes
25460;Fajita au poulet, préparé maison avec un kit;Fajitas, home-prepared from kit;Platos y entrantes
25462;Pizza au chorizo ou salami, préemballée;Pizza, chorizo or salami, prepacked;Platos y entrantes
25463;Pizza aux fruits de mer, préemballée;Pizza, seafood, prepacked;Platos y entrantes
25464;Pizza au saumon, préemballée;Pizza, salmon, prepacked;Platos y entrantes
25468;Pizza au chèvre et lardons, préemballée;Pizza, goat cheese and lardoons, prepacked;Platos y entrantes
25472;Pizza aux légumes ou pizza 4 saisons, préemballée;Pizza, vegetables or (4 seasons), prepacked;Platos y entrantes
25475;Sandwich baguette, jambon, oeuf, crudités, beurre;Sandwich, baguette, ham, hard-boiled egg, raw vegetables and butter;Platos y entrantes
25476;Sandwich baguette, poulet crudités mayonnaise, fait maison;Sandwich, baguette, chicken, raw vegetables and mayonnaise, homemade;Platos y entrantes
25477;Pizza champignons fromage, préemballée;Pizza, cheese and mushrooms, prepacked;Platos y entrantes
25478;Pizza aux fromages, préemballée;Pizza, cheeses, prepacked;Platos y entrantes
25485;Sandwich baguette, jambon emmental, préemballé;Sandwich, baguette, ham and emmental cheese, prepacked;Platos y entrantes
25488;Sandwich baguette, saumon fumé beurre;Sandwich, baguette, smoked salmon and butter;Platos y entrantes
25490;Sandwich baguette, thon maïs crudités, préemballé;Sandwich, baguette, tuna, sweet corn and raw vegetables, prepacked;Platos y entrantes
25501;Sandwich panini, trois fromages;Sandwich, panini bread, three-cheese, toasted;Platos y entrantes
25502;Burger au poulet, de restauration rapide;Chicken burger, from fast food;Platos y entrantes
25503;Bouchée à la reine, au poisson et fruits de mer, faite maison;Vol-au-vent with fish and seafood, homemade;Platos y entrantes
25506;Brochette mixte de viande;Mixed meat on skewer;Platos y entrantes
25508;Feuilleté ou friand jambon fromage, fait maison;Ham and cheese puffed pastry, homemade;Platos y entrantes
25509;Préparation à base de fromage(s) pour fondue savoyarde, préemballée;Savoy-style fondue cheese preparation (cheese, white wine …), prepacked;Platos y entrantes
25510;Gnocchi à la pomme de terre, cuit;Gnocchi, from potato, cooked;Cereales y derivados
25511;Légumes farcis (sauf tomate);Stuffed vegetables (excluding tomato);Platos y entrantes
25512;Nuggets ou croquette panée de volaille, préemballé;Poultry nuggets, breaded croquette, prepacked;Platos y entrantes
25513;Pan bagnat;Large round sandwich with lettuce, tuna, anchovy and black olives;Platos y entrantes
25516;Pizza (aliment moyen);Pizza (average);Platos y entrantes
25517;Sandwich baguette, jambon beurre, fait maison;Sandwich, baguette, ham and butter, homemade;Platos y entrantes
25518;Sandwich baguette, camembert beurre, fait maison;Sandwich, baguette, camembert cheese and butter, homemade;Platos y entrantes
25519;Sandwich baguette, pâté cornichons;Sandwich, baguette, pâté and pickles;Platos y entrantes
25520;Sandwich baguette, saucisson beurre, fait maison;Sandwich, baguette, dry sausage and butter, homemade;Platos y entrantes
25521;Sandwich baguette, jambon emmental beurre;Sandwich, baguette, ham, emmental cheese and butter;Platos y entrantes
25522;Sandwich (aliment moyen);Sandwich (average);Platos y entrantes
25523;Toasts ou canapés salés, garnitures diverses, préemballés;Canapés (savoury toasts with various toppings), prepacked;Platos y entrantes
25524;Tomate à la provençale, fait maison;Provencal-style tomato (breaded tomatoes stuffed with garlic and parsley), home-made;Platos y entrantes
25525;Sauce tomate cuisinée pour pizza;Tomato sauce for pizza;Ayudas culinarias e ingredientes
25528;Pissaladière, préemballée;Pizza, onion anchovy and black olives, prepacked;Platos y entrantes
25529;Tarte à l'oignon, préemballée;Tart, onion, prepacked;Platos y entrantes
25530;Sandwich baguette, crudités diverses mayonnaise;Sandwich, baguette, raw vegetables and mayonnaise;Platos y entrantes
25531;Sandwich baguette, dinde crudités mayonnaise;Sandwich, baguette, turkey, raw vegetables and mayonnaise;Platos y entrantes
25532;Sandwich baguette, oeuf crudités mayonnaise;Sandwich, baguette, egg, raw vegetables and mayonnaise;Platos y entrantes
25533;Sandwich baguette, porc crudités mayonnaise;Sandwich, baguette, pork, raw vegetables and mayonnaise;Platos y entrantes
25535;Sandwich baguette, merguez ketchup moutarde;Sandwich, baguette, merguez sausage, ketchup and mustard;Platos y entrantes
25536;Sandwich baguette, salami beurre;Sandwich, baguette, salami and butter;Platos y entrantes
25537;Carpaccio de saumon avec marinade, fait maison;Salmon carpaccio, with marinade, home-made;Carnes, huevos y pescados
25538;Carpaccio de boeuf, avec marinade (huile, herbes, fromage), fait maison;Beef carpaccio, with marinade (oil, herbs, cheese), home-made;Platos y entrantes
25539;Brochette de poisson;Fish on skewer;Platos y entrantes
25540;Brochette de crevettes;Shrimps on skewer;Platos y entrantes
25541;Brochette d'agneau;Lamb on skewer;Platos y entrantes
25542;Croque-madame, fait maison;Toasted ham and cheese sandwich, topped with a fried egg, homemade;Platos y entrantes
25543;Sandwich baguette (aliment moyen);Sandwich baguette (average);Platos y entrantes
25546;Fromage pané au jambon, préemballé;Cheese with ham, breaded, prepacked;Platos y entrantes
25547;Croque-monsieur, préemballé;Toasted ham and cheese sandwich, prepacked;Platos y entrantes
25548;Pizza jambon fromage champignons ou pizza royale, reine ou regina, préemballée;Pizza, ham cheese and mushrooms (Regina), prepacked;Platos y entrantes
25549;Crêpe ou galette béchamel et fromage, préemballée;Crepe or buckwheat pancake, filled with cheese and béchamel sauce, prepacked;Platos y entrantes
25550;Flammenkueche ou tarte flambée aux lardons, préemballée;Flamed tart (thin-crusted onion tart with cream and lardoons), prepacked;Platos y entrantes
25551;Beignet de viande, volaille ou poisson, fait maison, cuit;Meat, poultry or fish fritters, home-made, cooked;Platos y entrantes
25552;Crêpe ou galette béchamel, jambon et fromage et champignon, préemballée;Crepe or buckwheat pancake, filled with cheese, ham, mushrooms and béchamel sauce, prepacked;Platos y entrantes
25553;Tarte ou tourte aux poireaux, préemballée;Tart, leek, prepacked;Platos y entrantes
25555;Tarte au saumon, préemballée;Tart, salmon, prepacked;Platos y entrantes
25556;Beignet de légumes;Vegetable fritters;Platos y entrantes
25557;Brick à l'oeuf, fait maison, cuit;Fritter, filled with eggs (filo pastry), home-made, cooked;Platos y entrantes
25558;Samossa ou samoussa ou brick au boeuf, fait maison, cuit;Brick pastry with beef, home-made, cooked;Platos y entrantes
25559;Brick à la pomme de terre, fait maison, cuit;Fritter, filled with potatoes (filo pastry), home-made, cooked;Platos y entrantes
25560;Tourte au riesling (porc, riesling, champignons), préemballée;Pie (pork, riesling wine, mushrooms), prepacked;Platos y entrantes
25561;Tarte à la tomate, préemballée;Tart, tomato, prepacked;Platos y entrantes
25562;Crêpe ou galette complète (oeuf, jambon, fromage), préemballée;Crepe or buckwheat pancake, filled with egg, ham and cheese, prepacked;Platos y entrantes
25564;Tarte aux noix de Saint-Jacques, préemballée;Tart, scallops tart, prepacked;Platos y entrantes
25565;Yakitori (brochettes japonaises grillées en sauce);Yakitori (grilled meat on skewers, Japanese-style, with sauce);Platos y entrantes
25566;Brochette de porc, crue;Pork on skewer, raw;Platos y entrantes
25568;Pastilla au poulet, préemballée;Pastilla filled with chicken (pie), prepacked;Platos y entrantes
25570;Pizza aux lardons, oignons et fromage, préemballée;Pizza, lardoons onions and cheese, prepacked;Platos y entrantes
25571;Falafel ou boulette de pois-chiche et/ou fève, vente à emporter;Falafel, from take-away;Platos y entrantes
25572;Crêpe ou galette aux noix de Saint-Jacques, préemballée;Crepe or buckwheat pancake, filled with scallops, prepacked;Platos y entrantes
25573;Tarte ou quiche salée (aliment moyen);Tart, savoury (average);Platos y entrantes
25575;Sandwich pain de mie complet, thon crudités, préemballé;Sandwich, club, wholemeal bread, tuna and raw vegetables, prepacked;Platos y entrantes
25576;Sandwich pain de mie complet, jambon fromage, préemballé;Sandwich, club, wholemeal bread, ham and cheese, prepacked;Platos y entrantes
25577;Sandwich pain de mie complet, poulet crudités, préemballé;Sandwich, club, wholemeal bread, chicken and raw vegetables, prepacked;Platos y entrantes
25578;Feuilleté ou friand salé (aliment moyen);Puff pastry, savoury (average);Platos y entrantes
25580;Bouchée à la reine, garnie (aliment moyen);Vol-au-vent, filled (average);Platos y entrantes
25581;Crêpe ou galette béchamel et champignon, préemballée, cuite;Crepe or buckwheat pancake, filled with mushrooms and béchamel sauce, prepacked, cooked;Platos y entrantes
25582;Nem ou pâté impérial, au poulet, préemballé, cuit;Egg roll or nem, with chicken, prepacked, cooked;Platos y entrantes
25583;Nem ou pâté impérial, au porc, préemballé, cuit;Egg roll or nem, with pork, prepacked, cooked;Platos y entrantes
25584;Nem ou pâté impérial, aux crevettes et/ou au crabe, préemballé, cuit;Egg roll or nem, with shrimp and/or crab, prepacked, cooked;Platos y entrantes
25585;Brochette de boeuf, cuite;Beef on skewer, cooked;Platos y entrantes
25586;Brochette de volaille, cuite;Poultry on skewer, cooked;Platos y entrantes
25587;Parmentier de canard, préemballé, cuit;Shepherd's pie with duck, prepacked, cooked;Platos y entrantes
25588;Gratin de légumes en sauce blanche type béchamel, préemballé, cuit;Vegetables au gratin in bechamel sauce, prepacked, cooked;Platos y entrantes
25589;Boulette végétale au soja et/ou blé, préemballée;Plant-based ball with wheat and/or soybean, prepacked;Platos y entrantes
25590;Falafel ou boulette de pois-chiche et/ou fève, préemballé;Falafel, prepacked;Platos y entrantes
25591;Galette ou pavé aux lentilles, soja et légumes, préemballé;Plant-based burger or steak from lentil, soybean and vegetables, prepacked;Platos y entrantes
25592;Galette ou pavé au blé (seitan) et légumes, préemballé;Plant-based burger or steak from wheat (seitan) and vegetables, prepacked;Platos y entrantes
25593;Galette ou pavé au blé et soja (convient aux véganes ou végétaliens), préemballé;Plant-based burger or steak from wheat and soybean (vegan), prepacked;Platos y entrantes
25594;Galette ou pavé au blé et soja (ne convient pas aux véganes ou végétaliens), préemballé;Plant-based burger or steak from wheat and soybean (not vegan), prepacked;Platos y entrantes
25595;Galette ou pavé au soja et fromage, préemballé;Plant-based burger or steak from soybean and cheese, prepacked;Platos y entrantes
25596;Galette ou pavé au soja et légumes, préemballé;Plant-based burger or steak from soybean and vegetables, prepacked;Platos y entrantes
25597;Galette ou pavé au soja, fromage et légumes, préemballé;Plant-based burger or steak from soybean, cheese and vegetables, prepacked;Platos y entrantes
25598;Seitan, préemballé;Seitan, prepacked;Ayudas culinarias e ingredientes
25599;Sandwich pain de mie complet, jambon, préemballé;Sandwich, club, wholemeal bread, ham, prepacked;Platos y entrantes
25600;Salade de céleri rémoulade, préemballée;Celeriac salad, with remoulade sauce, prepacked;Platos y entrantes
25601;Salade de thon et légumes, appertisée;Tuna salad, with vegetables, canned;Platos y entrantes
25602;Salade composée avec viande ou poisson, appertisée;Mixed salad, with meat/fish, canned;Platos y entrantes
25604;Salade verte, crue, sans assaisonnement;Green salad, raw, without seasoning;Frutas, verduras, legumbres y frutos secos
25605;Champignons à la grecque, préemballés;Greek-style marinated mushrooms, prepacked;Platos y entrantes
25606;Salade de pommes de terre, faite maison;Potato salad, homemade;Platos y entrantes
25608;Taboulé ou salade de semoule aux légumes, préemballé;Tabbouleh or couscous salad, with vegetables, prepacked;Platos y entrantes
25609;Salade de pomme de terre à la piémontaise, préemballée;Potato salad, piémontaise-style, prepacked;Platos y entrantes
25610;Salade de museau de boeuf, avec sauce, préemballée;Salad of ox muzzle, with sauce, prepacked;Platos y entrantes
25614;Salade de riz, appertisée;Rice salad, canned;Platos y entrantes
25615;Salade de pâtes au fromage et légumes, avec sauce;Pasta salad, vegetarian, with sauce;Platos y entrantes
25616;Crudité, sans assaisonnement (aliment moyen);Raw vegetables, without dressing (average);Frutas, verduras, legumbres y frutos secos
25619;Salade de pâtes aux légumes et poisson ou viande, avec sauce, préemballée;Pasta salad, with vegetable and meat/fish, with sauce, prepacked;Platos y entrantes
25620;Guacamole, préemballé;Guacamole, prepacked;Ayudas culinarias e ingredientes
25621;Houmous, préemballé;Hummus, prepacked;Ayudas culinarias e ingredientes
25623;Tarte au maroilles ou flamiche au maroilles, préemballée;Tart (flamiche), Maroilles cheese, prepacked;Platos y entrantes
25624;Caviar d'aubergine, préemballé;Aubergine caviar, prepacked;Ayudas culinarias e ingredientes
25625;Crêpe ou galette au poisson et / ou fruits de mer, préemballée;Crepe or buckwheat crepe, filled with fish and/or seafood, prepacked;Platos y entrantes
25626;Macédoine de légumes en salade, avec sauce, préemballée;Mixed diced vegetables salad, with sauce, prepacked;Platos y entrantes
25628;Salade César au poulet (salade verte, fromage, croûtons, sauce), préemballée;Caesar's salad (salad, chicken, croûtons, sauce), prepacked;Platos y entrantes
25629;Salade végétarienne à base de boulgour et/ou quinoa et légumes, préemballée;Salad, veggie, bulgur and/or quinoa-based, with vegetables, prepacked;Platos y entrantes
25632;Sandwich baguette, thon crudités mayonnaise, vente à emporter;Sandwich, baguette, tuna, raw vegetables and mayonnaise, from fast food;Platos y entrantes
25633;Sandwich baguette, jambon beurre, vente à emporter;Sandwich, baguette, ham and butter, takeaway;Platos y entrantes
25634;Sandwich baguette, jambon emmental, vente à emporter;Sandwich, baguette, ham and emmental cheese, takeaway;Platos y entrantes
25635;Lasagnes ou cannellonis au fromage et aux épinards, préemballés;Lasagna or cannelloni with goat cheese and spinach, prepacked;Platos y entrantes
25638;Sandwich baguette, poulet crudités mayonnaise, vente à emporter;Sandwich, baguette, chicken, raw vegetables and mayonnaise, takeaway;Platos y entrantes
25639;Sandwich baguette, saucisson beurre, vente à emporter;Sandwich, baguette, dry sausage and butter, takeaway;Platos y entrantes
25640;Sandwich baguette, camembert beurre, vente à emporter;Sandwich, baguette, camembert cheese and butter, takeaway;Platos y entrantes
25641;Sandwich pain de mie complet, saucisson ou rosette, préemballé;Sandwich, club, wholemeal bread, dry sausage, prepacked;Platos y entrantes
25642;Salade de céleri et carotte rémoulade, préemballée;Grated celeriac and carrot salad, with remoulade sauce, prepacked;Platos y entrantes
25643;Burger au poulet, préemballé;Chicken burger, prepacked;Platos y entrantes
25644;Cheeseburger, préemballé;Cheeseburger, prepacked;Platos y entrantes
25645;Sandwich pain de mie complet, bacon crudités, préemballé;Sandwich, club, wholemeal bread, bacon and raw vegetables, prepacked;Platos y entrantes
25646;Wrap végétarien fromage crudités;Sandwich, wrap, vegetarian;Platos y entrantes
25647;Wrap poulet crudités;Sandwich, wrap, chicken and raw vegetables;Platos y entrantes
25648;Wrap jambon crudités;Sandwich, wrap, ham and raw vegetables;Platos y entrantes
25649;Crêpe ou galette chèvre, lardon, préemballée;Crepe or buckwheat pancake, filled with lardoons and goat cheese, prepacked;Platos y entrantes
25650;Sandwich pain de mie complet, thon oeuf crudités, préemballé;Sandwich, club, wholemeal bread, tuna, egg and raw vegetables, prepacked;Platos y entrantes
25651;Sandwich pain de mie complet, saumon fumé, préemballé;Sandwich, club, wholemeal bread, smoked salmon, prepacked;Platos y entrantes
25652;Sandwich pain de mie complet, jambon oeuf crudités, préemballé;Sandwich, club, wholemeal bread, ham, egg and raw vegetables, prepacked;Platos y entrantes
25653;Sandwich pain de mie complet, jambon fromage crudités, préemballé;Sandwich, club, wholemeal bread, ham, cheese and raw vegetables, prepacked;Platos y entrantes
25654;Sandwich pain de mie complet, jambon crudités, préemballé;Sandwich, club, wholemeal bread, ham and raw vegetables, prepacked;Platos y entrantes
25655;Sandwich pain viennois, jambon oeuf crudités, préemballé;Sandwich, Viennese bread, ham, egg and raw vegetables, prepacked;Platos y entrantes
25656;Sandwich pain viennois, thon oeuf crudités, préemballé;Sandwich, Viennese bread, tuna, egg and raw vegetables, prepacked;Platos y entrantes
25657;Sandwich pain viennois, poulet oeuf crudités, préemballé;Sandwich, Viennese bread, chicken, egg and raw vegetables, prepacked;Platos y entrantes
25658;Sandwich pain viennois, poulet crudités, préemballé;Sandwich, Viennese bread, chicken and raw vegetables, prepacked;Platos y entrantes
25659;Sandwich pain polaire, poulet crudités, préemballé;Sandwich, polar bread, chicken and raw vegetables, prepacked;Platos y entrantes
25660;Sandwich pain polaire, saumon, préemballé;Sandwich, polar bread, salmon, prepacked;Platos y entrantes
25661;Sandwich pain polaire, jambon fromage, préemballé;Sandwich, polar bread, ham and cheese, prepacked;Platos y entrantes
25662;Sandwich pain de mie complet, poulet, préemballé;Sandwich, club, wholemeal bread, chicken, prepacked;Platos y entrantes
25663;Sandwich baguette, poulet crudités, préemballé;Sandwich, baguette, chicken, raw vegetables, prepacked;Platos y entrantes
25664;Salade de pomme de terre au thon, préemballée;Potato salad, with tuna, prepacked;Platos y entrantes
25665;Salade de pomme de terre à la saucisse, préemballée;Potato salad, with sausage, prepacked;Platos y entrantes
25666;Salade composée à base de crudités, charcuterie et fromage, avec sauce, préemballée;Mixed salad with raw vegetables, cold meat and cheese, with sauce, prepacked;Platos y entrantes
25667;Salade composée à base de crudités et produits de la mer, avec sauce, préemballée;Mixed salad with raw vegetables and fish products, with sauce, prepacked;Platos y entrantes
25668;Salade composée à base de crudités, oeuf et produits de la mer, avec sauce, préemballée;Mixed salad with raw vegetables, egg and fish products, with sauce, prepacked;Platos y entrantes
25669;Salade composée à base de crudités, poulet et fromage, avec sauce, préemballée;Mixed salad with raw vegetables, chicken and cheese, with sauce, prepacked;Platos y entrantes
25670;Salade composée à base de crudités et poulet, avec sauce, préemballée;Mixed salad with raw vegetables and chicken, with sauce, prepacked;Platos y entrantes
25671;Pizza au chèvre, préemballée;Pizza, goat cheese, prepacked;Platos y entrantes
25674;Nem ou pâté impérial, préemballé, cuit (aliment moyen);Egg roll or nem, prepacked, cooked (average);Platos y entrantes
25900;Soupe aux lentilles, préemballée à réchauffer;Soup, lentil, prepacked, to be reheated;Platos y entrantes
25901;Soupe à la volaille et aux légumes, préemballée à réchauffer;Soup, chicken and vegetables, prepacked, to be reheated;Platos y entrantes
25903;Soupe aux légumes variés, préemballée à réchauffer;Soup, mixed vegetables, prepacked, to be reheated;Platos y entrantes
25904;Soupe de poissons et/ou crustacés, préemballée à réchauffer;Soup, fish and/or crustacean, prepacked, to be reheated;Platos y entrantes
25905;Soupe aux légumes variés, déshydratée reconstituée;Soup, mixed vegetables, dehydrated and reconstituted;Platos y entrantes
25907;Soupe aux poireaux et pommes de terre, préemballée à réchauffer;Soup, leek and potato, prepacked, to be reheated;Platos y entrantes
25908;Soupe à la volaille et aux vermicelles, préemballée à réchauffer;Soup, chicken and vermicelli, prepacked, to be reheated;Platos y entrantes
25909;Bouillon de viande et légumes type pot-au-feu, prêt à consommer;Broth or stock, meat and vegetables, dehydrated and reconstituted;Platos y entrantes
25910;Soupe à l'oignon, préemballée à réchauffer;Soup, onion, prepacked, to be reheated;Platos y entrantes
25912;Soupe aux champignons, préemballée à réchauffer;Soup, mushroom, prepacked, to be reheated;Platos y entrantes
25913;Soupe à la carotte, préemballée à réchauffer;Soup, carrots, prepacked, to be reheated;Platos y entrantes
25914;Soupe à la tomate, préemballée à réchauffer;Soup, tomato, prepacked, to be reheated;Platos y entrantes
25915;Soupe chorba frik, à base de viande et de frik;Soup, chorba frik, with meat and frik;Platos y entrantes
25916;Soupe minestrone, préemballée à réchauffer;Soup, minestrone, prepacked, to be reheated;Platos y entrantes
25917;Soupe au pistou, déshydratée reconstituée;Soup, pistou, dehydrated and reconstituted;Platos y entrantes
25919;Soupe de poissons et/ou crustacés, déshydratée reconstituée;Soup, fish and/or crustacean, dehydrated and reconstituted;Platos y entrantes
25923;Soupe asiatique, avec pâtes, déshydratée reconstituée;Soup, Asian-style with noodles, dehydrated and reconstituted;Platos y entrantes
25924;Soupe marocaine, déshydratée reconstituée;Soup, Moroccan, dehydrated and reconstituted;Platos y entrantes
25925;Soupe aux poireaux et pommes de terre, déshydratée reconstituée;Soup, leek and potato, dehydrated and reconstituted;Platos y entrantes
25928;Soupe à la volaille et aux légumes, déshydratée reconstituée;Soup, chicken and vegetables, dehydrated and reconstituted;Platos y entrantes
25930;Bouillon de boeuf, déshydraté reconstitué;Broth or stock, beef, dehydrated and reconstituted;Platos y entrantes
25932;Soupe aux asperges, déshydratée reconstituée;Soup, asparagus, dehydrated and reconstituted;Platos y entrantes
25933;Soupe à la tomate et aux vermicelles, préemballée à réchauffer;Soup, tomato and vermicelli, prepacked, to be reheated;Platos y entrantes
25934;Soupe aux céréales et aux légumes, déshydratée reconstituée;Soup, cereals and vegetables, dehydrated and reconstituted;Platos y entrantes
25935;Soupe à la tomate, déshydratée reconstituée;Soup, tomato, dehydrated and reconstituted;Platos y entrantes
25936;Soupe aux champignons, déshydratée reconstituée;Soup, mushroom, dehydrated and reconstituted;Platos y entrantes
25942;Soupe à l'oignon, déshydratée reconstituée;Soup, onion, dehydrated and reconstituted;Platos y entrantes
25945;Soupe au potiron, préemballée à réchauffer;Soup, pumpkin, prepacked, to be reheated;Platos y entrantes
25947;Bouillon de volaille, déshydraté reconstitué;Broth or stock, poultry, dehydrated and reconstituted;Platos y entrantes
25948;Bouillon de légumes, déshydraté reconstitué;Broth or stock, vegetables, dehydrated and reconstituted;Platos y entrantes
25949;Soupe à la tomate et aux vermicelles, déshydratée reconstituée;Soup, tomato and vermicelli, dehydrated and reconstituted;Platos y entrantes
25950;Soupe à la volaille et aux vermicelles, déshydratée reconstituée;Soup, chicken and vermicelli, dehydrated and reconstituted;Platos y entrantes
25953;Soupe au pistou, préemballée à réchauffer;Soup, pistou, prepacked, to be reheated;Platos y entrantes
25954;Soupe au potiron, déshydratée reconstituée;Soup, pumpkin, dehydrated and reconstituted;Platos y entrantes
25955;Soupe asiatique, avec pâtes, préemballée à réchauffer;Soup, Asian-style with noodles, prepacked, to be reheated;Platos y entrantes
25956;Soupe minestrone, déshydratée reconstituée;Soup, minestrone, dehydrated and reconstituted;Platos y entrantes
25957;Soupe au cresson, déshydratée reconstituée;Soup, watercress, dehydrated and reconstituted;Platos y entrantes
25958;Soupe au cresson, préemballée à réchauffer;Soup, watercress, prepacked, to be reheated;Platos y entrantes
25962;Soupe aux légumes avec fromage, préemballée à réchauffer;Soup, vegetables with cheese, prepacked, to be reheated;Platos y entrantes
25963;Soupe aux légumes verts, préemballée à réchauffer;Soup, green vegetables, prepacked, to be reheated;Platos y entrantes
25964;Soupe aux légumes verts, déshydratée reconstituée;Soup, green vegetables, dehydrated and reconstituted;Platos y entrantes
25965;Soupe aux pois cassés, préemballée à réchauffer;Soup, split peas, prepacked, to be reheated;Platos y entrantes
25967;Soupe froide type gaspacho ou gazpacho, préemballée;Soup, gazpacho type, cold, prepacked;Platos y entrantes
25968;Soupe aux asperges, préemballée à réchauffer;Soup, asparagus, prepacked, to be reheated;Platos y entrantes
25969;Soupe (aliment moyen);Soup (average);Platos y entrantes
25970;Bouillon de viande et légumes type pot-au-feu, non dégraissé, déshydraté;Broth or stock, meat and vegetables, with fat, dehydrated;Ayudas culinarias e ingredientes
25971;Bouillon de viande et légumes type pot-au-feu, dégraissé, déshydraté;Broth or stock, meat and vegetables, defatted, dehydrated;Ayudas culinarias e ingredientes
25972;Soupe miso, déshydratée reconstituée;Soup, miso, dehydrated, reconstituted;Platos y entrantes
25973;Soupe aux légumes et aux vermicelles, déshydratée reconstituée;Soup, vegetables and vermicelli, dehydrated and reconstituted;Platos y entrantes
25974;Soupe aux légumes et aux vermicelles, préemballée à réchauffer;Soup, vegetables and vermicelli, prepacked, to be reheated;Platos y entrantes
25975;Soupe au boeuf et aux vermicelles, déshydratée reconstituée;Soup, beef and vermicelli, dehydrated and reconstituted;Platos y entrantes
25976;Soupe asiatique, avec poulet et pâtes, préemballée à réchauffer;Soup, Asian-style with chicken and noodles, prepacked, to be reheated;Platos y entrantes
25990;Mahi-mahi, chair, cuit;Mahimahi, flesh, cooked;Carnes, huevos y pescados
25991;Mahi-mahi, chair, cru;Mahimahi, flesh, raw;Carnes, huevos y pescados
25992;Saumon fumé, aux cinq baies;Salmon, smoked, with spices;Carnes, huevos y pescados
25993;Saumon fumé, à l'aneth et au citron;Salmon, smoked, marinated with dill and lemon;Carnes, huevos y pescados
25994;Maquereau, filet grillé, appertisé, en sauce, égoutté;Mackerel, grilled filet, canned in sauce, drained;Carnes, huevos y pescados
25996;Saumon, cuit, sans précision (aliment moyen);Salmon, cooked (average);Carnes, huevos y pescados
25997;Cabillaud, cuit, sans précision (aliment moyen);Cod, cooked (average);Carnes, huevos y pescados
25998;Hareng fumé, doux;Atlantic herring, smoked;Carnes, huevos y pescados
25999;Anchois, filets, roulés aux câpres, salés, à l'huile, semi-conserve, égouttés;Anchovy, fillets, rolled with capers, salted, in oil, semi-preserved, drained;Carnes, huevos y pescados
26000;Anchois, filets, marinés à l'huile, semi-conserve, égouttés;Anchovy, fillets, marinated in oil, semi-preserved, drained;Carnes, huevos y pescados
26001;Bar rayé ou bar d'Amérique, cru;American bass, raw;Carnes, huevos y pescados
26002;Carrelet ou plie ou plie commune, pané, frit;European plaice, breaded, fried;Carnes, huevos y pescados
26003;Carrelet ou plie ou plie commune, cuit à la vapeur;European plaice, steamed;Carnes, huevos y pescados
26004;Oeufs de lompe ou oeufs de lump, semi-conserve;Lump roe, semi-preserved;Carnes, huevos y pescados
26005;Caviar, semi-conserve;Caviar, semi-preserved;Carnes, huevos y pescados
26006;Lieu ou colin d'Alaska, cru;Alaska pollock, raw;Carnes, huevos y pescados
26008;Églefin, cuit à la vapeur;Haddock, steamed;Carnes, huevos y pescados
26009;Flétan de l'Atlantique ou flétan, cru;Atlantic halibut, raw;Carnes, huevos y pescados
26010;Hareng mariné ou rollmops, préemballé;Atlantic herring, marinated, or rollmops, prepacked;Carnes, huevos y pescados
26011;Hareng, cru;Atlantic herring, raw;Carnes, huevos y pescados
26012;Hareng, frit;Atlantic herring, fried;Carnes, huevos y pescados
26013;Hareng fumé, au naturel;Atlantic herring, smoked, canned in brine;Carnes, huevos y pescados
26014;Hareng, grillé/poêlé;Atlantic herring, grilled/pan-fried without added fat;Carnes, huevos y pescados
26015;Lieu noir, cuit;Saithe, cooked;Carnes, huevos y pescados
26016;Limande-sole, panée, frite;Lemon sole, breaded, fried;Carnes, huevos y pescados
26017;Limande-sole, cuite à la vapeur;Lemon sole, steamed;Carnes, huevos y pescados
26018;Lotte ou baudroie, crue;Anglerfish, raw;Carnes, huevos y pescados
26019;Maquereau, rôti/cuit au four;Mackerel, roasted/baked;Carnes, huevos y pescados
26020;Maquereau, frit;Mackerel, fried;Carnes, huevos y pescados
26021;Merlan, frit;Whiting, fried;Carnes, huevos y pescados
26022;Merlan, cuit à la vapeur;Whiting, steamed;Carnes, huevos y pescados
26023;Cabillaud, rôti/cuit au four;Cod, roasted/baked;Carnes, huevos y pescados
26024;Morue, salée, bouillie/cuite à l'eau;Cod, salted, boiled/cooked in water;Carnes, huevos y pescados
26025;Cabillaud, cuit à la vapeur;Cod, steamed;Carnes, huevos y pescados
26026;Mulet, rôti/cuit au four;Mullet, roasted/baked;Carnes, huevos y pescados
26027;Pilchard, sauce tomate, appertisé, égoutté;Pilchard, in tomato sauce, canned, drained;Carnes, huevos y pescados
26028;Nuggets ou croquette panée de poisson, préemballé;Fish nuggets, breaded croquette, prepacked;Carnes, huevos y pescados
26029;Poisson pané, surgelé, cru;Fish, breaded, frozen, raw;Carnes, huevos y pescados
26030;Poisson pané, frit;Fish, breaded, fried, prepacked;Carnes, huevos y pescados
26031;Raie, rôtie/cuite au four;Ray, roasted/baked;Carnes, huevos y pescados
26033;Roussette ou petite roussette ou saumonette, cuite;Nursehound or lesser spotted dogfish, cooked;Carnes, huevos y pescados
26034;Sardine, à l'huile, appertisée, égouttée;European pilchard or sardine, in oil, canned, drained;Carnes, huevos y pescados
26035;Sardine, sauce tomate, appertisée, égouttée;European pilchard or sardine, in tomato sauce, canned, drained;Carnes, huevos y pescados
26036;Saumon, élevage, cru;Salmon, raw, farmed;Carnes, huevos y pescados
26037;Saumon fumé;Salmon, smoked;Carnes, huevos y pescados
26038;Saumon, cuit à la vapeur;Salmon, steamed;Carnes, huevos y pescados
26039;Thon, au naturel, appertisé, égoutté;Tuna, canned in brine, drained;Carnes, huevos y pescados
26040;Sardine, à l'huile d'olive, appertisée, égouttée;European pilchard or sardine, in olive oil, canned, drained;Carnes, huevos y pescados
26041;Thon, rôti/cuit au four;Tuna, roasted/baked;Carnes, huevos y pescados
26042;Turbot, sauvage, cru;Turbot, wild, raw;Carnes, huevos y pescados
26043;Cabillaud, cru;Cod, raw;Carnes, huevos y pescados
26044;Merlu, cru;European hake, raw;Carnes, huevos y pescados
26046;Surimi, bâtonnets, tranche ou râpé saveur crabe;Surimi, on sticks, in slices or grated, crab flavour;Carnes, huevos y pescados
26047;Lieu noir, surgelé, cru;Saithe, frozen, raw;Carnes, huevos y pescados
26048;Merlu, filet, surgelé, cru;Hake, fillet, frozen, raw;Carnes, huevos y pescados
26051;Maquereau, cru;Mackerel, raw;Carnes, huevos y pescados
26052;Raie, crue;Ray, raw;Carnes, huevos y pescados
26053;Thon, cru;Tuna, raw;Carnes, huevos y pescados
26055;Carrelet ou plie ou plie commune, cru;European plaice, raw;Carnes, huevos y pescados
26056;Oeufs de cabillaud, fumés, semi-conserve;Cod roe, smoked, semi-preserved;Carnes, huevos y pescados
26057;Limande, crue;Common dab, raw;Carnes, huevos y pescados
26058;Sole, crue;Common sole, raw;Carnes, huevos y pescados
26059;Sole, cuite à la vapeur;Common sole, steamed;Carnes, huevos y pescados
26060;Sole, rôtie/cuite au four;Common sole, roasted/baked;Carnes, huevos y pescados
26061;Sole, bouillie/cuite à l'eau;Common sole, boiled/cooked in water;Carnes, huevos y pescados
26062;Sole, frite;Common sole, fried;Carnes, huevos y pescados
26063;Rascasse ou rascasse de profondeur, crue;Spiny scorpionfish, raw;Carnes, huevos y pescados
26064;Thon albacore, cru;Yellowfin tuna, raw;Carnes, huevos y pescados
26065;Sardine, crue;European pilchard or sardine, raw;Carnes, huevos y pescados
26068;Thon listao ou bonite à ventre rayé, cru;Skipjack tuna, raw;Carnes, huevos y pescados
26069;Thon rouge, cru;Atlantic bluefin tuna, raw;Carnes, huevos y pescados
26072;Bar commun ou loup, cru;European bass, raw;Carnes, huevos y pescados
26073;Raie, cuite au court-bouillon;Ray, cooked in an aromatic stock;Carnes, huevos y pescados
26074;Roussette ou petite roussette ou saumonette, crue;Nursehound or lesser spotted dogfish, raw;Carnes, huevos y pescados
26075;Loup de l'Atlantique, cru;Atlantic bass, raw;Carnes, huevos y pescados
26076;Thon germon ou thon blanc, cru;Albacore, raw;Carnes, huevos y pescados
26077;Thon germon ou thon blanc, cuit à la vapeur sous pression;Albacore, steamed under pressure;Carnes, huevos y pescados
26079;Anchois, cru;Anchovy, raw;Carnes, huevos y pescados
26080;Dorade royale ou daurade ou vraie daurade, sauvage, crue;Gilthead seabream, wild, raw;Carnes, huevos y pescados
26081;Lotte ou baudroie, grillée/poêlée;Anglerfish, grilled/pan-fried without added fat;Carnes, huevos y pescados
26082;Espadon, cru;Swordfish, raw;Carnes, huevos y pescados
26083;Éperlan, cru;Pond smelt, raw;Carnes, huevos y pescados
26084;Cardine franche, crue;Megrim, raw;Carnes, huevos y pescados
26085;Rouget-barbet de roche, cru;Surmullet or red mullet, raw;Carnes, huevos y pescados
26086;Maquereau, filet sauce tomate, appertisé, égoutté;Mackerel, fillet, in tomato sauce, canned, drained;Carnes, huevos y pescados
26087;Maquereau, fumé;Mackerel, smoked;Carnes, huevos y pescados
26088;Dorade royale ou daurade ou vraie daurade, élevage, crue;Gilthead seabream, raw, farmed;Carnes, huevos y pescados
26090;Haddock (fumé) ou églefin fumé;Haddock, smoked;Carnes, huevos y pescados
26091;Mulet, cru;Mullet, raw;Carnes, huevos y pescados
26092;Truite de mer, crue;Sea trout, raw;Carnes, huevos y pescados
26093;Espadon, rôti/cuit au four;Swordfish, roasted/baked;Carnes, huevos y pescados
26094;Turbot, rôti/cuit au four;Turbot, roasted/baked;Carnes, huevos y pescados
26095;Merlan, cru;Whiting, raw;Carnes, huevos y pescados
26096;Maquereau, filet sauce moutarde, appertisé, égoutté;Mackerel, fillet, in mustard sauce, canned, drained;Carnes, huevos y pescados
26097;Maquereau, filet au vin blanc, appertisé, égoutté;Mackerel, fillet in white wine, canned, drained;Carnes, huevos y pescados
26098;Morue, salée, sèche;Cod, salted, dried;Carnes, huevos y pescados
26099;Dorade grise ou daurade grise, ou griset, crue;Black seabream, raw;Carnes, huevos y pescados
26100;Bogue, crue;Bogue, raw;Carnes, huevos y pescados
26101;Bonite ou bonite à dos rayé, crue;Bonito, raw;Carnes, huevos y pescados
26102;Maquereau espagnol ou maquereau blanc ou billard, cru;Atlantic chub mackerel, raw;Carnes, huevos y pescados
26103;Denté ou denté commun, cru;Common dentex, raw;Carnes, huevos y pescados
26104;Saint-Pierre, cru;John dory, raw;Carnes, huevos y pescados
26106;Grondin, cru;Red gurnard, raw;Carnes, huevos y pescados
26107;Corb, cru;Brown meagre, raw;Carnes, huevos y pescados
26108;Capelan, cru;Capelin, raw;Carnes, huevos y pescados
26109;Dorade rose ou daurade rose ou pageot rose, crue;Blackspot seabream, raw;Carnes, huevos y pescados
26110;Rouget-barbet de roche, vapeur;Surmullet or red mullet, steamed;Carnes, huevos y pescados
26111;Saupe, crue;Salema, raw;Carnes, huevos y pescados
26113;Chinchard, cru;Horse mackerel, raw;Carnes, huevos y pescados
26119;Saumon, appertisé, égoutté;Salmon, canned, drained;Carnes, huevos y pescados
26120;Merlu, cuit à l'étouffée;European hake, braised;Carnes, huevos y pescados
26122;Églefin, cru;Haddock, raw;Carnes, huevos y pescados
26123;Maquereau, filet (grillé ou non), au naturel, appertisé, égoutté;Mackerel, fillet (grilled or not grilled), canned in brine, drained;Carnes, huevos y pescados
26124;Merlan, pané;Whiting, breaded;Carnes, huevos y pescados
26125;Cabillaud ou morue du Pacifique, cru;Pacific cod, raw;Carnes, huevos y pescados
26126;Églefin, grillé/poêlé;Haddock, grilled/pan-fried without added fat;Carnes, huevos y pescados
26127;Congre ou congre commun, cru;Conger, raw;Carnes, huevos y pescados
26128;Grenadier (de roche), cru;Roundnose grenadier, raw;Carnes, huevos y pescados
26129;Lieu jaune ou colin, cru;Pollack, raw;Carnes, huevos y pescados
26130;Julienne ou lingue, crue;Ling, raw;Carnes, huevos y pescados
26133;Tacaud, cru;Pouting, raw;Carnes, huevos y pescados
26134;Lieu noir, cru;Saithe, raw;Carnes, huevos y pescados
26135;Limande-sole, crue;Lemon sole, raw;Carnes, huevos y pescados
26136;Sardine, grillée/poêlée;European pilchard or sardine, grilled/pan-fried without added fat;Carnes, huevos y pescados
26140;Poisson cuit (aliment moyen);Fish, cooked (average);Platos y entrantes
26141;Foie de morue, cru;Cod liver, raw;Carnes, huevos y pescados
26142;Foie de morue, appertisé, égoutté;Cod liver, canned, drained;Carnes, huevos y pescados
26146;Vivaneau, cru;Snapper, raw;Carnes, huevos y pescados
26147;Vivaneau, cuit;Snapper, cooked;Carnes, huevos y pescados
26148;Rascasse ou rascasse de profondeur, cuite à la vapeur;Spiny scorpionfish, steamed;Carnes, huevos y pescados
26151;Oeufs de truite, semi-conserve;Trout roe, canned;Carnes, huevos y pescados
26152;Lieu ou colin d'Alaska, fumé;Alaska pollock, smoked;Carnes, huevos y pescados
26153;Sabre, cru;Largehead hairtail, raw;Carnes, huevos y pescados
26154;Flétan du Groënland ou flétan noir ou flétan commun, cru;Greenland halibut, raw;Carnes, huevos y pescados
26157;Carangue, cru;Crevalle jack, raw;Carnes, huevos y pescados
26159;Coulirou, cru;Bigeye scad, raw;Carnes, huevos y pescados
26161;Saumon, sauvage, cru;Salmon, wild, raw;Carnes, huevos y pescados
26162;Requin, cru;Shark, raw;Carnes, huevos y pescados
26166;Orphie commune, crue;Garfish, raw;Carnes, huevos y pescados
26168;Lompe, crue;Lump fish, raw;Carnes, huevos y pescados
26170;Brème, cru;Freshwater bream, raw;Carnes, huevos y pescados
26171;Omble chevalier, cru;Arctic char, raw;Carnes, huevos y pescados
26172;Loup tacheté, cru;Spotted wolffish, raw;Carnes, huevos y pescados
26173;Sprat, cru;European sprat, raw;Carnes, huevos y pescados
26174;Turbot, cru;Turbot, raw;Carnes, huevos y pescados
26175;Corégone lavaret ou lavaret, cru;European whitefish, raw;Carnes, huevos y pescados
26177;Anchois, filets, salés, à l'huile, semi-conserve, égouttés;Anchovy, fillets, salted, in oil, semi-preserved, drained;Carnes, huevos y pescados
26178;Mérou, cru;Grouper, raw;Carnes, huevos y pescados
26179;Thon germon ou thon blanc, à l'huile d'olive, appertisé, égoutté;Albacore, in olive oil, canned, drained;Carnes, huevos y pescados
26180;Thon à l'huile de tournesol, entier, appertisé, égoutté;Tuna, whole slice, in sunflower oil, canned, drained;Carnes, huevos y pescados
26181;Thon albacore, au naturel, appertisé, égoutté;Yellowfin tuna, canned in brine, drained;Carnes, huevos y pescados
26192;Lieu jaune ou colin, cuit;Pollock, cooked;Carnes, huevos y pescados
26194;Lingue bleue, crue;Blue ling, raw;Carnes, huevos y pescados
26200;Sole tropicale ou sole-langue, crue;Tonguesole, raw;Carnes, huevos y pescados
26201;Turbot, élevage, cru;Turbot, farmed, raw;Carnes, huevos y pescados
26205;Bar commun ou loup (Méditerranée), sauvage, cru;Mediterranean bass, raw, wild;Carnes, huevos y pescados
26206;Bar commun ou loup (Méditerranée), élevage, cru;Mediterranean bass, raw, farmed;Carnes, huevos y pescados
26208;Baudroie rousse ou Lotte, crue;Anglerfish (Lophius budegassa), raw;Carnes, huevos y pescados
26210;Sébaste du nord ou grand sébaste, ou dorade sébaste, ou daurade sébaste, crue;Golden redfish, raw;Carnes, huevos y pescados
26211;Saumon, élevage, cuit au micro-onde;Salmon, microwaved, farmed;Carnes, huevos y pescados
26213;Hoki, tout lieu de pêche, cru;Grenadier, from any fishing spot, raw;Carnes, huevos y pescados
26214;Hoki de Nouvelle-Zélande, cru;Blue grenadier, raw;Carnes, huevos y pescados
26217;Saumon, élevage, bouilli/cuit à l'eau;Salmon, boiled/cooked in water, farmed;Carnes, huevos y pescados
26219;Grondin perlon, cru;Tub gurnard, raw;Carnes, huevos y pescados
26222;Dorade grise ou daurade grise ou griset, rôtie/cuite au four;Black seabream, roasted/baked;Carnes, huevos y pescados
26223;Saumon argenté du Pacifique (coho), cru;Coho salmon, raw;Carnes, huevos y pescados
26229;Saumon, grillé/poêlé;Salmon, grilled/pan-fried without added fat;Carnes, huevos y pescados
26230;Saumon, élevage, rôti/cuit au four;Salmon, farmed, roasted/baked;Carnes, huevos y pescados
26231;Sardine, filets sans arêtes à l'huile d'olive, appertisés, égouttés;European pilchard or sardine, fillets without fishbone, in olive oil, canned, drained;Carnes, huevos y pescados
26232;Hareng fumé, à l'huile;Atlantic herring, smoked, in oil;Carnes, huevos y pescados
26233;Merlu blanc du Cap, surgelé, cru;Shallow-water Cape hake, frozen, raw;Carnes, huevos y pescados
26234;Julienne ou lingue, cuite;Ling, cooked;Carnes, huevos y pescados
26235;Chinchard maigre, cru;Horse mackerel, lean (spring, summer), raw;Carnes, huevos y pescados
26236;Chinchard gras, cru;Horse mackerel, oily (autumn, winter), raw;Carnes, huevos y pescados
26237;Hareng maigre, cru;Atlantic herring, lean, raw;Carnes, huevos y pescados
26238;Hareng gras, cru;Atlantic herring, oily, raw;Carnes, huevos y pescados
26239;Surimi, fourré au fromage frais;Surimi, filled with fresh cheese;Carnes, huevos y pescados
26240;Joëls (petits poissons entiers) pour friture, crus;Big-scale sand smelt (whole small fish), to fry, raw;Carnes, huevos y pescados
26241;Empereur, filet, sans peau, cru;Blue shark, fillet, without skin, raw;Carnes, huevos y pescados
26242;Thon à la tomate, miettes, appertisées, égouttées;Tuna, flaked, in tomato sauce, canned, drained;Carnes, huevos y pescados
26243;Thon, à la catalane ou à l'escabèche (sauce tomate), appertisé;Tuna, in Catalan-style or tomato sauce, canned;Carnes, huevos y pescados
26244;Rouget-barbet, filet avec peau, surgelé, cru (Thaïlande,Vietnam, Sénégal…);Surmullet or red mullet, fillet with skin, frozen, raw (from Thailand or Senegal);Carnes, huevos y pescados
26245;Thon à l'huile de tournesol, miettes, appertisées, égouttées;Tuna, flaked, in sunflower oil, canned, drained;Carnes, huevos y pescados
26247;Flétan du Groënland ou flétan noir ou flétan commun, cuit à la vapeur;Greenland halibut, steamed;Carnes, huevos y pescados
26248;Sole, grillée/poêlée;Common sole, grilled/pan-fried without added fat;Carnes, huevos y pescados
26249;Poisson blanc, cuit (aliment moyen);White fish, cooked (average);Platos y entrantes
26256;Ficelle picarde, préemballée;Ham and mushroom pancake in cheese sauce, prepacked;Platos y entrantes
26257;Salade de carottes râpées, avec sauce, préemballée;Grated carrot salad, with sauce, prepacked;Platos y entrantes
26258;Salade de betterave, avec sauce, préemballée;Beetroot salad, with sauce, prepacked;Platos y entrantes
26259;Salade de chou et carotte ou coleslaw, avec sauce, préemballée;Coleslaw salad, with sauce, prepacked;Platos y entrantes
26260;Salade de concombre à la crème/fromage blanc, préemballée;Cucumber salad, with fresh cream/cheese sauce, prepacked;Platos y entrantes
26261;Salade de lentilles et saucisse fumée, préemballée;Lentil salad with smoked sausage, prepacked;Platos y entrantes
26262;Salade grecque, avec sauce, préemballée;Greek salad, with sauce, prepacked;Platos y entrantes
26263;Salade de riz au thon et légumes, avec sauce, préemballée;Rice salad, with tuna and vegetables, with sauce, prepacked;Platos y entrantes
26264;Gnocchi à la pomme de terre, à cuire;Gnocchi, from potato, raw;Cereales y derivados
26265;Gnocchi à la semoule, à cuire;Gnocchi, from semolina, raw;Cereales y derivados
26266;Croissant au jambon fromage, préemballé;Croissant filled with ham and cheese, prepacked;Platos y entrantes
26267;Tarte épinard chèvre, préemballée;Tart, goat cheese and spinach, prepacked;Platos y entrantes
26268;Tielle sétoise, préemballée;Pie, squid and spicy tomato sauce, prepacked;Platos y entrantes
26269;Taboulé ou salade de semoule au poulet, préemballé;Tabbouleh or couscous salad, with chicken, prepacked;Platos y entrantes
26270;Pizza au thon, préemballée;Pizza, tuna, prepacked;Platos y entrantes
26271;Pizza kebab, préemballée;Pizza, kebab, prepacked;Platos y entrantes
26272;Pizza au poulet, préemballée;Pizza, chicken, prepacked;Platos y entrantes
26273;Pizza type raclette ou tartiflette, préemballée;Pizza, raclette or tartiflette cheese, prepacked;Platos y entrantes
26274;Pizza au speck ou jambon cru, préemballée;Pizza, cured ham, prepacked;Platos y entrantes
26275;Oeufs de saumon du Pacifique, semi-conserve;Salmon roe, semi-preserved;Carnes, huevos y pescados
26276;Salade de pâtes au surimi, avec sauce, préemballée;Pasta salad, with surimi, with sauce, prepacked;Platos y entrantes
26277;Salade Alaska au surimi, ananas, carottes, avec sauce, préemballée;Mixed salad, Alaska-style, with surimi, pineapple, carrot, with sauce, prepacked;Platos y entrantes
26278;Salade de pâtes au poulet, fromage et crudités, avec sauce, préemballée;Pasta salad, with chicken, cheese and raw vegetables, with sauce, prepacked;Platos y entrantes
26279;Salade de pâtes aux poulet, oeuf, fromage et crudités, avec sauce, préemballée;Pasta salad, with chicken, egg, cheese and raw vegetables, with sauce, prepacked;Platos y entrantes
26280;Salade de pâtes au jambon cru, fromage et crudités, avec sauce, préemballée;Pasta salad, with ham, cheese and raw vegetables, with sauce, prepacked;Platos y entrantes
26281;Salade de chou rouge, avec sauce, préemballée;Red cabbage salad, with sauce, prepacked;Platos y entrantes
26282;Salade de pâtes au poulet et crudités, avec sauce, préemballée;Pasta salad, with chicken and raw vegetables, with sauce, prepacked;Platos y entrantes
26692;Anchois, filets, marinés à l'orientale (huile, piments…), semi-conserve, égouttés;Anchovy, fillets, marinated in oriental style (oil,chili pepper…), semi-preserved, drained;Carnes, huevos y pescados
26693;Anchois, filets, salés, à l'huile de tournesol, semi-conserve, égouttés;Anchovy, fillets, salted, in sunflower oil, semi-preserved, drained;Carnes, huevos y pescados
26694;Anchois, filets, salés, à l'huile d'olive, semi-conserve, égouttés;Anchovy, fillets, salted, in olive oil, semi-preserved, drained;Carnes, huevos y pescados
26695;Saumon, sauvage, fumé;Salmon, wild, smoked;Carnes, huevos y pescados
26696;Saumon, élevage, fumé;Salmon, smoked, farmed;Carnes, huevos y pescados
26697;Sardine, à l'huile de tournesol, appertisée, égouttée;European pilchard or sardine, in sunflower oil, canned, drained;Carnes, huevos y pescados
26698;Sardine, à l'huile d'arachide, appertisée, égouttée;European pilchard or sardine, in peanut oil, canned, drained;Carnes, huevos y pescados
26700;Anchois, filets, marinés, semi-conserve, égouttés (aliment moyen);Anchovy, marinated, semi-preserved, drained (average);Carnes, huevos y pescados
26998;Truite saumonée, sautée/poêlée;Salmon trout, sautéed/pan-fried without added fat;Carnes, huevos y pescados
26999;Anguille, cuite (aliment moyen);Eel, cooked (average);Carnes, huevos y pescados
27000;Anguille, rôtie/cuite au four;Eel, roasted/baked;Carnes, huevos y pescados
27001;Anguille, bouillie/cuite à l'eau;Eel, boiled/cooked in water;Carnes, huevos y pescados
27002;Brochet, rôti/cuit au four;Northern pike, roasted/baked;Carnes, huevos y pescados
27003;Carpe, élevage, crue;Carp, raw, farmed;Carnes, huevos y pescados
27004;Carpe, rôtie/cuite au four;Carp, roasted/baked;Carnes, huevos y pescados
27005;Perche ou perche européenne, rôtie/cuite au four;European perch, roasted/baked;Carnes, huevos y pescados
27006;Truite, rôtie/cuite au four;Trout, roasted/baked;Carnes, huevos y pescados
27007;Truite ou truite fario, cuite à la vapeur;Trout, steamed;Carnes, huevos y pescados
27008;Truite ou truite fario, élevage, crue;Trout, raw, farmed;Carnes, huevos y pescados
27009;Truite arc en ciel, élevage, crue;Rainbow trout, raw, farmed;Carnes, huevos y pescados
27010;Perche ou perche européenne, crue;European perch, raw;Carnes, huevos y pescados
27011;Brochet, cru;Northern pike, raw;Carnes, huevos y pescados
27012;Esturgeon d’Europe occidentale, cru;Sturgeon, raw;Carnes, huevos y pescados
27014;Truite arc en ciel, élevage, rôtie/cuite au four;Rainbow trout, farmed, roasted/baked;Carnes, huevos y pescados
27015;Truite arc en ciel, élevage, cuite à la vapeur;Rainbow trout, farmed, steamed;Carnes, huevos y pescados
27016;Anguille, crue;Eel, raw;Carnes, huevos y pescados
27017;Pangas, poisson-chat, machoiron, cru;Brown bullhead, raw;Carnes, huevos y pescados
27018;Pangas, poisson-chat, machoiron, cuit;Pangasius, filets, cooked;Carnes, huevos y pescados
27019;Tilapia, cru;Tilapia, raw;Carnes, huevos y pescados
27021;Truite saumonée, crue;Salmon trout, raw;Carnes, huevos y pescados
27023;Lotte de rivière, crue;Burbot, raw;Carnes, huevos y pescados
27024;Sandre, cru;Pike-perch, raw;Carnes, huevos y pescados
27025;Perche du Nil, crue;Nile perch, raw;Carnes, huevos y pescados
27029;Truite, élevage, fumée;Trout, smoked, farmed;Carnes, huevos y pescados
27030;Bar commun ou loup, rôti/cuit au four;European bass, roasted/baked;Carnes, huevos y pescados
27031;Dorade royale ou daurade ou vraie daurade, rôtie/cuite au four;Gilthead seabream, roasted/baked;Carnes, huevos y pescados
28001;Porc, épaule crue;Pork, shoulder, raw;Carnes, huevos y pescados
28002;Porc, poitrine crue;Pork, belly, raw;Carnes, huevos y pescados
28009;Porc, palette crue;Pork shoulder, raw;Carnes, huevos y pescados
28010;Porc, épaule cuite;Pork, shoulder, cooked;Carnes, huevos y pescados
28100;Porc, côte crue;Pork, chop, raw;Carnes, huevos y pescados
28101;Porc, côte grillée/poêlée;Pork, chop, grilled/pan-fried;Carnes, huevos y pescados
28102;Porc, rouelle de jambon crue;Pork, round steak, raw;Carnes, huevos y pescados
28103;Porc, rouelle de jambon cuite;Pork, round steak, cooked;Carnes, huevos y pescados
28104;Porc, carré cru;Pork, rack, raw;Carnes, huevos y pescados
28105;Porc, carré cuit;Pork, rack, cooked;Carnes, huevos y pescados
28202;Porc, filet maigre, en rôti, cuit;Pork, tenderloin roast, cooked;Carnes, huevos y pescados
28203;Porc, filet mignon cuit;Pork, filet mignon, cooked;Carnes, huevos y pescados
28204;Porc, filet mignon cru;Pork, filet mignon, raw;Carnes, huevos y pescados
28205;Porc, viande, cuite (aliment moyen);Pork, meat, cooked (average);Carnes, huevos y pescados
28300;Porc, rôti cru;Pork, roast, raw;Carnes, huevos y pescados
28301;Porc, rôti cuit;Pork, roast, cooked;Carnes, huevos y pescados
28302;Porc, échine crue;Pork, loin, raw;Carnes, huevos y pescados
28400;Porc, travers cru;Pork, spare-ribs, raw;Carnes, huevos y pescados
28401;Porc, travers braisé;Pork, spare-ribs, braised;Carnes, huevos y pescados
28451;Porc, échine rôtie/cuite au four;Pork, loin, roasted/baked;Carnes, huevos y pescados
28460;Porc, escalope de jambon crue;Pork, ham escalope, raw;Carnes, huevos y pescados
28461;Porc, escalope de jambon cuite;Pork, ham escalope, cooked;Carnes, huevos y pescados
28470;Porc, bardière découennée crue;Pork, back fat, rind less, raw;Carnes, huevos y pescados
28471;Porc, gorge découennée crue;Pork, jowl, rind less, raw;Carnes, huevos y pescados
28472;Porc, hachage sans jarret, sans bateau, découenné, dégraissé, désossé, cru;Pork, shoulder lower half, without rind, fat and bone, raw;Carnes, huevos y pescados
28473;Porc, jambon sans jarret, sans bateau, découenné, dégraissé, désossé, cru;Pork, way leg, without rind, fat and bone, raw;Carnes, huevos y pescados
28474;Porc, jambonneau arrière, découenné, dégraisssé, désossé, cru;Pork, knuckle oh ham, without rind, fat and bone, raw;Carnes, huevos y pescados
28475;Porc, maigre 90/10 cru;Pork, 90/10 trimming, raw;Carnes, huevos y pescados
28476;Porc, maigre 80/20 cru;Pork, 80/20 trimming, raw;Carnes, huevos y pescados
28477;Porc, palette, découennée, dégraissée, désossée, crue;Pork, shoulder upper half, without rind, fat and bone, raw;Carnes, huevos y pescados
28479;Porc, poitrine cutter, sans mouille, crue;Pork, belly, flank removed, raw;Carnes, huevos y pescados
28480;Porc, rôti filet avec chaînette, cru;Pork, eye of shortloin, raw;Carnes, huevos y pescados
28501;Lardon nature, cru;Lardoons, plain, raw;Carnes, huevos y pescados
28502;Poitrine de porc en salaison, fumée, crue;Pork belly, cured, smoked, raw;Carnes, huevos y pescados
28503;Bresaola;Bresaola;Carnes, huevos y pescados
28504;Lardon nature, cuit;Lardoons, plain, cooked;Carnes, huevos y pescados
28505;Corned-beef, appertisé;Corned-beef, canned;Carnes, huevos y pescados
28507;Poitrine de porc en salaison, nature, crue;Pork belly, cured, plain, raw;Carnes, huevos y pescados
28530;Oreille de porc demi-sel;Pig's ear, brined;Carnes, huevos y pescados
28540;Pied de porc demi-sel;Pig's trotter, brined;Carnes, huevos y pescados
28550;Poitrine de porc demi-sel;Pork belly, brined;Carnes, huevos y pescados
28700;Jambon de porc à cuire ou jambon à rôtir/cuire au four;Pork ham, to cook / roast / bake;Carnes, huevos y pescados
28720;Lardon fumé, cru;Lardoons, smoked, raw;Carnes, huevos y pescados
28723;Lardon, cru, à teneur réduite en sel;Lardoons, plain, low salt, raw;Carnes, huevos y pescados
28725;Lardon fumé, cuit;Lardoons, smoked, cooked;Carnes, huevos y pescados
28727;Filet de bacon;Bacon, back;Carnes, huevos y pescados
28800;Jambon cru;Cured ham;Carnes, huevos y pescados
28801;Jambon cru fumé;Cured ham, smoked;Carnes, huevos y pescados
28803;Jambon cuit, fumé;Cooked ham, smoked;Carnes, huevos y pescados
28804;Jambon cru fumé, allégé en matière grasse;Cured ham, smoked, reduced fat;Carnes, huevos y pescados
28811;Jambon de Bayonne;Cured ham, from Bayonne, smoked;Carnes, huevos y pescados
28812;Jambon sec;Dry-cured ham;Carnes, huevos y pescados
28844;Jambon sec de Parme;Dry-cured ham, from Parma;Carnes, huevos y pescados
28845;Jambon sec Serrano;Dry-cured ham, Serrano;Carnes, huevos y pescados
28850;Coppa;Coppa;Carnes, huevos y pescados
28858;Pancetta ou poitrine roulée sèche;Pancetta;Carnes, huevos y pescados
28860;Viande des Grisons;Viande des Grisons or dried beef meat;Carnes, huevos y pescados
28900;Jambon cuit, supérieur;Cooked ham, superior quality;Carnes, huevos y pescados
28901;Jambon cuit, supérieur, avec couenne;Cooked ham, superior quality, with rind;Carnes, huevos y pescados
28902;Jambon cuit, supérieur, découenné;Cooked ham, superior quality, rind less;Carnes, huevos y pescados
28905;Jambon à l'os braisé;Braised ham on the bone;Carnes, huevos y pescados
28906;Jambon cuit, supérieur, découenné dégraissé;Cooked ham, superior quality, rind less defatted;Carnes, huevos y pescados
28907;Jambon cuit, supérieur, dégraissé découenne, à teneur réduite en sel;Cooked ham, superior quality, rind less defatted, low salt;Carnes, huevos y pescados
28910;Jambon cuit, choix;Cooked ham, choice;Carnes, huevos y pescados
28911;Épaule de porc, cuite, choix, découennée dégraissée;Cooked pork shoulder, choice, rind less defatted;Carnes, huevos y pescados
28912;Jambon cuit, choix, avec couenne;Cooked ham, choice, with rind;Carnes, huevos y pescados
28913;Jambon cuit, choix, découenné dégraissé;Cooked ham, choice, rind less defatted;Carnes, huevos y pescados
28917;Rond de jambon cuit;Round of ham, cooked;Carnes, huevos y pescados
28922;Dés, allumettes, râpé ou haché de jambon;Ham, cube, grated or minced;Carnes, huevos y pescados
28924;Épaule de porc, cuite, standard, découennée dégraissée;Cooked pork shoulder, standard, rind less defatted;Carnes, huevos y pescados
28925;Jambon cuit, de Paris, découenné dégraissé;Cooked ham, Parisian-style, rind less defatted;Carnes, huevos y pescados
28927;Haché de volaille;Poultry, minced meat;Carnes, huevos y pescados
28929;Dés, allumettes, râpé ou haché de jambon de volaille;Ham, from poultry, cube, grated or minced;Carnes, huevos y pescados
28960;Jambonneau, cuit;Knuckle of ham, cooked;Carnes, huevos y pescados
28963;Jambon de poulet ou blanc de poulet en tranche;Cooked ham, from chicken, in slices;Carnes, huevos y pescados
28964;Jambon de dinde ou blanc de dinde en tranche;Cooked ham, from turkey, in slices;Carnes, huevos y pescados
28965;Jambon de volaille ou blanc de volaille, à teneur réduite en sel, en tranche;Cooked ham, from poultry, low salt, in slices;Carnes, huevos y pescados
28976;Rôti de volaille en salaison, cuit;Poultry roast, brined, cooked;Carnes, huevos y pescados
29209;Boisson au soja et jus de fruits concentrés, préemballée;Soy drink with concentrated fruit juice, prepacked;Bebidas
30005;Chipolata cuite;Chipolata sausage, cooked;Carnes, huevos y pescados
30011;Saucisse de Toulouse cuite;Toulouse sausage, cooked;Carnes, huevos y pescados
30050;Chair à saucisse crue;Sausage meat, raw;Carnes, huevos y pescados
30051;Chair à saucisse, pur porc, crue;Sausage meat, pure pork, raw;Carnes, huevos y pescados
30052;Farce porc et boeuf crue;Sausage meat, pork and beef, raw;Carnes, huevos y pescados
30104;Saucisse de Morteau;Morteaux sausage;Carnes, huevos y pescados
30105;Saucisse de Montbéliard, à cuire;Montbeliard sausage to cook;Carnes, huevos y pescados
30108;Saucisse de Morteau bouillie/cuite à l'eau;Morteaux sausage, boiled/cooked in water;Carnes, huevos y pescados
30110;Saucisse de Toulouse crue;Toulouse sausage, raw;Carnes, huevos y pescados
30115;Chipolata crue;Chipolata sausage, raw;Carnes, huevos y pescados
30130;Saucisse de volaille façon charcutière;Poultry sausage, delicatessen-style;Carnes, huevos y pescados
30131;Saucisse de volaille type knack;Poultry sausage, knack-style;Carnes, huevos y pescados
30134;Saucisse de Francfort;Frankfurter sausage;Carnes, huevos y pescados
30150;Merguez crue;Merguez sausage, raw;Carnes, huevos y pescados
30155;Merguez, boeuf et mouton, cuite;Merguez sausage, beef and mutton, cooked;Carnes, huevos y pescados
30156;Merguez, boeuf et mouton, crue;Merguez sausage, beef and mutton, raw;Carnes, huevos y pescados
30176;Saucisse de foie;Liver sausage;Carnes, huevos y pescados
30181;Haché végétal à base de soja, préemballé;Soy-based minced meat imitate, prepacked;Platos y entrantes
30300;Saucisson sec;Dry sausage;Carnes, huevos y pescados
30301;Saucisson sec pur porc;Dry sausage, pure pork;Carnes, huevos y pescados
30302;Saucisson sec pur porc, qualité supérieure;Dry sausage, pure pork, superior quality;Carnes, huevos y pescados
30304;Rosette ou fuseau;Rosette dry sausage;Carnes, huevos y pescados
30308;Saucisson sec de Lyon pur porc;Dry sausage, from Lyon, pure pork;Carnes, huevos y pescados
30309;Saucisse sèche;Dry sausage, thin size;Carnes, huevos y pescados
30311;Saucisson sec aux noix et/ou noisettes;Dry sausage with walnuts and/or hazelnuts;Carnes, huevos y pescados
30312;Pavé au poivre (charcuterie);Dry sausage, with pepper;Carnes, huevos y pescados
30314;Saucisson sec allégé en matière grasse;Dry sausage, reduced fat;Carnes, huevos y pescados
30315;Chorizo;Spicy pork sausage with red pepper;Carnes, huevos y pescados
30316;Chorizo supérieur, doux ou fort, type saucisse sèche;Spicy pork sausage with red pepper, dry;Carnes, huevos y pescados
30317;Chorizo supérieur, doux ou fort, type charcuterie en tranches;Spicy pork sausage with red pepper, in slices;Carnes, huevos y pescados
30350;Salami;Salami;Carnes, huevos y pescados
30351;Salami pur porc;Salami, pure pork;Carnes, huevos y pescados
30366;Salami type danois;Salami, Danish-style;Carnes, huevos y pescados
30700;Saucisson à l'ail;Garlic sausage;Carnes, huevos y pescados
30701;Saucisson pur porc cuit;Sausage, pure pork, cooked;Carnes, huevos y pescados
30707;Saucisson brioché, cuit;Sausage in a brioche crust, cooked;Carnes, huevos y pescados
30730;Cervelas;Saveloy or cervelat;Carnes, huevos y pescados
30731;Cervelas obernois;Saveloy or cervelat, from Obernai Alsace;Carnes, huevos y pescados
30732;Cervelas à l'ail, pur porc;Saveloy or cervelat with garlic, pure pork;Carnes, huevos y pescados
30742;Saucisse de Strasbourg ou knack, à cuire;Strasbourg sausage, to cook;Carnes, huevos y pescados
30743;Saucisse de Strasbourg ou knack, à teneur réduite en sel, à cuire;Strasbourg sausage, low salt, to cook;Carnes, huevos y pescados
30746;Saucisse cocktail;Cocktail sausage;Carnes, huevos y pescados
30764;Saucisse de jambon pur porc;Ham sausage, pure pork;Carnes, huevos y pescados
30780;Saucisse (aliment moyen);Sausage (average);Carnes, huevos y pescados
30789;Mortadelle;Mortadella;Carnes, huevos y pescados
30790;Mortadelle, pur porc;Mortadella, pure pork;Carnes, huevos y pescados
30791;Mortadelle, porc et boeuf;Mortadella, pork and beef;Carnes, huevos y pescados
30797;Mortadelle pistachée pur porc;Mortadella with pistachios, pure pork;Carnes, huevos y pescados
30801;Saucisson de cheval type cervelas;Horse sausage, cervelas type;Carnes, huevos y pescados
30886;Gelée, autres fruits ou mélange de fruits (extra ou classique);Jelly, all fruits;Dulces y azúcares
30887;Confiture, autres fruits ou mélange de fruits, allégée en sucres (extra ou classique);Other jam, reduced sugar;Dulces y azúcares
30900;Charcuterie (aliment moyen);Cured meat and sausages (average);Carnes, huevos y pescados
30990;Confiture de mûre (extra ou classique);Jam, blackberry;Dulces y azúcares
30991;Gelée de mûre (extra ou classique);Jelly, blackberry;Dulces y azúcares
30992;Confiture de rhubarbe (extra ou classique);Jam, rhubarb;Dulces y azúcares
30993;Confiture de pêche (extra ou classique);Jam, peach;Dulces y azúcares
30994;Confiture de figue (extra ou classique);Jam, fig;Dulces y azúcares
30995;Confiture de fraise, allégée en sucres;Jam, strawberry, reduced sugar;Dulces y azúcares
30996;Confiture d'abricot, allégée en sucres;Jam, apricot, reduced sugar;Dulces y azúcares
30997;Confiture de framboise, allégée en sucres;Jam, raspberry, reduced sugar;Dulces y azúcares
30998;Gelée de framboise (extra ou classique);Jelly, raspberry;Dulces y azúcares
30999;Confiture ou marmelade, tout type de fruits, sans précision sur la teneur en sucres (aliment moyen);Jam or marmalade, miscellaneaous fruits, sugar content unknown, (average);Dulces y azúcares
31000;Barre chocolatée biscuitée;Chocolate bar with biscuit;Dulces y azúcares
31001;Barre chocolatée non biscuitée enrobée;Chocolate bar, chocolate-coated, without biscuit;Dulces y azúcares
31002;Barre à la noix de coco, enrobée de chocolat;Coconut bar, chocolate-coated;Dulces y azúcares
31004;Chocolat au lait, tablette;Milk chocolate, bar;Dulces y azúcares
31005;Chocolat noir 50 % de cacao environ, tablette;Dark chocolate, 50% cocoa, bar;Dulces y azúcares
31006;Confiture ou marmelade ou gelée, tout type de fruits, non allégée en sucres (aliment moyen);Jam or marmalade, miscellaneaous fruits (not reduced sugar) (average);Dulces y azúcares
31007;Chewing-gum, sucré;Chewing gum, with sugar(s);Dulces y azúcares
31008;Miel;Honey;Dulces y azúcares
31009;Chocolat au lait aux céréales croustillantes, tablette;Milk chocolate, with puffed/popped cereals, bar;Dulces y azúcares
31010;Chocolat blanc, tablette;White chocolate, bar;Dulces y azúcares
31012;Barre ou confiserie chocolatée au lait;Chocolate confectionery or bar, with milk;Dulces y azúcares
31013;Sorbet, bâtonnet;Sorbet, stick;Helados y sorbetes
31014;Pâte de fruits;Fruit jelly or fruit paste;Dulces y azúcares
31016;Sucre blanc;Sugar, white;Dulces y azúcares
31017;Sucre roux;Sugar, brown;Dulces y azúcares
31018;Chocolat au lait aux fruits secs (noisettes, amandes, raisins, praline), tablette;Milk chocolate, with dried fruits (nuts, almonds, raisins, praliné), bar;Dulces y azúcares
31020;Chocolat au lait sans sucres ajoutés, avec édulcorants, tablette;Milk chocolate, no added sugars, with sweeteners, bar;Dulces y azúcares
31021;Ecorce d'orange confite;Candied orange peel;Dulces y azúcares
31023;Marron glacé;Candied chestnut;Dulces y azúcares
31024;Confiture de fraise (extra ou classique);Jam, strawberry;Dulces y azúcares
31026;Chocolat blanc aux fruits secs (noisettes, amandes, raisins, praliné) , tablette;White chocolate, with dried fruits (nuts, almonds, raisins, praliné), bar;Dulces y azúcares
31027;Fruit confit;Candied fruit;Dulces y azúcares
31028;Bonbon dragéifié;Coated candies;Dulces y azúcares
31030;Chocolat noir sans sucres ajoutés, avec édulcorants, en tablette;Dark chocolate, no added sugars, with sweetener(s), bar;Dulces y azúcares
31032;Pâte à tartiner chocolat et noisette;Chocolate spread with hazelnuts;Dulces y azúcares
31034;Sirop d'érable;Maple syrup;Dulces y azúcares
31035;Barre glacée chocolatée;Ice cream bar, chocolate;Helados y sorbetes
31036;Dragée amande;Sugared almond;Dulces y azúcares
31037;Confiture d'abricot (extra ou classique);Jam, apricot;Dulces y azúcares
31038;Confiture de cerise (extra ou classique);Jam, cherry;Dulces y azúcares
31039;Marmelade d'orange ou confiture d'orange (extra ou classique);Marmalade or jam, orange;Dulces y azúcares
31040;Confiture de lait;Dulce de leche or confiture de lait;Dulces y azúcares
31041;Confiserie au chocolat dragéifiée;Chocolate confectionery, coated;Dulces y azúcares
31042;Cacahuète enrobée de chocolat dragéifiée;Chocolate-coated peanut;Dulces y azúcares
31044;Sucre vanillé;Sugar, vanilla flavoured;Dulces y azúcares
31046;Caramel liquide ou nappage caramel;Liquid caramel;Dulces y azúcares
31047;Gélifiant pour confitures;Gelling agent for jam;Ayudas culinarias e ingredientes
31050;Guimauve ou marshmallow;Marshmallow;Dulces y azúcares
31052;Praline;Candied almond or praline;Dulces y azúcares
31053;Confiture de prune, par ex. mirabelle, quetsche, reine-claude (extra ou classique);Jam, plum;Dulces y azúcares
31054;Chewing-gum, sans sucres;Chewing gum, sugar-free;Dulces y azúcares
31059;Bonbon dur et sucette;Hard candy and lollipop;Dulces y azúcares
31060;Bonbon gélifié;Jelly candy;Dulces y azúcares
31062;Confiture de framboise (extra ou classique);Jam, raspberry;Dulces y azúcares
31063;Bouchée chocolat fourrage fruits à coques et/ou praliné;Chocolate confectionery, filled with nuts and/or praliné;Dulces y azúcares
31064;Édulcorant à la saccharine;Saccharin sweetener;Dulces y azúcares
31066;Rocher chocolat fourré praliné;Chocolate and nut confectionery, filled with praliné;Dulces y azúcares
31067;Mélasse de canne;Cane molasses;Dulces y azúcares
31068;Confiture de myrtille (extra ou classique);Jam, blueberry;Dulces y azúcares
31069;Chocolat noir aux fruits (orange, framboise, poire), tablette;Dark chocolate, with fruits (orange, raspberries, pear), bar;Dulces y azúcares
31070;Chocolat noir aux fruits secs (noisettes, amandes, raisins, praline), tablette;Dark chocolate, with dried fruits (nuts, almonds, raisin, praliné), bar;Dulces y azúcares
31071;Barre chocolatée aux fruits secs;Chocolate bar with dried fruits;Dulces y azúcares
31072;Chocolat noir fourrage confiseur à la menthe;Dark chocolate, filled with mint confectionery;Dulces y azúcares
31073;Gâteau moelleux fourré au chocolat et au lait, enrobé de chocolat, préemballé, rayon frais;Soft cake filled with chocolate and milk, with chocolate coating, prepacked, refrigerated;Dulces y azúcares
31074;Chocolat noir 70 % de cacao environ, de dégustation, tablette;Dark chocolate, 70% cocoa, bar;Dulces y azúcares
31076;Edulcorant à base de sucre et aspartame (petits morceaux);Sweetener with sugar and aspartam (little lumps);Dulces y azúcares
31077;Fructose;Fructose;Dulces y azúcares
31080;Chocolat noir fourré praliné, tablette;Dark chocolate, filled with praliné, bar;Dulces y azúcares
31081;Bonbon tendre, au caramel;Chewy candy, caramel;Dulces y azúcares
31082;Préparation de fruits divers (en taux de sucres : confitures allégées en sucres < préparations de fruits < confitures);Fruit preparation, sweetened, less sugar than classic, but not as reduced as in reduced sugar jams;Dulces y azúcares
31083;Confiture, autres fruits ou mélange de fruits (extra ou classique);Other jam;Dulces y azúcares
31084;Chocolat au lait fourré au praliné, tablette;Milk chocolate, filled with praliné, bar;Dulces y azúcares
31085;Chocolat noir 40% de cacao et plus, à pâtisser, tablette;Dark chocolate, more than 40% cocoa, for cooking, bar;Dulces y azúcares
31087;Édulcorant à base d'extrait de stévia;Stevia sweetener;Dulces y azúcares
31091;Bouchée/bonbon au chocolat fourrage gaufrettes ou biscuit;Chocolate confectionery, filled with wafer/biscuit;Dulces y azúcares
31092;Calisson d'Aix en Provence;Calisson from Aix en Provence (marzipan and candied melon sweet);Dulces y azúcares
31093;Guimauve ou marshmallow, enrobé de chocolat;Marshmallow, chocolate-coated;Dulces y azúcares
31094;Bonbon dur, au caramel;Hard candy, caramel;Dulces y azúcares
31095;Gelée de groseille (extra ou classique);Jelly, currant (red);Dulces y azúcares
31097;Bonbon tendre;Chewy candy;Dulces y azúcares
31098;Barre chocolat au lait avec nougat;Chocolate bar, milk chocolate, with nougat;Dulces y azúcares
31100;Barre céréalière pour petit déjeuner au lait, au chocolat ou non, enrichie en vitamines et minéraux;Cereal bar, for breakfast, with milk, with chocolate or not, fortified with vitamins and minerals;Dulces y azúcares
31101;"Barre céréalière ""équilibre"" aux fruits, enrichie en vitamines et minéraux";Cereal bar with fruit, fortified with vitamins and minerals;Dulces y azúcares
31102;"Barre céréalière ""équilibre"" au chocolat, enrichie en vitamines et minéraux";Cereal bar with chocolate, fortified with vitamins and minerals;Dulces y azúcares
31104;Barre céréalière diététique hypocalorique;Cereal bar, low calorie;Dulces y azúcares
31106;Barre céréalière au chocolat;Cereal bar with chocolate;Dulces y azúcares
31109;Pollen, partiellement séché;Pollen, partially dried;Ayudas culinarias e ingredientes
31111;Pollen, frais;Pollen, fresh;Ayudas culinarias e ingredientes
31112;Bonbon gélifié à la réglisse, type rouleau ou batonnet;Jelly candy, liquorice, roll or stick;Dulces y azúcares
31113;Barre céréalière aux fruits;Cereal bar with fruit;Dulces y azúcares
31114;Barre céréalière aux amandes ou noisettes;Cereal bar with almonds or hazelnuts;Dulces y azúcares
31115;Barre céréalière au chocolat et aux fruits;Cereal bar with chocolate and fruits;Dulces y azúcares
31120;Chocolat, tablette (aliment moyen);Chocolate, bar (average);Dulces y azúcares
31121;Chewing-gum, sans précision sur la teneur en sucres (aliment moyen);Chewing gum, sugar level unknown (average);Dulces y azúcares
31122;Bonbon tendre, au caramel enrobé de chocolat;Chewy candy, caramel, chocolate-coated;Dulces y azúcares
31124;Bonbon dur type collier, sifflet, sucette, pastille, au dextrose;Hard candy (necklace, whistle, lollipop, drop), with dextrose;Dulces y azúcares
31125;Pastille rafraîchissante, sans sucres;Breath mint, sugar-free;Dulces y azúcares
31126;Pastille rafraîchissante, sucrée;Breath mint, with sugar(s);Dulces y azúcares
31127;Nougat tendre;Nougat, soft;Dulces y azúcares
31128;Bonbon dur et sucette, sans sucres;Hard candy and lollipop, sugar-free;Dulces y azúcares
31129;Préparation aux fruits divers (35% de fruits min, sucres et autre(s) ingrédient(s));Fruit preparation, sweetened, 35% fruits minimum, with sugars and other ingredient(s);Dulces y azúcares
32000;Grains de blé soufflés au miel ou caramel, enrichis en vitamines et minéraux;Puffed wheat, with honey or caramel, fortified with vitamins and minerals;Dulces y azúcares
32001;Céréales pour petit déjeuner chocolatées, non fourrées, enrichies en vitamines et minéraux;Breakfast cereals with chocolate, extruded, not filled, fortified with vitamins and minerals;Dulces y azúcares
32003;Céréales pour petit déjeuner (aliment moyen);Breakfast cereals (average);Dulces y azúcares
32004;Muesli (aliment moyen);Muesli (average);Dulces y azúcares
32005;Pétales de maïs nature, enrichis en vitamines et minéraux;Corn flakes, plain, fortified with vitamins and minerals;Dulces y azúcares
32006;Riz soufflé nature, enrichi en vitamines et minéraux;Puffed rice, plain, fortified with vitamins and minerals;Dulces y azúcares
32008;Céréales pour petit déjeuner riches en fibres, au chocolat, enrichies en vitamines et minéraux;Breakfast cereals, rich in fibre, with chocolate, fortified with vitamins and minerals;Dulces y azúcares
32012;Riz soufflé chocolaté, non enrichi en vitamines et minéraux;Puffed rice, with chocolate, not fortified;Dulces y azúcares
32013;Céréales pour petit déjeuner chocolatées, non fourrées, non enrichies en vitamines et minéraux;Breakfast cereals with chocolate, not filled, not fortified;Dulces y azúcares
32014;Pétales de maïs nature, non enrichis en vitamines et minéraux;Corn flakes, plain, not fortified;Dulces y azúcares
32016;Céréales pour petit déjeuner fourrées au chocolat ou chocolat-noisettes, enrichies en vitamines et minéraux;Breakfast cereals, chocolate or chocolate-hazelnut filling, fortified with vitamins and minerals;Dulces y azúcares
32017;Céréales pour petit déjeuner fourrées au chocolat ou chocolat-noisettes, non enrichies en vitamines et minéraux;Breakfast cereals, chocolate or chocolate-hazelnut filling, not fortified;Dulces y azúcares
32018;Céréales pour petit déjeuner fourrées au lait ou à la vanille, enrichies en vitamines et minéraux;Breakfast cereals, vanilla or milk filling, fortified with vitamins and minerals;Dulces y azúcares
32022;Pétales de céréales au chocolat, avec ou sans fruits à coque, enrichis en vitamines et minéraux;Cereal flakes with chocolate, with or without nuts, fortified with vitamins and minerals;Dulces y azúcares
32023;Pétales de céréales aux fruits, enrichis en vitamines et minéraux;Cereal flakes with fruits, fortified with vitamins and minerals;Dulces y azúcares
32025;Pétales de céréales aux fruits à coque, enrichis en vitamines et minéraux;Cereal flakes with nuts, fortified with vitamins and minerals;Dulces y azúcares
32028;Pétales de céréales au chocolat, avec ou sans fruits à coque, non enrichis en vitamines et minéraux;Cereal flakes with chocolate, with or without nuts, not fortified;Dulces y azúcares
32029;Pétales de céréales aux fruits, non enrichis en vitamines et minéraux;Cereal flakes with fruits, not fortified;Dulces y azúcares
32030;Pétales de céréales, nature, sucrées, enrichies en vitamines et minéraux;Cereal flakes, plain, with sugar(s), fortified with vitamins and minerals;Dulces y azúcares
32031;Céréales pour petit déjeuner, enrichies en vitamines et minéraux (aliment moyen);Breakfast cereals, fortified with vitamins and minerals (average);Dulces y azúcares
32032;Céréales pour petit déjeuner, non enrichies en vitamines et minéraux (aliment moyen);Breakfast cereals, not fortified (average);Dulces y azúcares
32033;Céréales pour petit déjeuner riches en fibres, aux fruits ou fruits à coque, enrichies en vitamines et minéraux;Breakfast cereals, rich in fibre, with fruits or nuts, fortified with vitamins and minerals;Dulces y azúcares
32034;Céréales pour petit déjeuner riches en fibres, aux fruits ou fruits à coque, non enrichies en vitamines et minéraux;Breakfast cereals, rich in fibre, with fruits or nuts, not fortified;Dulces y azúcares
32035;Céréales pour petit déjeuner riches en fibres, nature, enrichies en vitamines et minéraux;Breakfast cereals, rich in fibre, plain, fortified with vitamins and minerals;Dulces y azúcares
32036;Céréales pour petit déjeuner riches en fibres, nature, non enrichies en vitamines et minéraux;Breakfast cereals, rich in fibre, plain, not fortified;Dulces y azúcares
32037;Céréales pour petit déjeuner au chocolat et caramel, extrudées, enrichies en vitamines et minéraux;Breakfast cereals with chocolate and caramel, extruded, fortified with vitamins and minerals;Dulces y azúcares
32038;Céréales pour petit déjeuner au chocolat et caramel, extrudées, non enrichies en vitamines et minéraux;Breakfast cereals with chocolate and caramel, extruded, not fortified;Dulces y azúcares
32039;Céréales pour petit déjeuner fourrées au lait ou à la vanille, non enrichies en vitamines et minéraux;Breakfast cereals, vanilla or milk filling, not fortified;Dulces y azúcares
32040;Grains de blé soufflés au miel ou caramel, non enrichis en vitamines et minéraux;Puffed wheat, with honey or caramel, not fortified;Dulces y azúcares
32041;Mélange de flocons de céréales, nature, non enrichi en vitamines et minéraux;Breakfast cereals, mix of flakes, plain, not fortified;Dulces y azúcares
32042;Pétales de céréales, nature, sucrées, non enrichies en vitamines et minéraux;Cereal flakes, plain, with sugar(s), not fortified;Dulces y azúcares
32043;Pétales de céréales, nature, sans sucres ajoutés, non enrichies en vitamines et minéraux;Cereal flakes plain, no added sugars, not fortified;Dulces y azúcares
32107;Pétales de maïs glacés au sucre, non enrichis en vitamines et minéraux;Corn flakes, sugar frosted, not fortified;Dulces y azúcares
32108;Muesli croustillant aux fruits, avec ou sans fruits à coque et/ou graines, non enrichi en vitamines et minéraux;Granola with fruits, with or without nut and seeds, not fortified;Dulces y azúcares
32109;Muesli croustillant au chocolat, non enrichi en vitamines et minéraux;Granola with chocolate, not fortified;Dulces y azúcares
32110;Muesli floconneux aux fruits, fruits à coque et/ou graines, enrichi en vitamines et minéraux;Muesli, with fruits, nuts and/or seeds, fortified with vitamins and minerals;Dulces y azúcares
32111;Muesli croustillant aux fruits, avec ou sans fruits à coque et/ou graines, enrichi en vitamines et minéraux;Granola with fruits, with or without nut and seeds, fortified with vitamins and minerals;Dulces y azúcares
32112;Muesli croustillant au chocolat, enrichi en vitamines et minéraux;Granola with chocolate, fortified with vitamins and minerals;Dulces y azúcares
32113;Muesli floconneux aux fruits, fruits à coque et/ou graines, sans sucres ajoutés, non enrichi;Muesli, with fruits, nuts and/or seeds, no added sugars, not fortified;Dulces y azúcares
32116;Céréales pour petit déjeuner très riches en fibres, nature, enrichies en vitamines et minéraux;Breakfast cereals, very rich in fibre, plain, fortified with vitamins and minerals;Dulces y azúcares
32121;Pétales de maïs glacés au sucre, enrichis en vitamines et minéraux;Corn flakes, sugar frosted, fortified with vitamins and minerals;Dulces y azúcares
32129;Boules de maïs soufflées au miel, non enrichies en vitamines et minéraux;Breakfast cereals, puffed corn with honey, not fortified;Dulces y azúcares
32130;Blé khorasan complet soufflé;Khorasan wheat, wholegrain, puffed;Dulces y azúcares
32131;Riz soufflé chocolaté, enrichi en vitamines et minéraux;Puffed rice, with chocolate, fortified with vitamins and minerals;Dulces y azúcares
32133;Boules de maïs soufflées au miel, enrichies en vitamines et minéraux;Breakfast cereals, puffed corn with honey, fortified with vitamins and minerals;Dulces y azúcares
32138;Muesli floconneux aux fruits, fruits à coque et/ou graines, non enrichi en vitamines et minéraux;Muesli, with fruits, nuts and/or seeds, not fortified;Dulces y azúcares
32139;Muesli enrichi en vitamines et minéraux (aliment moyen);Muesli, fortified with vitamins and minerals (average);Dulces y azúcares
32140;Flocons d'avoine;Oat flakes;Dulces y azúcares
32141;Muesli non enrichi en vitamines et minéraux (aliment moyen);Muesli, not fortified (average food);Dulces y azúcares
32142;Céréales pour petit déjeuner au miel ou caramel, soufflées ou extrudées, enrichies en vitamines et minéraux;Breakfast cereals, puffed or extruded, with honey or caramel, fortified with vitamins and minerals;Dulces y azúcares
32143;Céréales pour petit déjeuner au miel ou caramel, soufflées ou extrudées, non enrichies en vitamines et minéraux;Breakfast cereals, puffed or extruded, with honey or caramel, not fortified;Dulces y azúcares
32144;Muesli croustillant aux fruits à coque et/ou graines uniquement, enrichi en vitamines et minéraux;Granola with nuts and/or seeds only, fortified with vitamins and minerals;Dulces y azúcares
32145;Muesli croustillant aux fruits à coque et/ou graines uniquement, non enrichi en vitamines et minéraux;Granola with nuts and/or seeds only, not fortified;Dulces y azúcares
34000;Lapin, viande braisée;Rabbit, meat, braised;Carnes, huevos y pescados
34001;Lapin, viande crue;Rabbit, meat, raw;Carnes, huevos y pescados
34002;Lapin, viande cuite;Rabbit, meat, cooked;Carnes, huevos y pescados
34003;Lapin de garenne, viande crue;Rabbit, wild, meat, raw;Carnes, huevos y pescados
34004;Lapin de garenne, viande cuite;Rabbit, wild, meat, cooked;Carnes, huevos y pescados
34500;Grenouille, cuisse, crue;Frog, leg, raw;Carnes, huevos y pescados
34501;Grenouille, cuisse, grillée/poêlée;Frog, leg, grilled/pan-fried without added fat;Carnes, huevos y pescados
36000;Poule, viande et peau crues;Hen, meat and skin, raw;Carnes, huevos y pescados
36001;Poule, viande crue;Hen, meat, raw;Carnes, huevos y pescados
36002;Poulet, cuisse, viande et peau crue;Chicken, leg, meat and skin, raw;Carnes, huevos y pescados
36003;Poulet, viande crue;Chicken, meat, raw;Carnes, huevos y pescados
36004;Poulet, cuisse, viande et peau rôtie/cuite au four;Chicken, leg, meat and skin, roasted/baked;Carnes, huevos y pescados
36005;Poulet, viande et peau rôties/cuites au four;Chicken, meat and skin, roasted/baked;Carnes, huevos y pescados
36006;Poulet, cuisse, viande rôtie/cuite au four;Chicken leg, meat, roasted/baked;Carnes, huevos y pescados
36007;Poulet blanc, viande et peau crues;Chicken, white race, meat and skin, raw;Carnes, huevos y pescados
36008;Poulet fermier, viande et peau crues;Chicken, free-range, meat and skin, raw;Carnes, huevos y pescados
36014;Poule, cuisse crue;Hen, leg, raw;Carnes, huevos y pescados
36016;Poulet, viande et peau crues;Chicken, meat and skin, raw;Carnes, huevos y pescados
36017;Poulet, filet sans peau cru;Chicken, breast, without skin, raw;Carnes, huevos y pescados
36018;Poulet, filet sans peau grillé/poêlé;Chicken, breast, without skin, grilled/pan-fried;Carnes, huevos y pescados
36019;Poulet, haut de cuisse, viande crue;Chicken high leg, meat, raw;Carnes, huevos y pescados
36020;Poulet éviscéré sans abats, cru;Chicken, eviscerated without offal, raw;Carnes, huevos y pescados
36022;Poulet, pilon cru;Chicken, drumstick, raw;Carnes, huevos y pescados
36023;Poulet, aile, viande et peau crues;Chicken, wing, meat and skin, raw;Carnes, huevos y pescados
36024;Poulet, cuisse, viande crue;Chicken, leg, meat, raw;Carnes, huevos y pescados
36027;Nuggets ou croquette panée de poulet, préemballé;Chicken nuggets, breaded croquette, prepacked;Platos y entrantes
36029;Poulet, poitrine, viande et peau crues;Chicken, breast, meat and skin, raw;Carnes, huevos y pescados
36030;Poulet, cuisse, viande bouillie/cuite à l'eau;Chicken leg, meat, boiled/cooked in water;Carnes, huevos y pescados
36031;Poulet, cuisse, viande et peau bouillie/cuite à l'eau;Chicken, leg, meat and skin, boiled/cooked in water;Carnes, huevos y pescados
36032;Poulet, poitrine, viande et peau rôties/cuites au four;Chicken, breast, meat and skin, roasted/baked;Carnes, huevos y pescados
36033;Poulet, aile, viande et peau rôties/cuites au four;Chicken, wing, meat and skin, roasted/baked;Carnes, huevos y pescados
36035;Poulet, manchons marinés, préemballés, rôtis/cuits au four;Chicken, marinated wings, prepacked, roasted/baked;Platos y entrantes
36036;Escalope panée, viennoise ou milanaise, poulet, cuite;Milanese-style chicken escalope or breaded chicken escalope;Platos y entrantes
36037;Poulet, cuisse, viande et peau crues bio;Chicken, leg, meat and skin, raw, organic;Carnes, huevos y pescados
36038;Poulet, cuisse, viande et peau crues label rouge;Chicken, leg, meat and skin, raw, label rouge;Carnes, huevos y pescados
36039;Poulet, filet sans peau cru, bio;Chicken, breast, without skin, raw, organic;Carnes, huevos y pescados
36040;Poulet, filet sans peau cru, label rouge;Chicken, breast, without skin, raw, label rouge;Carnes, huevos y pescados
36041;Poulet, filet sans peau grillé/poêlé, bio;Chicken, breast, without skin, grilled/pan-fried, organic;Carnes, huevos y pescados
36042;Volaille, viande cuite (aliment moyen);Poultry, meat, cooked (average);Carnes, huevos y pescados
36050;Chapon, viande et peau crues;Capon, meat and skin, raw;Carnes, huevos y pescados
36051;Chapon, viande et peau rôties/cuites au four;Capon, meat and skin, roasted/baked;Carnes, huevos y pescados
36100;Caille, viande et peau crues;Quail, meat and skin, raw;Carnes, huevos y pescados
36101;Caille, viande crue;Quail, meat, raw;Carnes, huevos y pescados
36102;Caille, viande et peau cuites;Quail, meat and skin, cooked;Carnes, huevos y pescados
36200;Canard, viande et peau rôties/cuites au four;Duck, meat and skin, roasted/baked;Carnes, huevos y pescados
36201;Canard, viande crue;Duck, meat, raw;Carnes, huevos y pescados
36202;Canard, viande rôtie/cuite au four;Duck, meat, roasted/baked;Carnes, huevos y pescados
36203;Canard, cuisse avec peau, sans os, crue;Duck, leg, meat and skin, raw;Carnes, huevos y pescados
36204;Canard, viande et peau crues;Duck, meat and skin, raw;Carnes, huevos y pescados
36205;Canard, magret grillé/poêlé;Duck, magret, grilled/pan-fried;Carnes, huevos y pescados
36206;Canard, magret cru;Duck, breast fillet, raw;Carnes, huevos y pescados
36300;Dinde, viande et peau crues;Turkey, meat and skin, raw;Carnes, huevos y pescados
36301;Dinde, viande crue;Turkey, meat, raw;Carnes, huevos y pescados
36302;Dinde, viande rôtie/cuite au four;Turkey, meat, roasted/baked;Carnes, huevos y pescados
36304;Dinde, escalope crue;Turkey, escalope, raw;Carnes, huevos y pescados
36305;Dinde, cuisse, viande et peau crues;Turkey, leg, meat and skin, raw;Carnes, huevos y pescados
36306;Dinde, escalope grillée/poêlée;Turkey, escalope, grilled/pan-fried;Carnes, huevos y pescados
36307;Dinde, cuisse, viande crue;Turkey, leg, meat, raw;Carnes, huevos y pescados
36308;Dinde, escalope rôtie/cuite au four;Turkey, escalope, roasted/baked;Carnes, huevos y pescados
36310;Dinde, aile crue;Turkey, wing, raw;Carnes, huevos y pescados
36318;Escalope panée, viennoise ou milanaise, dinde, cuite;Milanese-style turkey escalope or breaded turkey escalope;Platos y entrantes
36401;Faisan, viande crue;Pheasant, meat, raw;Carnes, huevos y pescados
36402;Faisan, viande rôtie/cuite au four;Pheasant, meat, roasted/baked;Carnes, huevos y pescados
36403;Faisan, viande et peau crues;Pheasant, meat and skin, raw;Carnes, huevos y pescados
36500;Oie, viande crue;Goose, meat, raw;Carnes, huevos y pescados
36501;Oie, viande et peau crues;Goose, meat and skin, raw;Carnes, huevos y pescados
36502;Oie, viande rôtie/cuite au four;Goose, meat, roasted/baked;Carnes, huevos y pescados
36503;Oie, viande et peau rôties/cuites au four;Goose, meat and skin, roasted/baked;Carnes, huevos y pescados
36600;Pigeon, viande crue;Pigeon, meat, raw;Carnes, huevos y pescados
36602;Pigeon, viande rôtie/cuite au four;Pigeon, meat, roasted/baked;Carnes, huevos y pescados
36603;Gibier à plumes, viande, cuit (aliment moyen);Feathered game, meat, cooked (average);Carnes, huevos y pescados
36700;Pintade, viande crue;Guinea fowl, meat, raw;Carnes, huevos y pescados
36702;Pintade, poitrine crue;Guinea fowl, breast, raw;Carnes, huevos y pescados
36703;Pintade, cuisse crue;Guinea fowl, leg, raw;Carnes, huevos y pescados
36800;Autruche, viande crue;Ostrich, meat, raw;Carnes, huevos y pescados
36801;Autruche, viande cuite;Ostrich, meat, cooked;Carnes, huevos y pescados
36900;Volaille, cuite (aliment moyen);Poultry, cooked (average);Carnes, huevos y pescados
37000;Base de pizza (pâte et sauce à la crème), crue;Base for pizza (dough + cream sauce), raw;Ayudas culinarias e ingredientes
37001;Pâte à pizza, préemballée, crue;Pizza dough, prepacked, raw;Cereales y derivados
37002;Base de pizza (pâte et sauce à la tomate), crue;Base for pizza (dough + tomato sauce), raw;Ayudas culinarias e ingredientes
38104;Chips, beignet ou pétale à la crevette;Prawn crackers;Cereales y derivados
38105;Chips de maïs ou tortilla chips, aromatisé;Maiz/corn chips or tortilla chips, flavoured;Cereales y derivados
38106;Biscuit ou cracker apéritif, soufflé, goût pomme de terre;Puffed salty snacks, potato flavour;Cereales y derivados
38107;Biscuit ou cracker apéritif, mini bretzel ou sticks;Salty snacks, crackers, mini pretzels or sticks;Cereales y derivados
38109;Biscuit apéritif, mini-chou fourré, préemballé;Salty snack, filled, prepacked;Cereales y derivados
38399;Biscuit ou cracker apéritif (aliment moyen);Salty snacks, crackers (average);Cereales y derivados
38401;Biscuit ou cracker apéritif, à base de blé, au fromage;Salty snacks, crackers, made from wheat, with cheese;Cereales y derivados
38402;Biscuit ou cracker apéritif, à base de blé, nature ou aromatisé;Salty snacks, crackers, made from wheat, plain or flavoured;Cereales y derivados
38403;Biscuit ou cracker apéritif, à base de blé, nature, allégé en matière grasse;Salty snacks, crackers, made from wheat, plain, reduced fat;Cereales y derivados
38404;Biscuit ou cracker apéritif, soufflé, goût cacahuète;Puffed salty snacks, peanut flavour;Cereales y derivados
38405;Biscuit ou cracker apéritif, tuile, à base de pomme de terre;Salty snacks, crackers, made from potato;Cereales y derivados
38406;Cacahuète enrobée d'un biscuit salé ou aromatisé, pour apéritif;Peanuts coated with savoury biscuit (with salt or flavoured);Cereales y derivados
38407;Biscuit ou cracker apéritif, feuilleté (flûtes, torsades, palmiers…), sans fromage;Salty snacks, crackers, puff pastry, without cheese;Cereales y derivados
38408;Biscuit apéritif, crêpe dentelle fourrée, préemballée;Salted crispy crepe, filled, prepacked;Cereales y derivados
38410;Biscuit ou cracker apéritif, feuilleté (flûtes, torsades, palmiers…), au fromage;Salty snacks, crackers, puff pastry, with cheese;Cereales y derivados
38411;Biscuit ou cracker apéritif, à base de blé, assortiment;Salty snacks, crackers, made from wheat, various types;Cereales y derivados
38413;Biscuit ou cracker apéritif, gaufrette fourrée;Salty snacks, crackers, mini waffle, filled;Cereales y derivados
38414;Gressin, au sésame;Grissini or bread stick, with sesame;Cereales y derivados
38415;Gressin, au sésame, allégé en matière grasse;Grissini or bread stick, with sesame, reduced fat;Cereales y derivados
38416;Biscuit ou cracker apéritif, à base de riz et cacahuètes enrobées, mélange japonais;Salty snacks, crackers made from rice and coated peanuts, japanese style;Cereales y derivados
38417;Chips de maïs ou tortilla chips, nature;Maize/corn chips or tortilla chips, plain;Cereales y derivados
38419;Biscuit ou cracker apéritif, soufflé, goût bacon;Puffed salty snacks, bacon flavour;Cereales y derivados
38420;Biscuit ou cracker apéritif, soufflé, nature;Puffed salty snacks, plain;Cereales y derivados
38421;Biscuit ou cracker apéritif, soufflé, goût fromage;Puffed salty snacks, cheese flavour;Cereales y derivados
38422;Biscuit ou cracker apéritif, soufflé, sans précision (aliment moyen);Puffed salty snacks (average);Cereales y derivados
38500;Croûton, à l'ail, aux fines herbes ou aux oignons, préemballé;Crouton with garlic, herbs or onions, prepacked;Cereales y derivados
38501;Croûton, au fromage, préemballé;Crouton with cheese, prepacked;Cereales y derivados
39001;Milkshake, de restauration rapide;Milkshake, from fast food;Lácteos
39200;Crème dessert au chocolat, rayon frais;Custard dessert, chocolate, refrigerated;Lácteos
39206;Mousse au chocolat (base laitière), rayon frais;Chocolate mousse (milk-based), refrigerated;Lácteos
39209;Crème caramel, rayon frais;Caramel custard, refrigerated;Lácteos
39210;Mousse au chocolat traditionnelle, rayon frais;Chocolate mousse, traditional, refrigerated;Lácteos
39211;Crème aux oeufs (petit pot de crème chocolat, vanille, etc.), rayon frais;Custard with eggs (small jar of chocolate or vanilla cream), refrigerated;Lácteos
39212;Riz au lait vanille, cannelle ou nature, rayon frais;Rice pudding, vanilla, cinnamon or plain, refrigerated;Lácteos
39213;Crème brûlée, rayon frais;Caramelized custard cream (crème brûlée), refrigerated;Lácteos
39214;Crème dessert à la vanille, appertisée;Custard dessert, vanilla, canned;Lácteos
39215;Ile flottante, rayon frais;Floating island (meringue poached in milk and served in a light custard cream), refrigerated;Lácteos
39216;Clafoutis aux fruits, rayon frais;Fruits batter-pudding, refrigerated;Lácteos
39218;Semoule au lait, rayon frais;Semolina pudding, refrigerated;Lácteos
39220;Liégeois aux fruits, rayon frais;Fruit liegeois, refrigerated;Lácteos
39229;Crème dessert à la vanille, rayon frais;Custard dessert, vanilla, refrigerated;Lácteos
39230;Crème dessert, rayon frais (aliment moyen);Custard dessert, refrigerated (average);Lácteos
39233;Fondant au chocolat noir et crème anglaise, rayon frais;Dark chocolate fondant with light custard cream, refrigerated;Lácteos
39234;Gâteau au chocolat, coeur fondant, rayon frais;Chocolate cake, with creamy chocolate heart, refrigerated;Lácteos
39235;Mousse liégeoise (chocolat, café, caramel ou vanille), rayon frais;Mousse (chocolate, coffee, caramel or vanilla) topped with whipped cream, refrigerated;Lácteos
39236;Pain perdu;French toast;Lácteos
39246;Crème dessert au café, rayon frais;Custard dessert, coffee, refrigerated;Lácteos
39247;Crème dessert au caramel, rayon frais;Custard dessert, caramel, refrigerated;Lácteos
39248;Mousse au chocolat végétale, rayon frais;Chocolate mousse, plant-based, refrigerated;Lácteos
39249;Mousse aux fruits, au fromage frais, 0% MG, sucrée, avec édulcorants, enrichie en calcium, rayon frais;Fruit mousse, with cottage cheese, 0% fat, with sugar(s) and sweetener(s), fortified with calcium, refrigerated;Lácteos
39250;Mousse aux fruits, au fromage frais, sucrée, rayon frais;Fruit mousse, with cottage cheese, with sugar(s), refrigerated;Lácteos
39251;Riz au lait, au caramel, rayon frais;Rice pudding with caramel, refrigerated;Lácteos
39252;Riz au lait, rhum raisins, rayon frais;Rice pudding with rhum and raisins, refrigerated;Lácteos
39253;Mousse au chocolat ou café, sur ganache, rayon frais;Chocolate or coffee mousse, on ganache cream, refrigerated;Lácteos
39254;Crème dessert au chocolat et billes de céréales chocolatées, rayon frais;Custard dessert, chocolate, with chocolate-coated cereals, refrigerated;Lácteos
39400;Lait de poule, sans alcool;Eggnog, without alcohol;Lácteos
39401;Pêche melba;Peach melba (with vanilla ice cream and raspberry sauce);Helados y sorbetes
39500;Glace à l'eau ou sorbet ou crème glacée, tout parfum (aliment moyen);Ice cream or sorbet or ice pop, any flavour (average);Helados y sorbetes
39502;Dessert glacé type mystère ou vacherin;Frozen dessert, ice cream with meringue;Helados y sorbetes
39503;Glace ou crème glacée, bâtonnet enrobage chocolat;Ice cream, stick, chocolate-coated;Helados y sorbetes
39505;Crème dessert, appertisée (aliment moyen);Custard dessert, canned (average);Lácteos
39506;Crème dessert au chocolat, appertisée;Custard dessert, chocolate, canned;Lácteos
39509;Glace ou crème glacée, cône (taille standard);Ice cream, cone (normal size);Helados y sorbetes
39511;Crème dessert, rayon frais ou appertisée (aliment moyen);Custard dessert, refrigerated or canned (average);Lácteos
39512;Dessert glacé type sundae;Frozen dessert, Sundae ice cream type;Helados y sorbetes
39515;Glace ou crème glacée, en bac;Ice cream, in box;Helados y sorbetes
39516;Dessert glacé feuilleté, à partager;Frozen dessert, crispy chocolate and ice cream, to share;Helados y sorbetes
39517;Glace au yaourt;Frozen yogurt;Helados y sorbetes
39518;Omelette norvégienne;Baked Alaska;Helados y sorbetes
39519;Poire belle Hélène;Belle Helene pear (cooked pear topped with hot chocolate sauce on a bed of vanilla ice cream);Helados y sorbetes
39520;Glace ou crème glacée, gourmande, en bac;Ice cream, gourmet, in box;Helados y sorbetes
39521;Glace ou crème glacée, gourmande, en pot;Ice cream, gourmet, in cup;Helados y sorbetes
39522;Glace ou crème glacée, mini cône;Ice cream, cone, mini;Helados y sorbetes
39523;Glace ou crème glacée, pot individuel;Ice cream, in individual cup;Helados y sorbetes
39524;Sorbet, en bac;Sorbet, in box;Helados y sorbetes
39525;Sorbet, pot individuel;Sorbet, in individual cup;Helados y sorbetes
39526;Glace à l'eau;Ice lolly;Helados y sorbetes
39527;Glace ou crème glacée, bac ou pot (aliment moyen);Ice cream, box or cup (average);Helados y sorbetes
39528;Sorbet, cône;Sorbet, cone;Helados y sorbetes
39529;Nougat glacé;Iced nougat;Helados y sorbetes
39530;Citron givré ou orange givrée (sorbet);Frosted lemon or orange (sorbet);Helados y sorbetes
39531;Glace ou crème glacée, petit pot enfant;Ice cream, in cup for children;Helados y sorbetes
39532;Coupe glacée type café ou chocolat liégeois;Goblet of ice cream, coffe or chocolate ice cream topped with whipped cream;Helados y sorbetes
39533;Bûche glacée;Ice cream log;Helados y sorbetes
39534;Coupe glacée parfum pêche Melba ou poire Belle-Hélène;Goblet of ice cream, Belle-Hélène pear or Melba peach-style;Helados y sorbetes
39535;Glace ou crème glacée, bâtonnet enrobage fruits;Ice cream, stick, fruit-coated;Helados y sorbetes
39700;Crème anglaise, préemballée;Light custard cream with vanilla, prepacked;Ayudas culinarias e ingredientes
39710;Crème pâtissière instantanée, reconstituée;Pastry cream or custard, instant, reconstituted;Lácteos
40002;Cervelle, agneau, crue;Brain, lamb, raw;Carnes, huevos y pescados
40003;Cervelle, agneau, cuite;Brain, lamb, cooked;Carnes, huevos y pescados
40004;Cervelle, porc, braisée;Brain, pork, braised;Carnes, huevos y pescados
40005;Cervelle, porc, crue;Brain, pork, raw;Carnes, huevos y pescados
40006;Cervelle, veau, crue;Brain, calf, raw;Carnes, huevos y pescados
40007;Cervelle, veau, cuite;Brain, calf, cooked;Carnes, huevos y pescados
40052;Coeur, boeuf, cru;Heart, beef, raw;Carnes, huevos y pescados
40053;Coeur, boeuf, cuit;Heart, beef, cooked;Carnes, huevos y pescados
40054;Coeur, poulet, cru;Heart, chicken, raw;Carnes, huevos y pescados
40055;Coeur, dinde, cru;Heart, turkey, raw;Carnes, huevos y pescados
40056;Coeur, poulet, cuit;Heart, chicken, cooked;Carnes, huevos y pescados
40057;Coeur, dinde, cuit;Heart, turkey, cooked;Carnes, huevos y pescados
40058;Coeur, agneau, cru;Heart, lamb, raw;Carnes, huevos y pescados
40059;Coeur, agneau, cuit;Heart, lamb, cooked;Carnes, huevos y pescados
40060;Coeur, porc, cru;Heart, pork, raw;Carnes, huevos y pescados
40062;Coeur, veau, cru;Heart, calf, raw;Carnes, huevos y pescados
40102;Foie, agneau, cru;Liver, lamb, raw;Carnes, huevos y pescados
40103;Foie, agneau, cuit;Liver, lamb, cooked;Carnes, huevos y pescados
40104;Foie, génisse, cru;Liver, heifer, raw;Carnes, huevos y pescados
40105;Foie, génisse, cuit;Liver, heifer, cooked;Carnes, huevos y pescados
40106;Foie, veau, cru;Liver, calf, raw;Carnes, huevos y pescados
40107;Foie, veau, cuit;Liver, calf, cooked;Carnes, huevos y pescados
40108;Foie, volaille, cru;Liver, poultry, raw;Carnes, huevos y pescados
40109;Foie, volaille, cuit;Liver, poultry, cooked;Carnes, huevos y pescados
40110;Foie, lapin, cru;Liver, rabbit, raw;Carnes, huevos y pescados
40111;Foie, poulet, cru;Liver, chicken, raw;Carnes, huevos y pescados
40113;Foie, porc, cuit;Liver, pork, cooked;Carnes, huevos y pescados
40115;Foie, dinde, cru;Liver, turkey, raw;Carnes, huevos y pescados
40116;Foie, poulet, cuit;Liver, chicken, cooked;Carnes, huevos y pescados
40118;Foie, dinde, cuit;Liver, turkey, cooked;Carnes, huevos y pescados
40119;Foie, porc, cru;Liver, pork, raw;Carnes, huevos y pescados
40120;Foie, oie, cru;Liver, goose, raw;Carnes, huevos y pescados
40121;Foie, canard, cru;Liver, duck, raw;Carnes, huevos y pescados
40201;Langue, veau, cuite;Tongue, calf, cooked;Carnes, huevos y pescados
40202;Langue, boeuf, crue;Tongue, beef, raw;Carnes, huevos y pescados
40203;Langue, boeuf, cuite;Tongue, beef, cooked;Carnes, huevos y pescados
40204;Langue, veau, crue;Tongue, calf, raw;Carnes, huevos y pescados
40205;Langue, porc, crue;Tongue, pork, raw;Carnes, huevos y pescados
40207;Langue, agneau, crue;Tongue, lamb, raw;Carnes, huevos y pescados
40302;Ris, agneau, cru;Sweetbread, lamb, raw;Carnes, huevos y pescados
40303;Ris, agneau, cuit;Sweetbread, lamb, cooked;Carnes, huevos y pescados
40304;Ris, veau, cru;Sweetbread, calf, raw;Carnes, huevos y pescados
40305;Ris, veau, braisé ou grillé/poêlé;Sweetbread, calf, braised or grilled/pan-fried;Carnes, huevos y pescados
40401;Rognon, cuit (aliment moyen);Kidney, cooked (average);Carnes, huevos y pescados
40402;Rognon, boeuf, cru;Kidney, beef, raw;Carnes, huevos y pescados
40403;Rognon, boeuf, cuit;Kidney, beef, cooked;Carnes, huevos y pescados
40404;Rognon, porc, cru;Kidney, pork, raw;Carnes, huevos y pescados
40405;Rognon, porc, cuit;Kidney, pork, cooked;Carnes, huevos y pescados
40406;Rognon, agneau, braisé;Kidney, lamb, braised;Carnes, huevos y pescados
40407;Rognon, agneau, cru;Kidney, lamb, raw;Carnes, huevos y pescados
40408;Rognon, veau, braisé ou grillé/poêlé;Kidney, veal, braised or grilled/pan-fried;Carnes, huevos y pescados
40409;Rognon, veau, cru;Kidney, calf, raw;Carnes, huevos y pescados
40502;Tripes, boeuf, crues;Tripe, beef, raw;Carnes, huevos y pescados
40600;Sang, boeuf, cru;Blood, beef, raw;Carnes, huevos y pescados
40601;Abat, cuit (aliment moyen);Offal, cooked (average);Carnes, huevos y pescados
40700;Gésier, poulet, cru;Gizzard, chicken, raw;Carnes, huevos y pescados
40701;Gésier, canard, confit, appertisé;Preserved gizzards, duck, canned;Carnes, huevos y pescados
42000;Substitut de repas hypocalorique, crème dessert;Meal replacement, low calorie, custard cream dessert type;Ayudas culinarias e ingredientes
42003;Substitut de repas hypocalorique, prêt à boire;Meal replacement, low calorie, ready-to-drink;Ayudas culinarias e ingredientes
42004;Substitut de repas hypocalorique, poudre reconstituée avec lait écrémé;Meal replacement, low calorie, powder, reconstituted with skimmed milk;Ayudas culinarias e ingredientes
42005;Substitut de repas hypocalorique, poudre reconstituée avec lait écrémé, type milkshake;Meal replacement, low calorie, powder, reconstituted with skimmed milk, milkshake type;Ayudas culinarias e ingredientes
42200;Lécithine de soja;Soy lecithin;Ayudas culinarias e ingredientes
42501;Poudre cacaotée pour bébé;Cocoa powder for baby beverage;Alimentos infantiles
42603;Plat légumes, avec féculent et viande/poisson, dès 6/8 mois;Baby meal, vegetables with meat/fish and starchy food, from 6-8 months;Alimentos infantiles
42604;Plat légumes, avec féculent et viande/poisson, dès 8/12 mois;Baby meal, vegetables with meat/fish and starchy food, from 8-12 months;Alimentos infantiles
42605;Plat légumes, avec féculent et viande/poisson, dès 12 mois;Baby meal, vegetables with meat/fish and starchy food, from 12 months;Alimentos infantiles
42606;Plat légumes, avec féculent et viande/poisson, dès 18 mois;Baby meal, vegetables with meat/fish and starchy food, from 18 months;Alimentos infantiles
51500;Meloukhia, feuilles de corète séchées, en poudre;Molokhia powder (dried jute leaves);Ayudas culinarias e ingredientes
51502;Meloukhia, sauce, artisanale;Molokhia sauce, homemade;Ayudas culinarias e ingredientes
51510;Frik (blé dur immature concassé), cru;Frik (crushed immature durum wheat), raw;Cereales y derivados
51511;Frik (blé dur immature concassé), cuit, sans sel ajouté;Frik (crushed immature durum wheat), cooked, no added salt;Cereales y derivados
51550;Feuille de brick ou khatfa, préemballée;Khatfa (phyllo or filo pastry sheets), prepacked;Cereales y derivados
53100;Banane plantain, crue;Plantain banana, raw;Frutas, verduras, legumbres y frutos secos
53101;Banane plantain, cuite;Plantain banana, cooked;Frutas, verduras, legumbres y frutos secos
53200;Taro, tubercule, cru;Taro, tuber, raw;Frutas, verduras, legumbres y frutos secos
53201;Taro, tubercule, cuit;Taro, tuber, cooked;Frutas, verduras, legumbres y frutos secos
53502;Igname, pelée, crue;Yam, peeled, raw;Frutas, verduras, legumbres y frutos secos
53503;Igname, épluchée, bouillie/cuite à l'eau;Yam, peeled, boiled/cooked in water;Frutas, verduras, legumbres y frutos secos
53672;Igname, crue;Yam, raw;Frutas, verduras, legumbres y frutos secos
54031;Manioc, racine crue;Cassava or manioc, root, raw;Frutas, verduras, legumbres y frutos secos
54034;Manioc, racine cuite;Cassava or manioc, root, cooked;Frutas, verduras, legumbres y frutos secos
54035;Gari, semoule de manioc fermentée et séchée;Gari, cassava flour, dried, fermented;Cereales y derivados
58100;Gombo, fruit, cru;Okra, raw;Frutas, verduras, legumbres y frutos secos
58103;Gombo, fruit, cuit;Okra, cooked;Frutas, verduras, legumbres y frutos secos
76000;Eau minérale Abatilles, embouteillée, plate, faiblement minéralisée (Arcachon, 33);Mineral still water (Abatilles), bottled, lightly mineralized;Bebidas
76001;Eau minérale Aix-les-Bains, embouteillée, plate, faiblement minéralisée (Aix-les-Bains, 73);Mineral still water (Aix-les-Bains), bottled, lightly mineralized;Bebidas
76002;Eau minérale Aizac, embouteillée, gazeuse, faiblement minéralisée (Aizac, 07);Mineral sparkling water (Aziac), bottled, lightly mineralized;Bebidas
76004;Eau minérale Amanda, embouteillée, plate, riche en sels minéraux (St-Amand, 59);Mineral still water (Amanda), bottled, strongly mineralized;Bebidas
76006;Eau minérale Arcens, embouteillée, gazeuse, moyennement minéralisée (Arcens, 07);Mineral sparkling water (Arcens), bottled, averagely mineralized;Bebidas
76007;Eau minérale Ardesy, embouteillée, gazeuse, riche en sels minéraux (Ardes, 63);Mineral sparkling water (Ardesy), bottled, strongly mineralized;Bebidas
76010;Eau minérale Celtic, embouteillée, gazeuse ou plate, très faiblement minéralisée (Niederbronn, 67);Mineral water (Celtic), bottled, very lightly mineralized;Bebidas
76011;Eau minérale Chambon, embouteillée, plate, faiblement minéralisée (Chambon, 45);Mineral still water (Chambon), bottled, lightly mineralized;Bebidas
76012;Eau minérale Chantemerle, embouteillée, plate, faiblement minéralisée (Le Pestrin, 07);Mineral still water (Chantemerle), bottled, lightly mineralized;Bebidas
76013;Eau minérale Chateauneuf, embouteillée, gazeuse, riche en sels minéraux (Chateauneuf, 63);Mineral sparkling water (Chateauneuf), bottled, strongly mineralized;Bebidas
76014;Eau minérale Chateldon, embouteillée, gazeuse, riche en sels minéraux (Chateldon, 63);Mineral sparkling water (Chateldon), bottled, strongly mineralized;Bebidas
76015;Eau minérale Clos de l'Abbaye, embouteillée, plate, moyennement minéralisée (St-Amand, 59);Mineral still water (Clos de l'Abbaye), bottled, averagely mineralized;Bebidas
76016;Eau minérale Contrex, embouteillée, plate, riche en sels minéraux (Contrexéville, 88);Mineral still water (Contrex), bottled, strongly mineralized;Bebidas
76017;Eau minérale Dax, embouteillée, plate, moyennement minéralisée (Dax, 40);Mineral still water (Dax), bottled, averagely mineralized;Bebidas
76018;Eau minérale Didier, embouteillée, gazeuse, riche en sels minéraux (Martinique);Mineral sparkling water (Didier), bottled, strongly mineralized;Bebidas
76019;Eau minérale Didier, embouteillée, plate, riche en sels minéraux (Martinique);Mineral still water (Didier), bottled, strongly mineralized;Bebidas
76020;Eau minérale Evian, embouteillée, plate, faiblement minéralisée (Evian, 74);Mineral still water (Evian), bottled, lightly mineralized;Bebidas
76022;Eau minérale Hépar, embouteillée, plate, riche en sels minéraux (Vittel, 88);Mineral still water (Hépar), bottled, strongly mineralized;Bebidas
76023;Eau minérale Hydroxydase, embouteillée, gazeuse, riche en sels minéraux (Le Breuil sur Couze, 63);Mineral sparkling water (Hydroxydase), bottled, strongly mineralized;Bebidas
76024;Eau minérale Vernière, embouteillée, gazeuse, moyennement minéralisée (Les Aires, 34);Mineral sparkling water (Vernière), bottled, averagely mineralized;Bebidas
76025;Eau minérale Luchon, embouteillée, plate, faiblement minéralisée (Luchon, 31);Mineral still water (Luchon), bottled, lightly mineralized;Bebidas
76027;Eau minérale Mont-Roucous, embouteillée, plate, très faiblement minéralisée (Lacaune, 81);Mineral water (Mont-Roucous, bottled, very lightly mineralized;Bebidas
76029;Eau minérale Orée du bois, embouteillée, plate, moyennement minéralisée (St-Amand, 59);Mineral water (Orée du bois), bottled, averagely mineralized;Bebidas
76030;Eau minérale Orezza, embouteillée, gazeuse, moyennement minéralisée (Rapaggio, 20B);Mineral sparkling water (Orezza), bottled, averagely mineralized;Bebidas
76031;Eau minérale Parot, embouteillée, gazeuse, moyennement minéralisée (St-Romain-le-Puy, 42);Mineral sparkling water (Parot), bottled, averagely mineralized;Bebidas
76032;Eau minérale Plancoet, embouteillée, gazeuse ou plate, faiblement minéralisée (Plancoet, 22);Mineral water (Plancoet), bottled, lightly mineralized;Bebidas
76033;Eau minérale Propiac, embouteillée, plate, riche en sels minéraux (Propiac, 26);Mineral still water (Propiac), bottled, strongly mineralized;Bebidas
76034;Eau minérale Puits St-Georges, embouteillée, gazeuse, moyennement minéralisée (St-Romain-le-Puy, 42);Mineral sparkling water (Puits St Georges), bottled, averagely mineralized;Bebidas
76035;Eau minérale Quézac, embouteillée, gazeuse, moyennement minéralisée (Quézac, 48);Mineral sparkling water (Quézac), bottled, averagely mineralized;Bebidas
76036;Eau minérale Reine des basaltes, embouteillée, gazeuse, moyennement minéralisée (Asperjoc, 07);Mineral sparkling water (Reine des basaltes), bottled, averagely mineralized;Bebidas
76037;Eau minérale Rozana, embouteillée, gazeuse, riche en sels minéraux (Beauregard, 63);Mineral sparkling water (Rozana), bottled, strongly mineralized;Bebidas
76038;Eau minérale Sail-les-Bains, embouteillée, plate, faiblement minéralisée (Sail-les-Bains, 42);Mineral still water (Sail-les-Bains), bottled, lightly mineralized;Bebidas
76039;Eau minérale Salvetat, embouteillée, gazeuse, moyennement minéralisée (La Salvetat, 34);Mineral sparkling water (Salvetat), bottled, averagely mineralized;Bebidas
76043;Eau minérale St-Amand, embouteillée, gazeuse ou plate, moyennement minéralisée (St-Amand, 59);Mineral water (St-Amand), bottled, averagely mineralized;Bebidas
76044;Eau minérale St-Antonin, embouteillée, plate, riche en sels minéraux (St-Antonin-Noble-Val, 82);Mineral still water (St-Antonin), bottled, strongly mineralized;Bebidas
76046;Eau minérale St-Diéry, embouteillée, gazeuse, riche en sels minéraux (St-Diéry, 63);Mineral sparkling water (St-Diéry), bottled, strongly mineralized;Bebidas
76047;Eau minérale Ste-Marguerite, embouteillée, gazeuse, moyennement minéralisée (St-Maurice, 63);Mineral sparkling water (Ste-Marguerite), bottled, averagely mineralized;Bebidas
76049;Eau minérale St-Yorre, embouteillée, gazeuse, riche en sels minéraux (Saint-Yorre, 03);Mineral sparkling water (St-Yorre), bottled, strongly mineralized;Bebidas
76050;Eau minérale Thonon, embouteillée, plate, faiblement minéralisée (Thonon, 74);Mineral still water (Thonon), bottled, lightly mineralized;Bebidas
76052;Eau minérale Vals-Vivaraise, embouteillée, gazeuse, moyennement minéralisée (Vals, 07);Mineral sparkling water (Vals-Vivaraise), bottled, averagely mineralized;Bebidas
76053;Eau minérale Ventadour, embouteillée, gazeuse, faiblement minéralisée (Le Pestrin, 07);Mineral sparkling water (Ventadour), bottled, lightly mineralized;Bebidas
76054;Eau minérale Vernet, embouteillée, gazeuse, faiblement minéralisée (Prades, 07);Mineral sparkling water (Vernet), bottled, lightly mineralized;Bebidas
76055;Eau minérale Vichy Célestins, embouteillée, gazeuse, riche en sels minéraux (Saint-Yorre, 03);Mineral sparkling water (Vichy Célestins), bottled, strongly mineralized;Bebidas
76056;Eau minérale Vittel, embouteillée, plate, moyennement minéralisée (Vittel, 88);Mineral still water (Vittel), bottled, averagely mineralized;Bebidas
76057;Eau minérale Volvic, embouteillée, plate, faiblement minéralisée (Volvic, 63);Mineral still water (Volvic), bottled, lightly mineralized;Bebidas
76058;Eau minérale Volvic active, embouteillée, gazeuse, faiblement minéralisée (Volvic, 63);Mineral sparkling water (Volvic active), bottled, lightly mineralized;Bebidas
76059;Eau minérale Wattwiller, embouteillée, gazeuse ou plate, faiblement minéraliséee (Wattwiller, 68);Mineral water (Wattwiller), bottled, lightly mineralized;Bebidas
76060;Eau minérale Perrier, embouteillée, gazeuse, faiblement minéralisée (Vergèse, 30);Mineral sparkling water (Perrier), bottled, lightly mineralized;Bebidas
76061;Eau minérale Badoit, embouteillée, gazeuse, moyennement minéralisée (St-Galmier, 42);Mineral sparkling water (Badoit), bottled, averagely mineralized;Bebidas
76062;Eau minérale Avra, embouteillée, plate, faiblement minéralisée (Grèce);Mineral still water (Avra), bottled, lightly mineralized;Bebidas
76063;Eau minérale Beckerich, embouteillée, plate, faiblement minéralisée (Luxembourg);Mineral still water (Beckerich), bottled, lightly mineralized;Bebidas
76065;Eau minérale Chaudfontaine, embouteillée, plate, faiblement minéralisée (Belgique);Mineral still water (Chaudfontaine), bottled, lightly mineralized;Bebidas
76066;Eau minérale Christinen Brunnen, embouteillée, plate, moyennement minéralisée (Allemagne);Mineral still water (Christinen Brunnen), bottled, averagely mineralized;Bebidas
76067;Eau minérale Courmayeur, embouteillée, plate, riche en sels minéraux (Italie);Mineral still water (Courmayer), bottled, strongly mineralized;Bebidas
76069;Eau minérale Levissima, embouteillée, plate, faiblement minéralisée (Italie);Mineral still water (Levissima), bottled, lightly mineralized;Bebidas
76070;Eau minérale Luso, embouteillée, plate, très faiblement minéralisée (Portugal);Mineral still water (Luso), bottled, very lightly mineralized;Bebidas
76071;Eau minérale Néro, embouteillée, plate, faiblement minéralisée (Grèce);Mineral still water (Néro), bottled, lightly mineralized;Bebidas
76072;Eau minérale Penacova, embouteillée, plate, très faiblement minéralisée (Portugal);Mineral still water (Penacova), bottled, very lightly mineralized;Bebidas
76074;Eau minérale San Bernardo, embouteillée, gazeuse ou plate, très faiblement minéralisée (Italie);Mineral water (San Bernardo), bottled, very lightly mineralized;Bebidas
76075;Eau minérale San Pellegrino, embouteillée, gazeuse, moyennement minéralisée (Italie);Mineral sparkling water (San Pellegrino), bottled, averagely mineralized;Bebidas
76076;Eau minérale Spa-Reine, embouteillée, gazeuse ou plate, moyennement minéralisée (Belgique);Mineral water (Spa-Reine), bottled, averagely mineralized;Bebidas
76078;Eau minérale Valvert, embouteillée, plate, faiblement minéralisée (Belgique);Mineral still water (Valvert), bottled, lightly mineralized;Bebidas
76079;Eau minérale Appollinaris, embouteillée, plate, riche en sels minéraux (Allemagne);Mineral still water (Appollinaris), bottled, strongly mineralized;Bebidas
76081;Eau minérale Biovive, embouteillée, plate, faiblement minéralisée (Dax, 40);Mineral still water (Biovive), bottled, lightly mineralized;Bebidas
76082;Eau minérale La Cairolle, embouteillée, plate, riche en sels minéraux (Les Aires, 34);Mineral still water (La Cairolle), bottled, strongly mineralized;Bebidas
76083;Eau minérale Cilaos, embouteillée, gazeuse, riche en sels minéraux (Cilaos, 974);Mineral sparkling water (Cilaos), bottled, strongly mineralized;Bebidas
76085;Eau minérale La Française, embouteillée, plate, riche en sels minéraux (Propiac, 26);Mineral still water (La Française), bottled, strongly mineralized;Bebidas
76086;Eau minérale Montcalm, embouteillée, plate, très faiblement minéralisée (Auzat, 09);Mineral still water (Montcalm), bottled, very lightly mineralized;Bebidas
76087;Eau minérale Montclar, embouteillée, plate, faiblement minéralisée (Montclar, 04);Mineral still water (Montclar), bottled, lightly mineralized;Bebidas
76088;Eau minérale Nessel, embouteillée, gazeuse, moyennement minéralisée (Soultzmatt, 68);Mineral sparkling water (Nessel), bottled, averagely mineralized;Bebidas
76089;Eau minérale Ogeu, embouteillée, gazeuse, faiblement minéralisée (Ogeu-les-Bains, 64);Mineral sparkling water (Ogeu), bottled, lightly mineralized;Bebidas
76090;Eau minérale Ogeu, embouteillée, plate, faiblement minéralisée (Ogeu-les-Bains, 64);Mineral still water (Ogeu), bottled, lightly mineralized;Bebidas
76091;Eau minérale Prince Noir, embouteillée, plate, riche en sels minéraux (St-Antonin-Noble-Val, 82);Mineral still water (Prince Noir), bottled, strongly mineralized;Bebidas
76092;Eau minérale St-Alban, embouteillée, gazeuse, moyennement minéralisée (St-Alban, 42);Mineral sparkling water (St-Alban), bottled, averagely mineralized;Bebidas
76093;Eau minérale St-Géron, embouteillée, gazeuse, moyennement minéralisée (St-Géron, 43);Mineral sparkling water (St-Géron), bottled, averagely mineralized;Bebidas
76094;Eau minérale St-Michel-de-Mourcairol, embouteillée, gazeuse, moyennement minéralisée (Les Aires, 34);Mineral sparkling water (St-Michel-de-Mourcairol), bottled, averagely mineralized;Bebidas
76095;Eau minérale Treignac, embouteillée, plate, très faiblement minéralisée (Treignac, 19);Mineral still water (Treignac), bottled, very lightly mineralized;Bebidas
76096;Eau minérale Vals, embouteillée, gazeuse, moyennement minéralisée (Vals-les-Bains, 07);Mineral sparkling water (Vals), bottled, averagely mineralized;Bebidas
76097;Eau minérale Vauban, embouteillée, plate, moyennement minéralisée (St-Amand-les-Eaux, 59);Mineral still water (Vauban), bottled, averagely mineralized;Bebidas
76101;Eau minérale Mont-Blanc, embouteillée, plate, faiblement minéralisée (Italie);Mineral still water (Montblanc), bottled, lightly mineralized;Bebidas
76102;Eau minérale Eden (La Goa), embouteillée, plate, faiblement minéralisée (Suisse);Mineral still water (Eden La Goa), bottled, lightly mineralized;Bebidas
76103;Eau minérale Velleminfroy, embouteillée, gazeuse ou plate, riche en sels minéraux (Chatenois, 70);Mineral water (Velleminfroy), bottled, strongly mineralized;Bebidas
96778;Pâte à pizza, préemballée, cuite;Pizza dough, prepacked, cooked;Cereales y derivados
96781;Amidon de riz;Rice starch;Cereales y derivados
