code;nombre_es;alias
1000;Pastis (licor de anís);
1001;Aguardiente de fruta;
1002;Ginebra;gin
1003;Licor;
1004;Ron;
1005;Whisky;
1006;Vino dulce;
1007;Aperitivo a base de vino o vermut;
1008;Vodka;
1011;Aperitivo anisado sin alcohol, para diluir;
1012;Cóctel a base de ron;
1013;Cóctel a base de whisky;
1014;Alcohol puro;
1015;Marsala;
1016;Marsala con huevos;
1017;Sangría, casera;
1018;Kir (vino blanco, crema de casis);
1019;Kir royal (champán, crema de casis);
1021;Crema de casis;
1022;Cóctel tipo ponche, 16 % de alcohol, envasado;
1023;Aguardiente de vino tipo armañac o coñac;brandy
1026;Sake o vino de arroz;
1027;Especialidad vegetal tipo queso para untar, de soja, envasada;
1028;Especialidad vegetal tipo queso, de anacardo, envasada;
1029;Especialidad vegetal tipo queso en lonchas o rallado, sin soja, envasada;
1030;Finas lonchas vegetales, envasadas;
1031;Especialidad vegetal tipo paté, envasada;
1032;Picada a base de ternera y soja, envasada;
1033;Nuggets o croqueta empanada de pollo (con soja), envasado;
1034;Salchicha de ave tipo knack (con soja), envasada;
2000;Zumo de piña, a base de concentrado;
2002;Zumo multifrutas, 100 % zumo, multivitamínico;
2004;Zumo de frutas (promedio);
2006;Zumo de zanahoria, 100 % zumo;
2007;Zumo de limón, casero;
2008;Cóctel o bebida aperitivo sin alcohol a base de zumos de fruta y sirope;
2009;Néctar multifrutas, base manzana, estándar;
2010;Néctar multifrutas, base manzana, multivitamínico;
2011;Zumo multifrutas, base naranja, multivitamínico;
2012;Zumo de naranja, a base de concentrado;
2013;Zumo de naranja, fresco;
2014;Zumo de manzana, a base de concentrado;
2015;Zumo de pomelo, a base de concentrado;
2016;Zumo de uva, 100 % zumo;
2017;Zumo de granada, 100 % zumo;
2018;Zumo de ciruela pasa;
2019;Zumo de uva, a base de concentrado;
2022;Néctar de fresa;
2023;Zumo de mango, fresco;
2024;Zumo de maracuyá, fresco;
2025;Zumo de pomelo, fresco;
2026;Zumo de tomate, 100 % zumo, con sal (3 g/L);
2027;Zumo de pomelo, 100 % zumo;
2028;Zumo de limón, 100 % zumo;
2030;Zumo de lima, fresco;
2031;Zumo de lima, 100 % zumo;
2032;Zumo de tomate, 100 % zumo, con sal (6 g/L);
2033;Zumo multifrutas, a base de zumo y puré de frutas;
2034;Zumo de clementina o mandarina, 100 % zumo;
2035;Zumo multifrutas, 100 % zumo, estándar;
2036;Zumo multifrutas, base uva, estándar;
2038;Zumo multifrutas, base naranja, estándar;
2039;Zumo de granada, fresco;
2040;Zumo de acerola, fresco;
2043;Néctar de albaricoque;
2045;Néctar de papaya;
2048;Zumo multifrutas, base manzana, estándar;
2050;Zumo multifrutas, base manzana, multivitamínico;
2052;Zumo de frutas y verduras, 100 % zumo;
2053;Zumo de tomate, 100 % zumo (promedio);
2054;Néctar de pera;
2060;Néctar multifrutas, multivitamínico;
2061;Néctar multifrutas, estándar;
2062;Néctar multifrutas, base naranja, multivitamínico;
2063;Néctar multifrutas, base naranja, estándar;
2064;Néctar con edulcorantes, reducido en azúcares;
2069;Zumo multifrutas, a base de concentrado, estándar;
2070;Zumo de naranja, 100 % zumo;
2071;Zumo multifrutas, a base de concentrado, multivitamínico;
2072;Zumo de frutas, 100 % zumo (promedio);
2073;Zumo de piña, 100 % zumo;
2074;Zumo de manzana, 100 % zumo;
2075;Zumo de verduras, 100 % zumo (promedio);
2076;Néctar de manzana;
2077;Zumo de frutas, a base de concentrado (promedio);
2365;Néctar de maracuyá;
2366;Néctar de plátano;
2367;Néctar de guayaba;
2370;Néctar de mango;
2371;Néctar de melocotón;
2374;Néctar de piña;
2375;Néctar de naranja;
2377;Zumo de naranja sanguina, 100 % zumo;
2500;Smoothie, sin especificar contenido en fruta ni otros ingredientes;batido de frutas
3000;Leche de inicio (1.ª edad), en polvo soluble (fórmula para lactantes);
3002;Leche de continuación (2.ª edad), en polvo soluble;
4000;Tapioca o perlas del Japón, cruda;
4002;Patata, sin piel, asada al horno;
4003;Patata, hervida;
4004;Patatas fritas de bolsa, naturales o aromatizadas;chips|patatas chips
4007;Patata nueva, hervida;
4008;Patata, sin piel, cruda;
4011;Patata, en conserva, escurrida;
4013;Patata noisette, congelada, cruda;
4014;Patata al vapor, envasada al vacío;
4015;Patata a la sartén, con grasa;
4016;Copos de patata, deshidratados, con leche o nata;
4017;Puré de patata, a base de copos, reconstituido con leche entera y grasa añadida;puré de patatas
4018;Puré de patata, con leche y mantequilla, sin sal añadida;
4019;Puré de patata, a base de copos, reconstituido con leche semidesnatada y agua, sin sal;
4020;Patata dauphine, congelada, cruda;
4021;Patata dauphine, congelada, cocida;
4022;Copos de patata, naturales, deshidratados;
4023;Patata nueva, cruda;
4025;Gajos de patata especiados (wedges), congelados, cocinados;
4026;Patata, asada al horno;
4027;Patata salteada a la sartén, prefrita, congelada, cocinada;
4028;Patata de conservación, sin piel, hervida;
4029;Patata nueva, hervida, sin piel;
4030;Patatas fritas, congeladas, asadas al horno;
4032;Patatas fritas, congeladas, fritas en freidora;
4034;Patata duquesa, congelada, cocida;
4035;Patata noisette, congelada, cocida;
4036;Patata salteada a la sartén con grasa de pato;
4037;Patatas fritas de bolsa, naturales o aromatizadas, estilo artesano;
4038;Patatas fritas de bolsa y similares, naturales o aromatizadas, reducidas en grasa;
4039;Rösti o tortita de patata;
4040;Puré de patata, con leche y mantequilla, con sal;
4041;Aligot (puré de patata con queso tomme fresco), envasado;
4042;Patata duquesa, congelada, cruda;
4043;Patata salteada a la sartén, prefrita, congelada, cruda;
4044;Patatas fritas, congeladas, prefritas, para cocinar al horno;
4045;Patatas fritas, congeladas, prefritas, para cocinar en microondas;
4046;Patatas fritas, congeladas, prefritas, para freír en freidora;
4047;Puré de patata (promedio);
4048;Patata, cocinada (promedio);
4049;Croqueta de patata, congelada, cruda;
4050;Patatas fritas de bolsa, naturales o aromatizadas, sin sal añadida;
4051;Patatas salteadas a la sarladaise (grasa de pato, ajo y perejil), congeladas, crudas;
4052;Gajos de patata especiados (wedges), congelados, crudos;
4053;Patata grenaille, prefrita, congelada, cruda;
4090;Fécula de patata;maicena de patata
4101;Boniato, crudo;batata|camote
4102;Boniato, cocido;batata|camote
4103;Boniato, puré, cocinado con nata;
5000;Cerveza negra;
5001;Cerveza estándar (4-5° de alcohol);
5002;Cerveza fuerte (más de 8° de alcohol);
5003;Sidra (promedio);
5004;Clara (cerveza con limonada);shandy|cerveza con limón
5005;Clara envasada (menos de 1° de alcohol), aromatizada o no;
5006;Sidra brut (seca);
5007;Sidra dulce;
5008;Cerveza de baja graduación (3° de alcohol);
5009;Cerveza blanca (de trigo);
5010;Cerveza especial (5-6° de alcohol);
5011;Cerveza de especialidad, de abadía, regional o artesanal (graduación variable);
5020;Sidra tradicional;
5021;Sidra de corcho semiseca;
5022;Sidra aromatizada con frutas;
5029;Cerveza sin alcohol, azucarada, aromatizada o con zumo de fruta;
5030;Cerveza sin alcohol (menos de 1,2° de alcohol) y sin azúcares añadidos, aromatizada o no;
5100;Bebida espumosa de frutas;
5201;Vino blanco espumoso;
5207;Champán;cava
5209;Vino blanco espumoso aromatizado;
5210;Vino (promedio);
5214;Vino tinto;
5215;Vino blanco seco;
5216;Vino rosado;
5217;Vino cocinado (alcohol evaporado);
5219;Licor fuerte (tipo ron), cocinado (alcohol evaporado);
6001;Vacuno, costilla, cruda;
6002;Vacuno, paletilla, cruda;
6003;Vacuno, aguja, cruda;
6100;Vacuno, entrecot, parte magra, a la plancha;
6101;Vacuno, estofado;
6102;Vacuno, babilla, cruda;
6103;Vacuno, entrecot, crudo;
6104;Vacuno, babilla, cocida;
6105;Vacuno, lomo bajo, asado al horno;
6106;Vacuno, redondo, crudo;
6110;Vacuno, lomo bajo, a la plancha;
6111;Vacuno, lomo bajo, crudo;
6116;Vacuno, solomillo, crudo;
6122;Vacuno, costillar, crudo;
6123;Vacuno, costillar, estofado o hervido;
6130;Vacuno, entraña (hampe), cruda;
6131;Vacuno, entraña (hampe), a la plancha;
6140;Vacuno, carrillera, cruda;
6141;Vacuno, carrillera, estofada o hervida;
6151;Vacuno, morcillo, hervido;
6160;Vacuno, tapa, cruda;
6161;Vacuno, tapa, a la plancha;
6162;Vacuno, tapa, asada al horno;
6200;Vacuno, filete o bistec, a la plancha;
6201;Vacuno, filete o bistec, crudo;
6202;Vacuno, bola de paletilla (macreuse), cruda;
6204;Vacuno, entraña (onglet), cruda;
6205;Vacuno, entraña (onglet), a la plancha;
6206;Vacuno, cadera (rumsteck), cruda;
6207;Vacuno, cadera (rumsteck), a la plancha;
6208;Vacuno, bola de paletilla (macreuse), a la plancha;
6210;Vacuno, rosbif, asado al horno;
6211;Vacuno, falda (bavette), a la plancha;
6212;Vacuno, falda (bavette), cruda;
6214;Vacuno, bola de paletilla (macreuse), asada al horno;
6230;Vacuno, para guiso o cocido, cocinado;
6231;Vacuno, para guiso o cocido, crudo;
6240;Vacuno, cuello, crudo;
6241;Vacuno, cuello, estofado;
6250;Vacuno, carne picada 5 % MG, cruda;
6251;Vacuno, carne picada 5 % MG, cocinada;
6252;Vacuno, carne picada 10 % MG, cruda;
6253;Vacuno, carne picada 10 % MG, cocinada;
6254;Vacuno, carne picada 15 % MG, cruda;
6255;Vacuno, carne picada 15 % MG, cocinada;
6256;Vacuno, carne picada 20 % MG, cruda;
6257;Vacuno, carne picada 20 % MG, cocinada;
6259;Vacuno, carne picada, cocinada (promedio);
6270;Vacuno, paleta (paleron), cruda;
6271;Vacuno, paleta (paleron), estofada o hervida;
6310;Vacuno, rabo, hervido;
6311;Vacuno, rabo, crudo;
6510;Ternera, chuleta, cruda;
6511;Ternera, chuleta, a la plancha;
6512;Ternera, chuletero (carré), a la plancha;
6513;Ternera, chuletero (carré), crudo;
6520;Ternera, escalope, cocinado;
6521;Ternera, escalope, crudo;
6522;Ternera, tapa (noix), cruda;
6523;Ternera, tapa (noix), a la plancha;
6524;Ternera, tapa (noix), asada al horno;
6530;Ternera, solomillo, crudo;
6531;Ternera, solomillo, asado al horno;
6535;Ternera, carne picada 20 % MG, cruda;
6536;Ternera, carne picada 15 % MG, cruda;
6540;Ternera, pecho, crudo;
6550;Ternera, pieza para asar, cruda;
6551;Ternera, pieza para asar, cocinada;
6560;Ternera, paletilla, cruda;
6562;Ternera, paletilla, a la plancha;
6563;Ternera, paletilla, estofada o hervida;
6564;Ternera, carne, cocinada (promedio);
6580;Ternera, manita, cruda;
6581;Ternera, morcillo, estofado o hervido;
6582;Ternera, cabeza, hervida;
6583;Ternera, morcillo, crudo;
6584;Carne blanca, cocinada (promedio);
6585;Carne roja, cocinada (promedio);
6590;Ternera, cuello, crudo;
6591;Ternera, cuello, estofado o hervido;
6900;Caballo, carne cruda;
6901;Caballo, filete o bistec, crudo;
6902;Caballo, carne asada al horno;
6903;Caballo, tapa, cruda;
6904;Caballo, lomo bajo, crudo;
6905;Caballo, entrecot, crudo;
6906;Caballo, tapa, a la plancha;
6907;Caballo, lomo bajo, a la plancha;
6908;Caballo, entrecot, a la plancha;
6909;Caballo, lomo bajo, asado al horno;
6910;Caballo, tapa, asada al horno;
6999;Carne cocinada (promedio);
7000;Pan (promedio);
7001;Pan blanco (p. ej. baguette, hogaza);barra de pan
7002;Pan de masa madre;
7004;Pan blanco, tostado;
7007;Pan de tradición francesa (p. ej. baguette, hogaza);
7009;Pan blanco precocido, para terminar de hornear, envasado;
7010;Pan semiintegral (harina T80 o T110);
7013;Pan sin gluten precocido, para terminar de hornear, envasado;
7098;Pan de cereales y/o semillas, envasado;
7099;Pan de pueblo, envasado;
7100;Pan de pueblo;pan rústico
7106;Pan integral de centeno, envasado;
7107;Pan de semillas sin gluten, envasado;
7109;Pan de molde integral, sin corteza, envasado;
7110;Pan integral (harina T150);
7111;Pan de molde integral, envasado;
7113;Pan de molde de cereales y/o semillas, envasado;
7114;Pan ácimo, envasado;
7115;Pan de salvado;
7116;Pan de molde blanco sin gluten, envasado;
7117;Pan de molde blanco, sin azúcares añadidos, envasado;
7125;Pan de centeno y trigo;
7130;Pan sin gluten, envasado;
7160;Pan blanco, sin sal añadida;
7170;Pan panini;
7180;Pan de pita;
7200;Pan de molde blanco, envasado;pan de sándwich
7201;Pan de molde blanco, sin corteza, envasado;
7210;Pan de molde brioche, envasado;
7225;Pan brioche o vienés, artesanal;
7255;Pan de cereales y/o semillas;
7256;Muffin inglés integral, panecillo especial, envasado;
7257;Muffin inglés, panecillo especial, envasado;
7258;Pan bagel;
7259;Pan para hamburguesa o perrito caliente (bun), envasado;
7260;Pan blanco, hecho en casa (con harina para máquina de pan);
7261;Pan de campo, hecho en casa (con harina para máquina de pan);
7262;Pan integral para hamburguesa o perrito caliente (bun), envasado;
7263;Bretzel, pan fresco;
7300;Biscote clásico;
7301;Biscote brioche;
7302;Biscote con germen de trigo;
7310;Biscote, sin sal añadida;
7330;Biscote de cereales;
7340;Biscote integral;
7347;Galleta salada de trigo con semillas;
7348;Galleta salada de trigo con queso y semillas;
7349;Galleta salada integral;
7351;Galletas saladas de trigo;
7352;Tortita de arroz integral inflado;
7353;Tortita de cereales infladas;
7354;Tortita de maíz inflado;
7355;Tortita de arroz inflado, cubierta de chocolate;
7356;Tortita de maíz inflado, cubierta de chocolate;
7357;Tortita de cereales infladas con semillas;
7359;Pan tostado crujiente de centeno, fuente o rico en fibra;
7399;Tostada o pan tostado brioche con pasas, lonchas, envasado;
7400;Pan tostado de trigo, lonchas, envasado;
7402;Pan tostado integral, lonchas, envasado;
7403;Pan tostado brioche, lonchas, envasado;
7407;Pan tostado sueco pequeño de trigo;
7409;Pan tostado sueco pequeño de cereales y semillas;
7410;Pan tostado crujiente extruido, clásico;
7412;Pan tostado crujiente, extruido y tostado, relleno de chocolate;
7413;Pan tostado crujiente, extruido y tostado, relleno de frutas;
7414;Pan tostado crujiente extruido, fuente o rico en fibra;
7419;Pan tostado sueco pequeño integral, sin azúcares añadidos;
7420;Pan tostado sueco pequeño integral;
7421;Pan tostado sueco pequeño con frutas;
7422;Pan tostado sueco pequeño brioche;
7425;Pan tostado de cereales, lonchas, envasado;
7431;Picatostes para untar, envasados;
7432;Picatostes naturales, envasados;
7500;Pan rallado;
7525;Palillos de pan, naturales (sin sésamo);
7600;Bollería vienesa (promedio);
7603;Croissant (promedio);
7615;Croissant ordinario, artesanal;
7616;Croissant ordinario, envasado;
7619;Croissant de pura mantequilla (promedio);
7620;Croissant de pura mantequilla, artesanal;
7621;Croissant de pura mantequilla, envasado;
7650;Croissant con almendras, artesanal;
7710;Pan de leche, artesanal;
7711;Pan de leche, envasado;
7712;Pan de leche con pepitas de chocolate, envasado;
7719;Panettone (brioche italiana con pasas y cáscara de naranja confitada), envasado;
7720;Pan de pasas (bollería vienesa), artesanal;
7730;Croissant de chocolate, artesanal;
7733;Croissant de chocolate, envasado;
7735;Brioche (o briochetas) con pepitas de chocolate o relleno de chocolate, envasada;
7738;Brioche relleno de frutas, envasado;
7739;Brioche relleno de crema pastelera (tipo chino), envasado;
7740;Brioche natural, envasado;
7742;Brioche natural, artesanal;
7744;Corona de reyes (brioche) con frutas confitadas, envasado;
7745;Brioche de pura mantequilla (p. ej. gâche vendéenne) natural, envasado;
7746;Brioche (promedio);
7811;Focaccia, relleno;
7812;Fougasse (pan aceitado), relleno;
7813;Tortilla suave (para rellenar), de maíz;
7814;Bizcocho salado (relleno: queso, verduras, carne, pescado, volaille, etc.), envasado;
7815;Tortilla suave (para rellenar), de trigo;
8000;Rillettes tradicionales de cerdo;
8001;Rillettes de cerdo puro;
8002;Rillettes de cerdo de calidad superior;
8010;Rillettes de Tours (cerdo);
8015;Rillettes del Mans (cerdo);
8025;Rillettes de ganso puro;
8026;Rillettes de pato;
8030;Rillettes de ganso;
8040;Rillettes de pollo;
8059;Rillettes de cangrejo, envasadas;
8080;Rillettes de pescado, envasadas;
8081;Rillettes de salmón, envasadas;
8082;Rillettes de atún, envasadas;
8083;Rillettes de caballa, envasadas;
8109;Confit de pato, carne (muslo), sin piel, en conserva, recalentado;
8110;Confit de pato, en conserva;
8111;Pato, pechuga ahumada;
8120;Confit de hígado de cerdo;
8125;Confit de hígado de ave;
8201;Paté con pimienta verde;
8206;Paté con jamón;
8211;Paté o terrina de campo;
8212;Paté o terrina de campo, reducido en sal;
8214;Paté bretón;
8232;Terrina de pato;
8240;Paté de conejo;
8242;Terrina de conejo;
8245;Paté de caza;
8250;Paté o terrina con champiñones (forestiero);
8290;Tarama, con salmón ahumado, envasado;
8291;Terrina de pescado, envasada;
8292;Terrina de mariscos (p. ej. de vieiras), con o sin pescado, envasada;
8293;Tarama, con huevos de bacalao, envasado;
8296;Terrina o mousse de verduras, envasada;
8297;Flan de verduras con huevos;
8300;Paté de hígado de cerdo, superior;
8305;Paté de hígado de cerdo;
8312;Mousse de hígado de cerdo superior o crema de hígado;
8313;Mousse de hígado de cerdo;
8315;Mousse de pato;
8316;Paté de hígado de ave;
8321;Foie gras, pato, entero, cocido;
8323;Foie gras, bloque, pato, sin trozos;
8324;Foie gras, bloque, pato, 30% de trozos;
8325;Foie gras, bloque, pato, 50% de trozos;
8326;Paté de hígado de ganso;
8328;Foie gras, pato, crudo;
8331;Foie gras, pato, bloque (promedio);
8332;Paté (promedio);
8350;Galantina;
8373;Rollo de cerdo con pistacho;
8391;Paté en croûte;
8395;Jamón en croûte;
8400;Queso de cabeza;
8406;Ensalada de hocico de cerdo, con salsa, envasada;
8407;Ensalada de cervelas, con salsa, envasada;
8429;Jamón perejilado en gelatina;
8450;Hocico de vacuno;
8500;Andouille;
8501;Andouille de Guéméné;
8504;Andouille, recalentada a la sartén;
8512;Andouille de Vire;
8550;Andouillette, para cocinar;
8551;Andouillette, a la plancha/sartén;
8552;Andouillette de Troyes, para cocinar;
8601;Tripa a la modo de Caen (estómago y pata de vacuno, zanahorias…), envasada;
8612;Tripa a la tomate o provenzal, envasada;
8703;Morcilla negra, para cocinar;
8704;Morcilla negra, a la plancha/sartén;
8705;Morcilla negra o blanca, a la plancha/sartén (promedio);
8742;Morcilla antillana, para cocinar;
8800;Morcilla blanca, a la plancha/sartén;
8801;Morcilla blanca, para cocinar;
8803;Morcilla blanca con trufa, para cocinar;
8903;Quenela de ternera en salsa, en conserva;
8910;Quenela de ave, para cocinar;
8912;Quenela de ave en salsa, en conserva;
8932;Quenela de pescado en salsa, en conserva;
8933;Quenela de pescado, para cocinar;
8937;Quenela natural, para cocinar;
9001;Espelta, cruda;
9003;Trigo de Khorasan, crudo;
9060;Trigo duro integral, crudo;
9080;Trigo duro integral, precocido, para cocinar;
9081;Trigo duro (granos enteros), precocido, cocido, sin sal añadida;
9082;Trigo duro precocido, sazonado, cocido, en bolsa microondable;
9085;Fideos asiáticos cocinados (vacuno, pollo, verduras…) no instantáneos;
9100;Arroz blanco, crudo;
9101;Arroz blanco cocido al vapor, crudo;
9102;Arroz integral, crudo;
9103;Arroz integral, cocido, sin sal añadida;
9104;Arroz blanco, cocido, sin sal añadida;
9105;Arroz blanco cocido al vapor, cocido, sin sal añadida;
9108;Arroz salvaje, crudo;
9109;Arroz rojo, crudo;
9110;Arroz rojo, cocido, sin sal añadida;
9111;Arroz salvaje, cocido, sin sal añadida;
9113;Arroz semiintegral, cocido, sin sal añadida;
9119;Arroz tailandés o basmati, crudo;
9121;Arroz, mezcla de variedades (blanco, integral, rojo, salvaje, etc.), crudo;
9124;Arroz tailandés, cocido, sin sal añadida;
9125;Arroz basmati, cocido, sin sal añadida;
9230;Palomitas de maíz o maíz inflado, con aceite, salado;
9231;Palomitas de maíz o maíz inflado, sin aceite, sin sal;
9232;Palomitas de maíz o maíz inflado, con caramelo;
9310;Avena, cruda;
9313;Copos de avena cocidos/hervidos en agua;
9320;Cebada integral, cruda;
9321;Cebada perlada, cruda;
9322;Cebada perlada, hervida/cocida en agua, sin sal añadida;
9330;Mijo integral, crudo;
9331;Mijo, cocido, sin sal añadida;
9340;Quinua, cruda;
9341;Quinua, hervida/cocida en agua, sin sal añadida;
9345;Amaranto, crudo;
9360;Sorgo integral, crudo;
9380;Trigo sarraceno integral, crudo;
9390;Centeno integral, crudo;
9410;Harina de trigo tierno o trigo T110;
9415;Harina de trigo tierno o trigo T150;
9435;Harina de trigo tierno o trigo T65;
9436;Harina de trigo tierno o trigo T55 (para pan);
9437;Harina de trigo tierno o trigo con levadura incorporada;
9440;Harina de trigo tierno o trigo T45 (para pastelería);
9445;Harina de trigo tierno o trigo T80;
9480;Harina de espelta (gran espelta);
9510;Almidón de maíz o fécula de maíz;
9520;Harina de arroz;
9530;Harina de centeno T170;
9532;Harina de centeno T85;
9533;Harina de centeno T130;
9540;Harina de trigo sarraceno;
9545;Harina de maíz;
9550;Harina de cebada;
9555;Harina de mijo;
9570;Harina de castaña;
9580;Harina de garbanzo;
9610;Sémola de trigo duro, cruda;
9612;Mezcla de cereales y legumbres secas, cruda;
9614;Polenta o sémola de maíz, precocida, para cocinar;
9615;Polenta o sémola de maíz, cocida, sin sal añadida;
9621;Salvado de trigo;
9640;Salvado de avena;
9641;Salvado de maíz;
9643;Salvado de arroz;
9660;Germen de trigo;
9681;Grano de cuscús (sémola de trigo duro precocida), para cocinar;
9683;Sémola o grano de cuscús, cocido, sin sal añadida;
9685;Sémola o grano de cuscús integral, cocido, sin sal añadida;
9686;Sémola o grano de cuscús semiintegral, cocido, sin sal añadida;
9690;Bulgur de trigo, crudo;
9691;Bulgur de trigo, cocido, sin sal añadida;
9810;Pasta seca, estándar, cruda;
9811;Pasta seca, estándar, cocida, sin sal añadida;
9815;Pasta fresca, con huevos, cruda;
9816;Pasta fresca, con huevos, cocida, sin sal añadida;
9821;Pasta seca, con huevos, cruda;
9822;Pasta seca, con huevos, cocida, sin sal añadida;
9824;Pasta seca, sin gluten, cocida, sin sal añadida;
9863;Pasta o fideos asiáticos secos, de trigo y huevos, natural, crudo;
9870;Pasta seca, integral, cruda;
9871;Pasta seca, integral, cocida, sin sal añadida;
9874;Pasta seca, sin gluten, cruda;
9875;Pasta seca, sin gluten (de arroz y maíz), cocida, sin sal añadida;
9876;Pasta seca, sin gluten (de lentejas rojas), cocida, sin sal añadida;
9877;Pasta seca, semiintegral, cocida, sin sal añadida;
9900;Vermicelli de arroz secos, crudos;
9901;Vermicelli de arroz, cocido, sin sal añadida;
9902;Vermicelli de soja secos, crudos;
9903;Vermicelli de soja, cocido, sin sal añadida;
10000;Bígaro, cocido;
10001;Calamar, crudo;
10002;Calamar a la romana (buñuelo), envasado;
10003;Vieira, noix y coral, cruda;
10004;Vieira, noix y coral, cocida;
10005;Cangrejo, desmenuzado o patas peladas, en conserva, escurrido;
10006;Gamba gris, cocida;
10007;Gamba o langostino, cocido;
10008;Caracol, crudo;
10009;Bogavante, hervido/cocido en agua;
10010;Bogavante, crudo;
10011;Ostra, sin precisar, cruda;
10012;Cigala, empanada, frita;
10013;Mejillón, hervido/cocido en agua;
10014;Mejillón común, crudo;
10015;Langosta, cruda;
10016;Sepia, cruda;
10017;Almeja, navaja o pipa, cruda;
10018;Pulpo, crudo;
10019;Buccino o bucio, crudo;
10020;Buccino o bucio, cocido;
10021;Gamba o langostino, crudo;
10022;Langosta, hervida/cocida en agua;
10023;Buñuelo de gamba;
10024;Cigala, cruda;
10025;Cangrejo o buey, hervido/cocido en agua;
10026;Mejillón de Mediterráneo, crudo;
10027;Almeja, navaja o pipa, hervida/cocida en agua;
10028;Mejillones, al natural, en conserva, escurridos;
10030;Cangrejo de río, crudo;
10031;Cangrejo de río, cocido;
10033;Gamba bouquet, salvaje, cocida;
10034;Berberecho, cocido;
10035;Ostra cóncava, cruda;
10036;Ostra plana, cruda;
10037;Calamar, hervido o cocido en agua;
10038;Gamba o langostino, congelada, cruda;
10039;Cangrejo, crudo;
10041;Oreja de mar, cruda;
10042;Caracol en salsa de mantequilla y perejil, envasado, cocido;
10043;Mariscos (promedio);
10044;Cigala, hervida/cocida en agua;
10045;Vieira, noix, cruda;
10048;Vieira americana o peine de Canadá, noix, cruda;
10049;Pectén o peine de Perú, noix, cruda;
10057;Araña de mar, hervida/cocida en agua;
10061;Gamba blanca o gamba tropical (rosa), de crianza, cocida;
10062;Langostino tigre, de crianza, cocido;
10064;Gamba tropical (rosa), cocida (Penaeus brasiliensis);
10079;Pulpo, cocido;
10080;Mariscos, mezcla o cóctel, congelados, cocidos;
10081;Mejillones a la salsa catalana o escabeche (tomate), en conserva, escurridos;
10082;Mejillones a la marinera (cebolla y vino blanco), envasados;
10083;Mejillones rellenos (grasa, salsa de perejil y ajo…), envasados, crudos;
10084;Calamar, frito o a la sartén con grasa;
10086;Gambas o langostinos, pelados, cocidos, refrigerados, envasados;
10088;Cangrejos de río, pelados, cocidos, refrigerados, envasados;
10089;Gambas grises, peladas, cocidas, refrigeradas, envasadas;
10099;Caracol, cocido;
10100;Gamba o langostino salvaje, cocida;
10101;Gamba o langostino, de crianza, cocida (promedio);
10999;Perifollo, deshidratado;
11000;Ajo, crudo;
11001;Caldo de vacuno, deshidratado;
11002;Perifollo, fresco;
11003;Cebollino o cebolleta, fresco;
11004;Pepinillo, al vinagre;
11005;Curry, polvo;
11006;Jengibre, polvo;
11007;Gelatina, seca;
11008;Ketchup, envasado;
11009;Levadura de cerveza en copos;
11010;Levadura de panadero fresca;
11013;Mostaza;
11014;Perejil, fresco;
11015;Pimienta negra, polvo;
11016;Rábano picante, fresco;
11017;Sal blanca alimentaria, no yodada, no fluorada (marina, ígnea o de roca);
11018;Vinagre;
11019;Pimienta blanca, polvo;
11021;Mostaza a la antigua;
11023;Ajo deshidratado, polvo;
11024;Perejil, deshidratado;
11025;Canela, polvo;
11026;Cilantro, grano;
11027;Menta, fresca;
11029;Menta, deshidratada;
11032;Albahaca, deshidratada;
11033;Albahaca, fresca;
11034;Mejorana, deshidratada;
11035;Orégano, deshidratado;
11036;Romero, deshidratado;
11037;Salvia, deshidratada;
11038;Tomillo, deshidratado;
11039;Azafrán;
11041;Caldo de verduras, deshidratado;
11042;Comino, grano;
11043;Tapenade, envasada;
11044;Sal con apio;
11045;Levadura de panadero deshidratada;
11046;Levadura química o polvo de hornear;
11048;Nuez moscada;
11049;Pimentón, polvo;
11050;Estragón, deshidratado;
11051;Salsa tártara, envasada;
11052;Clavo de especia;
11053;Laurel, hojas;
11054;Mayonesa (70% grasa mín.), envasada;
11056;Mezcla de 4 especias, polvo;
11058;Sal blanca alimentaria, yodada, no fluorada (marina, ígnea o de roca);
11060;Hierbas de Provenza, deshidratadas;
11061;Adormidera, grano;
11062;Ajedrea, deshidratada;
11063;Eneldo, deshidratado;
11064;Alcaravea, grano;
11065;Vainilla, extracto alcohólico;
11066;Hinojo, grano;
11068;Romero, fresco;
11069;Salvia, fresca;
11070;Tomillo, fresco;
11073;Ketchup reducido en azúcares, envasado;
11074;Jengibre, raíz fresca;
11075;Cardamomo, polvo;
11077;Alholva, grano;
11079;Mayonesa con grasa reducida o mayonesa light, envasada;
11080;Hierbas aromáticas frescas (promedio);
11081;Especia (promedio);
11082;Flor de sal, no yodada, no fluorada;
11083;Sal marina gris, no yodada, no fluorada;
11084;Agar (alga), fresco, crudo;
11086;Espirulina (Spirulina sp.), deshidratada;
11088;Pimienta de Cayena o ají de Cayena, polvo;
11089;Cúrcuma, polvo;
11091;Vinagre balsámico;
11093;Eneldo, fresco;
11094;Cilantro, fresco;
11096;Sal blanca alimentaria, yodada, fluorada a 25 mg /100 g (marina, ígnea o de roca);
11097;Pepinillo, agridulce;
11098;Vainilla, extracto acuoso;
11100;Salsa barbecue, envasada;
11101;Salsa béchamel, envasada;
11102;Salsa bearnesa, envasada;
11104;Salsa de soja, envasada;
11105;Salsa holandesa, envasada;
11107;Salsa de tomate con cebolla, envasada;
11108;Vinagreta de aceite de oliva (50 a 75% de aceite), envasada;
11109;Vinagreta reducida en grasa (25 a 50% de aceite), envasada;
11110;Vinagreta (50 a 75% de aceite), envasada;
11111;Salsa armoricana, envasada;
11112;Harissa (salsa de picante), envasada;
11114;Salsa de tomate con carne o salsa boloñesa, envasada;
11115;Salsa de pimienta verde, envasada;
11120;Salsa borgoñona, envasada;
11121;Salsa de vino Madeira, envasada;
11122;Salsa de chalota con nata, envasada;
11128;Salsa carbonara, envasada;
11129;Salsa cazadora, envasada;
11132;Salsa de curry, caliente, envasada;
11140;Salsa de mantequilla blanca, envasada;
11143;Salsa béchamel con mantequilla, casera;
11157;Salsa de mostaza, envasada;
11158;Salsa de mantequilla, envasada;
11159;Salsa de nata;
11160;Salsa de champiñones, envasada;
11161;Salsa de nata con especias;
11162;Salsa de nata con hierbas;
11163;Salsa agridulce, envasada;
11164;Salsa de vino tinto, casera;
11166;Salsa de yogur, casera;
11167;Salsa americana, envasada;
11168;Salsa alioli, envasada;
11169;Fondo de ternera para salsas y cocción, deshidratado;
11170;Salsa vasca o salsa de pimiento, envasada;
11171;Fondo de ave para salsas y cocción, deshidratado;
11172;Caldo aromático para pescados, deshidratado;
11174;Caldo de ave, deshidratado;
11175;Aspic de vino Madeira, deshidratado;
11176;Aspic de vino Madeira;
11177;Salsa de tomate con champiñones, envasada;
11178;Salsa de tomate con aceitunas, envasada;
11179;Salsa pesto, envasada;
11182;Salsa de pimienta, caliente, envasada;
11184;Salsa (promedio);
11187;Salsa para crudités o salsa para ensalada, envasada;
11189;Salsa de queso para risotto o pasta, envasada;
11191;Salsa de Roquefort, envasada;
11192;Salsa de champiñones y nata, envasada;
11194;Salsa nuoc mám o salsa de pescado, envasada;
11196;Salsa para hamburguesa, envasada;
11198;Salsa para crudités o salsa para ensalada, reducida en grasa, envasada;
11199;Salsa gran veneur, envasada;
11202;Salsa india tipo tandoori o tikka masala, envasada;
11203;Salsa de kebab, envasada;
11205;Salsa rouille, envasada;
11207;Salsa de tomate con verduritas, envasada;
11208;Salsa de tomate con queso, envasada;
11210;Salsa pesto rojo, envasada;
11212;Salsa de pimienta, fría, envasada;
11213;Salsa fría (promedio);
11214;Preparación culinaria de soja tipo crema de soja;
11215;Caviar de tomates;
11216;Salsa de soja azucarada, envasada;
11217;Salsa para rollitos de primavera de base nuoc-mam diluido, envasada;
11218;Salsa caliente (promedio);
11219;Salsa vegetal tipo boloñesa, con proteínas de soja, envasada;
11220;Vinagre de vino tinto;
11221;Extracto de levadura para untar;
11222;Ktipiti, tartinable de queso fresco con pimiento rojo, envasado;
11223;Salsa de ostra, envasada;
11240;Salsa argelina, envasada;
11243;Salsa andaluza, envasada;
11244;Salsa cóctel, envasada;
11245;Salsa para patatas fritas, envasada;
11246;Salsa samurái, envasada;
11247;Salsa de curry, fría, envasada;
11248;Salsa Cásar, envasada;
11299;Crema de ciruelas pasas, envasada;
11300;Salsa de chocolate, envasada;
11301;Salsa teriyaki, envasada;
11302;Salsa de acedera, envasada;
11303;Fumet de pescado, listo para consumir, envasado;
11304;Fondo de ternera, envasado;
11306;Ajo, asado/cocido al horno;
11307;Ajo, a la plancha/sartén, sin grasa;
11507;Bicarbonato de soda;
11509;Edulcorante de aspartamo, en polvo;
11510;Fideos de colores;
12001;Queso Camembert, sin precisar el tipo de leche (pasteurizada o cruda);
12003;Queso de pasta blanda y corteza florida, no reducido en grasa (tipo camembert);
12004;Queso de pasta blanda y corteza florida, reducido en grasa (tipo camembert);
12006;Queso Camembert de leche cruda o termizada;
12007;Queso Camembert de leche pasteurizada;
12008;Queso de pasta blanda y corteza florida, doble nata alrededor del 30% de grasa;
12010;Queso Coulommiers;
12015;Queso de pasta blanda tipo cuadrado o ladrillo, con corteza florida, no reducido en grasa;
12020;Queso Brie, sin precisar;
12021;Queso Brie de Meaux;
12022;Queso Brie de Melun;
12025;Queso Carré de l'Est;
12028;Queso Chaource;
12029;Queso Maroilles laitier;
12030;Queso Maroilles fermier;
12031;Queso Neufchâtel;
12033;Queso de pasta blanda, triple nata, alrededor del 38% de grasa;
12034;Queso de pasta blanda y corteza lavada (promedio);
12035;Queso de pasta blanda y corteza lavada, reducido en grasa;
12036;Queso Maroilles, sin precisar;
12037;Queso Livarot;
12038;Queso Époisses;
12039;Queso Munster;
12040;Queso Langres;
12041;Queso de pasta blanda y corteza lavada, no reducido en grasa;
12042;Queso Pont l'Évêque;
12045;Queso Reblochon;
12049;Queso Saint-Marcellin;
12050;Queso de pasta blanda y corteza mixta (lavada y florida) coloreada;
12051;Queso Mont d'or o vacherin del Alto Doubs (producido en Francia) o vacherin-Mont d'Or (producido en Suiza);
12052;Queso Saint-Félicien;
12053;Queso para tartiflette (pasta blanda y corteza mixta);
12054;Especialidad quesera no madurada en cáscara, enriquecida en vitaminas;
12060;Queso tipo feta, de leche de vaca 100%;
12063;Queso tipo feta, de leche de vaca 100%, en aceite y aromáticos;
12064;Bola de Avesnes de leche de vaca;
12065;Bocadito aperitivo de queso de leche de vaca no madurado, relleno o recubierto;
12066;Queso feta, de leche de oveja 70% mínimo y leche de cabra 30% máximo;
12068;Queso fresco o especialidad quesera no madurada, natural, para untar, en bandeja, no reducido en grasa;
12069;Queso fresco o especialidad quesera no madurada, natural, para untar, en bandeja, reducido en grasa;
12070;Queso fresco o especialidad quesera no madurada, con ajo y finas hierbas, para untar, no reducido en grasa;
12071;Brousse (queso fresco de oveja del lactosuero);
12072;Queso Burrata;
12099;Queso Emmental de Saboya;
12100;Queso de pasta prensada cocida (promedio);
12105;Queso Beaufort;
12109;Queso Cantal joven;
12110;Queso Comté;
12111;Queso para desmenuzar o desenrollar;
12112;Queso Abondance;
12113;Queso Gruyère IGP Francia;
12114;Queso Gruyère, sin precisar (origen Francia o Suiza);
12115;Queso Emmental o emmenthal;
12116;Queso de pasta prensada cocida tipo emmental o emmenthal, reducido en grasa;
12118;Queso Emmental o emmenthal, rallado;
12119;Queso Ossau-Iraty (queso de oveja);
12120;Queso Parmesano;
12121;Queso Fontina;
12122;Queso Pecorino (queso de oveja);
12123;Queso Grana Padano;
12300;Queso fundido en lonchas;
12302;Especialidad quesera fundida aromatizada en cubos para aperitivo (cubos de queso fundido de leche de vaca);
12303;Queso fundido en porción (triángulo), no enriquecido;
12304;Queso fundido en porción (triángulo), enriquecido en vitaminas;
12305;Queso fundido, reducido en grasa;
12306;Queso blanco fundido en porción (cuadrado), no enriquecido en vitaminas;
12307;Queso blanco fundido en porción (cuadrado o barrita), enriquecido en vitaminas;
12325;Cancoillotte (especialidad quesera fundida);
12355;Especialidad quesera fundente de queso fresco blanco y nueces;
12356;Snack para niños de queso fundido y palillos de pan;
12500;Queso Roquefort (queso de oveja);
12519;Queso Fourme de Montbrison;
12520;Queso azul de leche de vaca, no reducido en grasa;
12521;Queso azul de Auvernia;
12522;Queso Fourme d'Ambert;
12523;Queso azul de los Causses;
12524;Queso Gorgonzola;
12526;Queso azul de Gex o queso azul del Alto Jura o queso azul de Septmoncel;
12528;Queso azul de leche de vaca, reducido en grasa;
12705;Queso de pasta prensada no cocida tipo maasdam, reducido en grasa;
12716;Queso Provolone;
12720;Queso de pasta prensada no cocida, recubierto de cera, no reducido en grasa;
12721;Queso de pasta prensada no cocida, recubierto de cera, reducido en grasa;
12722;Queso Cantal medio;
12724;Queso Cantal;
12725;Queso Salers;
12726;Queso Cheddar;
12729;Queso Edam;
12735;Queso Mimolette joven (menos de 6 meses de maduración);
12736;Queso Gouda;
12737;Queso Mimolette semiviej (6 meses de maduración mínimo);
12738;Queso Mimolette viejo (12 meses de maduración mínimo);
12740;Queso Mimolette, sin precisar;
12741;Queso de pasta prensada no cocida tipo maasdam, no reducido en grasa;
12742;Queso Mimolette extra viejo (18 meses de maduración mínimo);
12743;Queso Morbier;
12747;Queso de pasta prensada no cocida de Pirineos de oveja, tipo tomme o tome;
12748;Queso Saint-Nectaire laitier;
12749;Queso Raclette;
12751;Queso Saint-Nectaire fermier;
12752;Queso Saint-Nectaire, sin precisar;
12755;Queso Saint-Paulin (queso de pasta prensada no cocida semifirme);
12758;Queso Tomme o tome de vaca;
12760;Queso Tomme o tome, reducido en grasa;
12761;Queso Asiago;
12762;Queso de pasta blanda corsicano de oveja;
12763;Queso Tome de los Bauges;
12764;Queso Tête de Moine;
12765;Queso Raclette ahumado;
12766;Queso Raclette con pimienta;
12767;Queso Gouda con comino;
12771;Queso Tomme o tome de Saboya;
12773;Queso Tomme o tome de Pirineos;
12775;Mezcla de quesos rallados (p. ej. especial gratinados, especial pasta, especial pizzas…);
12776;Queso Raclette de Saboya;
12803;Queso de cabra láctico madurado, tipo palet, crottin o bûchette;
12805;Queso de cabra fresco, tipo palet, crottin o bûchette;
12807;Queso Sainte-Maure de Touraine (queso de cabra);
12810;Queso de cabra semireseco;
12812;Queso de cabra bûche;
12813;Queso de cabra bûche, reducido en grasa;
12814;Queso de pasta blanda no prensada no cocida de cabra y corteza natural;
12815;Queso de cabra seco;
12816;Queso de pasta prensada semicocida;
12819;Queso de cabra para untar, natural;
12820;Queso de pasta blanda y corteza florida de cabra (tipo camembert, cabécou);
12824;Queso de pasta blanda y corteza florida de oveja;
12828;Queso de lactosuero de oveja;
12830;Queso Chabichou (queso de cabra);
12831;Queso Pélardon (queso de cabra);
12832;Queso Crottin de cabra, de leche cruda;
12833;Queso Crottin de cabra, sin precisar el tipo de leche - pasteurizada o cruda;
12834;Queso Crottin de Chavignol (queso de cabra);
12836;Queso Picodon (queso de cabra);
12839;Queso Pouligny Saint-Pierre (queso de cabra);
12842;Queso Sainte-Maure (queso de cabra);
12845;Queso Selles-sur-Cher (queso de cabra);
12846;Queso Chevrot (queso de cabra);
12847;Queso Rocamadour (queso de cabra);
12848;Queso Valençay (queso de cabra);
12850;Queso de cabra de pasta prensada no cocida, tipo tomme o tome o gouda de cabra;
12999;Queso (promedio);
13000;Albaricoque, deshuesado, crudo;
13001;Albaricoque, deshuesado, deshidratado;
13002;Piña, pulpa sin piel, cruda;
13004;Aguacate, pulpa sin piel, sin hueso, crudo;
13005;Plátano, pulpa sin piel, cruda;
13007;Grosella negra, cruda;
13008;Cereza, pulpa y piel, sin hueso, cruda;
13009;Limón, pulpa sin piel, sin pepitas, crudo;
13010;Membrillo, crudo;
13011;Dátil, pulpa y piel, sin hueso, deshidratado;
13012;Higo, crudo;
13013;Higo, deshidratado;
13014;Fresa, cruda;
13015;Frambuesa, cruda;
13016;Fruta de la pasión o maracuyá, pulpa sin piel, con pepitas, cruda;
13018;Granada, pulpa sin piel, con pepitas, cruda;
13019;Grosella roja, cruda;
13020;Grosella silvestre, cruda;
13021;Kiwi, pulpa sin piel, con pepitas, cruda;
13023;Lichí, pulpa sin piel, sin hueso, cruda;
13024;Clementina o mandarina, pulpa sin piel, sin pepitas, cruda;
13025;Mango, pulpa sin piel, sin hueso, cruda;
13026;Melón cantaloup (p. ej.: Charentais), pulpa sin piel, sin pepitas, cruda;
13027;Ciruela Mirabelle, sin hueso, cruda;
13028;Arándano, crudo;
13029;Mora (de zarzamora), cruda;
13032;Aceituna negra, en salmuera, escurrida;
13033;Aceituna verde, en salmuera, escurrida;
13034;Naranja, pulpa sin piel, sin pepitas, cruda;
13035;Papaya, pulpa sin piel, cruda;
13036;Sandía, pulpa sin piel, sin pepitas, cruda;
13037;Pera, pulpa y piel, cruda;
13038;Compota de manzana, envasada;
13039;Manzana, pulpa y piel, cruda;
13040;Pomelo (llamado Toronja), pulpa sin piel, sin pepitas, cruda;
13041;Ciruela Reina Claudia, sin hueso, cruda;
13042;Ciruela pasa, sin hueso, deshidratada;
13043;Melocotón, pulpa y piel, sin hueso, crudo;
13044;Uva blanca, de grano grande (tipo Italia o Dattier), cruda;
13045;Uva negra, cruda;
13046;Uva pasa;
13047;Ruibarbo, tallo, crudo;
13051;Mezcla aperitivo de frutas exóticas, deshidratada;
13054;Carambola, pulpa y piel, cruda;
13056;Chirimoya, pulpa sin piel, cruda;
13063;Higo de Barbaria, pulpa y piel, con pepitas, cruda;
13066;Caqui, pulpa y piel, cruda;
13067;Limón verde o lima, pulpa sin piel, sin pepitas, cruda;
13083;Guayaba, pulpa sin piel, cruda;
13085;Manzana Canadá, pulpa sin piel, cruda;
13086;Manzana Golden, pulpa sin piel, cruda;
13089;Plátano, pulpa sin piel, deshidratada;
13100;Ciruela, sin hueso, cruda;
13101;Uva Chasselas, cruda;
13111;Manzana, deshidratada;
13118;Melocotón, pulpa y piel, sin hueso, deshidratado;
13121;Manzana Granny Smith, pulpa sin piel, cruda;
13122;Manzana Granny Smith, pulpa y piel, cruda;
13128;Chayota o christophine o chuchú, cruda;
13129;Compota, todo tipo de frutas, reducida en azúcares, envasada, en frío;
13131;Aceituna negra, en aceite (a la griega);
13134;Ensalada de frutas, cruda;
13147;Aceitunas verdes, rellenas o farciadas (anchoa, pimientos, etc.);
13148;Nectarina o bruñón, amarilla, pulpa y piel, sin hueso, cruda;
13149;Nectarina o bruñón, blanca, pulpa y piel, sin hueso, cruda;
13151;Compota de manzana, reducida en azúcares, a temperatura ambiente;
13152;Postre de frutas, todo tipo de frutas (en tasa de azúcares: compota reducida en azúcares < postre de frutas < compota), envasado, a temperatura ambiente;
13153;Purée de frutas, todo tipo de frutas, tipo compota sin azúcares añadidos, a temperatura ambiente;
13154;Especialidad de frutas, todo tipo de frutas, azucarada, envasada, a temperatura ambiente;
13157;Potito de fruta con plátano para bebé;
13158;Potito de fruta sin plátano para bebé;
13159;Bebida de frutas para bebé desde 4/6 meses;
13160;Bebida de plantas para bebé;
13161;Bebida infantil de cereales con leche y verduras para cenar desde 4/6 meses;
13162;Bebida infantil de cereales con leche y frutas para merendar desde 4/6 meses;
13163;Bebida infantil de cereales con leche para desayunar desde 4/6 meses;
13164;Postre infantil lácteo tipo crema para postre;
13165;Postre infantil lácteo de arroz o sémola;
13166;Postre infantil lácteo, azucarado, natural o con frutas;
13167;Cereales instantáneos, polvo para reconstituir, desde 4/6 meses;
13168;Cereales instantáneos, polvo para reconstituir, desde 6 meses;
13169;Bebida infantil de cereales con leche para desayunar desde 8/9 meses;
13170;Bebida infantil de cereales con leche para desayunar desde 12 meses;
13171;Bebida infantil de leche con frutas para merendar desde 4/6 meses (sin cereales);
13173;Bebida infantil de cereales con leche para desayunar;
13174;Especialidad de frutas, todo tipo de frutas, sin azúcares añadidos, envasada, a temperatura ambiente;
13175;Manzana, pulpa sin piel, asada/cocida al horno;
13176;Manzana, pulpa sin piel, hervida/cocida en agua;
13177;Chayota o christophine o chuchú, hervida/cocida en agua;
13178;Arándano rojo o cranberry, deshidratado, azucarado;
13182;Bebida infantil de cereales con leche (promedio);
13183;Baya de goji, deshidratada;
13184;Aceituna (promedio);
13185;Compota o similar, todo tipo de frutas, sin precisar sobre contenido en azúcares (reducida en azúcares o no, sin azúcares añadidos…) ni sobre frío (promedio);
13186;Aceituna negra (promedio);
13187;Purée de manzana, tipo compota sin azúcares añadidos, a temperatura ambiente;
13188;Pera Conferencia, pulpa sin piel, cruda;
13189;Pera Williams, pulpa sin piel, cruda;
13190;Manzana Chantecler, pulpa sin piel, cruda;
13191;Manzana Gala, pulpa sin piel, cruda;
13192;Manzana Pink lady, pulpa sin piel, cruda;
13193;Melocotón blanco, pulpa y piel, sin hueso, crudo;
13194;Melocotón blanco, pulpa sin piel, sin hueso, crudo;
13195;Melocotón amarillo, pulpa sin piel, sin hueso, crudo;
13199;Compota, todo tipo de frutas distintas de sola manzana, reducida en azúcares, envasada, a temperatura ambiente;
13200;Mango José, pulpa sin piel, sin hueso, cruda, recogida en la Reunión (Mangifera indica L.);
13201;Piña Victoria o Queen Victoria, pulpa, cruda, recogida en la Reunión;
13202;Papaya Colombo (fruta madura), pulpa sin piel, sin pepitas, cruda, recogida en la Reunión (Carica papaya L.);
13203;Ruibarbo, tallo, cocido;
13204;Compota de melocotón, envasada;
13205;Compota de albaricoque, envasada;
13206;Compota de ruibarbo, envasada;
13207;Postre de frutas, todo tipo de frutas (en tasa de azúcares: compota reducida en azúcares < postre de frutas < compota), envasado, en frío;
13208;Especialidad de frutas variadas, azucarada, envasada, en frío;
13209;Especialidad de frutas, todo tipo de frutas, sin azúcares añadidos, envasada, en frío;
13210;Purée de frutas, todo tipo de frutas, tipo compota sin azúcares añadidos, envasada, en frío;
13211;Compota, otras frutas, envasada;
13212;Compota de manzana, sin precisar sobre contenido en azúcares ni sobre frío (promedio);
13213;Postre de frutas, todo tipo de frutas (en tasa de azúcares: compota reducida en azúcares < postre de frutas < compota), envasado, sin precisar sobre frío (promedio);
13214;Purée de frutas, todo tipo de frutas, tipo compota sin azúcares añadidos, sin precisar sobre frío (promedio);
13215;Especialidad de frutas, todo tipo de frutas, sin precisar sobre contenido en azúcares ni sobre frío (promedio);
13395;Uva cruda (promedio);
13396;Manzana, pulpa sin piel, cruda (promedio);
13397;Pera, pulpa, cruda (promedio);
13398;Melocotón, pulpa sin piel, sin hueso, crudo (promedio);
13399;Nectarina o bruñón, pulpa y piel, sin hueso, cruda (promedio);
13417;Zumo de mandarina común, zumo puro filtrado, recogido en Martinica;
13418;Zumo de mandarina Macaque, zumo puro filtrado, recogido en Martinica;
13421;Zumo de jobo o ciruela de Cythère verde gigante (variedad local), fruta madura, zumo puro filtrado (Martinica);
13422;Zumo de ciruela de Citerías verde gigante (variedad local), fruta verde, zumo puro filtrado, recogido en Martinica;
13423;Zumo de ciruela de Citerías verde enana (variedad híbrida), fruta madura, zumo puro filtrado, recogido en Martinica;
13424;Zumo de ciruela de Citerías verde enana (variedad híbrida), fruta verde, zumo puro filtrado, recogido en Martinica;
13564;Níspero del Japón, pulpa y piel, sin hueso, crudo;
13583;Ciruela violeta, sin hueso, cruda;
13614;Pummelo chino, pulpa sin piel, sin pepitas, cruda;
13620;Manzana Golden, pulpa y piel, cruda;
13621;Uva negra Moscatel, cruda;
13623;Albaricoque, deshuesado, deshidratado, suave (rehidratado a 35-45%);
13704;Albaricoque en almíbar (sin precisar si ligero o clásico), en conserva, escurrido (promedio);
13705;Macedonia o cóctel o ensalada de frutas, en almíbar (sin precisar si ligero o clásico), en conserva, escurrida (promedio);
13706;Macedonia o cóctel o ensalada de frutas, en almíbar, en conserva, escurrida;
13707;Macedonia o cóctel o ensalada de frutas, en almíbar, en conserva, sin escurrir;
13708;Macedonia o cóctel o ensalada de frutas, en almíbar ligero, en conserva, escurrida;
13709;Macedonia o cóctel o ensalada de frutas, en almíbar ligero, en conserva, sin escurrir;
13712;Albaricoque en almíbar ligero, en conserva, escurrido;
13713;Albaricoque en almíbar ligero, en conserva, sin escurrir;
13714;Albaricoque en almíbar, en conserva, escurrido;
13715;Albaricoque en almíbar, en conserva, sin escurrir;
13716;Piña en zumo de piña, en conserva, escurrida;
13717;Piña en zumo de piña, en conserva, sin escurrir;
13718;Piña en almíbar ligero, en conserva, escurrida;
13719;Piña en almíbar ligero, en conserva, sin escurrir;
13724;Lichí, pulpa sin piel, sin hueso, en almíbar ligero, en conserva, escurrida;
13730;Melocotón, sin hueso, en almíbar ligero, en conserva, escurrido;
13731;Melocotón, sin hueso, en almíbar ligero, en conserva, sin escurrir;
13734;Pera en almíbar ligero, en conserva, escurrida;
13735;Pera en almíbar ligero, en conserva, sin escurrir;
13742;Melón miel o melón honeydew, pulpa sin piel, sin pepitas, cruda;
13996;Fruta deshidratada (promedio);
13998;Coulis de frutas rojas (frambuesas, fresas, grosellas, grosella negra);
13999;Fruta cruda (promedio);
14000;Corzo, carne asada/cocida al horno;
14002;Jabalí, carne cruda;
14003;Jabalí, carne asada/cocida al horno;
14004;Liebre, carne cruda;
14005;Corzo, carne cruda;
14006;Ciervo, carne cruda;
14007;Ciervo, carne asada/cocida al horno;
14008;Caza de pelo, cocida (promedio);
15000;Almendra, con piel, sin sal añadida;
15001;Cacahuete, sin sal añadida;
15002;Cacahuete, tostado, salado;
15004;Avellana, sin sal añadida;
15005;Nuez, grano, deshidratada;
15006;Coco, pulpa, fresco;
15007;Coco, pulpa, deshidratada;
15008;Nuez de Brasil o nuez de Amazonia, sin sal añadida;
15009;Pistacho, tostado, salado;
15010;Sésamo, grano;
15011;Girasol, grano;
15013;Crema de castaña o mermelada de castaña, envasada;
15014;Coco, grano inmaduro, fresco;
15017;Mezcla aperitivo de granos salados y frutas deshidratadas;
15018;Mezcla aperitivo de granos salados y pasas;
15019;Anacardo, tostado, salado;
15020;Castaña, hervida/cocida en agua;
15021;Castaña, tostada;
15024;Castaña, cruda;
15025;Piñón;
15026;Nuez de pecana, sin sal añadida;
15027;Nuez de macadamia, sin sal añadida;
15029;Semilla de alfalfa germinada, cruda;
15032;Alfalfa, semilla;
15033;Avellana tostada, sin sal añadida;
15034;Lino, semilla;
15035;Sésamo, semilla sin cascara;
15037;Cacahuete, tostado en seco, salado;
15038;Sésamo, tostado, semilla sin cascara;
15039;Castaña o marón, en conserva;
15041;Almendra, pelada, sin sal añadida;
15042;Almendra, tostada, salada;
15043;Nuez de macadamia, tostada, salada;
15044;Pistacho, tostado, sin sal añadida;
15045;Semilla de girasol, tostada, salada;pipas
15046;Nuez pecana, salada;
15047;Chía, semilla, seca;
15048;Mezcla de aperitivo de semillas y frutas secas, sin sal añadida;
15049;Mezcla de aperitivo de semillas y pasas, sin sal añadida;
15050;Avellana tostada, salada;
15052;Lino marrón, semilla;linaza
15053;Cacahuete, tostado, sin sal añadida;
15054;Anacardo, tostado, sin sal añadida;
15055;Anacardo, tostado en seco, sin sal añadida;
15057;Cacahuete, tostado, aromatizado;
15058;Cacahuete caramelizado;garrapiñada
15059;Mezcla de aperitivo de semillas tostadas, saladas;
15062;Almendra, tostada, salada, sabor ahumado;
15063;Cáñamo, semilla pelada;
15064;Calabaza, semilla, seca;pipas de calabaza
15065;Frutos secos y cacahuete, salados (promedio);
15066;Frutos secos y cacahuete, sin sal añadida (promedio);
15201;Pasta de almendra (mazapán), envasada;
15202;Crema de cacahuete o pasta de cacahuete;mantequilla de cacahuete
15203;Tahini o pasta de sésamo;tahín
16030;Aceite o manteca de cacao;
16040;Aceite o grasa de coco, sin especificar;
16050;Aceite o grasa de coco, virgen;
16060;Aceite o grasa de coco (copra), refinado;
16080;Grasa vegetal sólida (tipo margarina) para freír;
16110;Aceite o manteca de karité;
16128;Aceite para freír, sin especificar;
16150;Aceite de palma, refinado;
16200;Aceite o grasa de palmiste, sin especificar;
16400;Mantequilla con 80 % de grasa mínimo, sin sal;
16401;Aceite de mantequilla o mantequilla concentrada;
16402;Mantequilla con 80 % de grasa, semisalada;
16403;Mantequilla con 80 % de grasa, salada;
16404;Mantequilla con 80 % de grasa mínimo, sin sal, untuosa;
16410;Mantequilla con 60-62 % de grasa, reducida en grasa, sin sal;
16411;Mantequilla con 60-62 % de grasa, reducida en grasa, semisalada;
16412;Mantequilla o similar light (reducida en grasa), sin sal (promedio);
16413;Mantequilla sin especificar contenido en grasa (light o no), semisalada (promedio);
16414;Mantequilla o similar sin especificar contenido en grasa, sin sal (promedio);
16415;Mantequilla con 39-41 % de grasa, light, sin sal;
16416;Mantequilla con 39-41 % de grasa, light, semisalada;
16520;Manteca de cerdo;
16530;Tocino graso, crudo;
16540;Grasa de pollo;
16550;Grasa de pato;
16560;Grasa de oca;
16570;Grasa de pavo;
16589;Materia grasa untable con > 62 % de grasa, sin sal, rica en omega 3;
16590;Materia grasa untable con > 62 % de grasa, sin sal, estándar;
16591;Materia grasa untable con > 41 % y <= 62 % de grasa, sin sal, estándar;
16592;Materia grasa untable con <= 41 % de grasa, sin sal, estándar;
16593;Materia grasa untable con > 62 % de grasa, semisalada, estándar;
16594;Materia grasa untable con > 41 % y <= 62 % de grasa, semisalada, estándar;
16595;Materia grasa untable con > 41 % y <= 62 % de grasa, sin sal, con esteroles vegetales;
16596;Materia grasa untable con > 41 % y <= 62 % de grasa, sin sal, rica en omega 3;
16597;Materia grasa untable con > 41 % y <= 62 % de grasa, semisalada, rica en omega 3;
16598;Materia grasa untable con <= 41 % de grasa, semisalada, con esteroles vegetales;
16599;Materia grasa untable con <= 41 % de grasa, sin sal, rica en omega 3;
16600;Materia grasa untable con <= 41 % de grasa, semisalada, estándar;
16601;Materia grasa untable, contenido en grasa sin especificar, sin sal, estándar (promedio);
16602;Materia grasa untable, contenido en grasa sin especificar, semisalada, estándar (promedio);
16603;Materia grasa untable, contenido en grasa sin especificar, sin sal, rica en omega 3 (promedio);
16713;Materia grasa láctea untable con 15-25 % de grasa, light, sin sal, enriquecida con vitaminas;
17001;Aceite vegetal (promedio);
17020;Aceite de hueso de albaricoque;
17030;Aceite de almendra;
17040;Aceite de cacahuete;
17100;Aceite de aguacate;
17110;Aceite de germen de trigo;
17130;Aceite de colza;
17170;Aceite de algodón;
17180;Aceite de lino;
17190;Aceite de maíz;
17210;Aceite de avellana;
17220;Aceite de nuez;
17270;Aceite de oliva virgen extra;AOVE
17325;Aceite de amapola;
17350;Aceite de pepita de uva;
17390;Aceite de salvado de arroz;
17400;Aceite de sésamo;
17420;Aceite de soja;
17440;Aceite de girasol;
17630;Aceite de hígado de bacalao;
17640;Aceite de sardina;
17645;Aceite de salmón;
17650;Aceite de arenque;
17700;Aceite combinado (mezcla de aceites);
17701;Aceite combinado, mezcla de aceite de oliva y de semillas;
17850;Aceite de cáñamo;
17900;Aceite de argán;
18001;Refresco gaseoso aromatizado, sin fruta, sin azúcares añadidos, con edulcorantes;
18003;Café, molido;
18004;Café, no instantáneo, sin azúcares añadidos, listo para beber;
18005;Café, polvo soluble;café soluble
18007;Cóctel o bebida aperitivo sin alcohol a base de zumos de fruta sin sirope;
18009;Agua mineral, embotellada, de mineralización débil (promedio);
18010;Limonada gaseosa (refresco), con azúcar;gaseosa
18011;Agua de coco;
18012;Bebida de agua mineral o de manantial, aromatizada, con azúcar;
18013;Tónica o bitter, sin azúcares añadidos, con edulcorantes;
18014;Tónica o bitter, con azúcar y edulcorantes;
18015;Bebida de té, aromatizada, con azúcar y edulcorantes;
18016;Limonada gaseosa (refresco), con azúcar y edulcorantes;
18017;Sirope para diluir, con azúcar;
18018;Cola, con azúcar;coca-cola
18019;Refresco gaseoso de frutas (fruta >= 10 % y < 50 %), con azúcar;
18020;Té, infusionado, sin azúcares añadidos;
18021;Bebida sin gas de frutas (fruta < 10 %), sin azúcares añadidos, con edulcorantes;
18022;Infusión de hierbas, sin azúcares añadidos;
18023;Bebida sin gas de frutas (fruta < 10 %), con azúcar;
18024;Bebida sin gas de frutas (fruta >= 10 % y < 50 %), con azúcar y edulcorantes;
18025;Kombucha, envasada;
18026;Refresco gaseoso aromatizado, sin fruta, con azúcar;
18028;Bebida de agua mineral o de manantial, aromatizada, sin azúcares añadidos ni edulcorantes;
18029;Bebida refrescante sin alcohol (promedio);
18030;Bebida de agua mineral o de manantial, aromatizada, sin azúcares añadidos, con edulcorantes;
18033;Refresco gaseoso de frutas (fruta < 10 %), con azúcar y edulcorantes;
18034;Refresco gaseoso de frutas (fruta >= 10 % y < 50 %), con azúcar y edulcorantes;
18035;Limonada gaseosa (refresco), sin azúcares añadidos, con edulcorantes;
18037;Cola, con azúcar y edulcorantes;
18039;Diabolo (limonada gaseosa con sirope), con azúcar;
18041;Leche de coco;
18044;Agua mineral (promedio);
18045;Agua mineral, embotellada, sin gas (promedio);
18046;Agua mineral, embotellada, con gas (promedio);
18048;Refresco gaseoso de frutas (contenido en zumo sin especificar), con azúcar (promedio);
18049;Refresco gaseoso de frutas (fruta < 10 %), con azúcar;
18050;Refresco gaseoso de frutas (fruta < 10 %), reducido en azúcares;
18051;Refresco gaseoso de frutas (fruta >= 10 % y < 50 %), sin azúcares añadidos, con edulcorantes;
18057;Bebida preparada con concentrado para diluir (menta, fresa, etc.), sin azúcares añadidos, con edulcorantes, tipo sirope 0 %, diluida en agua;
18058;Bebida preparada con sirope para diluir (menta, fresa, etc.), con azúcar, diluida en agua;
18059;Concentrado para diluir, sin azúcares añadidos, con edulcorantes, tipo sirope 0 %;
18060;Cola, sin azúcares añadidos, con edulcorantes;cola zero
18062;Bebida de té, aromatizada, contenido en azúcares y edulcorantes sin especificar (promedio);
18063;Cola, contenido en azúcares y edulcorantes sin especificar (promedio);
18064;Bebida de té, aromatizada, reducida en azúcares;
18065;Bebida de té, aromatizada, sin azúcares añadidos, con edulcorantes;
18066;Agua del grifo;
18067;Cola, con azúcar, sin cafeína;
18068;Cola, sin azúcares añadidos, con edulcorantes, sin cafeína;
18069;Café descafeinado, polvo soluble;
18070;Café descafeinado, no instantáneo, sin azúcares añadidos, listo para beber;
18071;Café expreso, no instantáneo, sin azúcares añadidos, listo para beber;
18072;Café descafeinado, instantáneo, sin azúcares añadidos, listo para beber;
18073;Café, instantáneo, sin azúcares añadidos, listo para beber;
18075;Bebida de té, aromatizada, con azúcar;
18076;Té, hoja;
18078;Refresco gaseoso aromatizado, sin fruta, con azúcar y edulcorantes;
18100;Cacao, sin azúcares añadidos, polvo soluble;
18101;Polvo de chocolate para bebida, azucarado;
18104;Chocolate caliente, bebida instantánea, azucarada, lista para beber (reconstituida con leche semidesnatada);
18106;Chocolate caliente, bebida instantánea, azucarada, enriquecida en vitaminas, lista para beber (reconstituida con leche semidesnatada);
18107;Bebida de almendra, natural, sin azúcares añadidos, no enriquecida, envasada;
18110;Bebida de almendra, azucarada, enriquecida en calcio, envasada;
18111;Bebida de almendra, envasada (promedio);
18112;Bebida vegetal, envasada (promedio);
18113;Bebida de soja, envasada (promedio);
18150;Achicoria y café, polvo soluble;
18151;Café con leche o capuchino, instantáneo o no, sin azúcares añadidos, listo para beber;
18152;Achicoria, polvo soluble;
18153;Achicoria y café, instantáneo, sin azúcares añadidos, listo para beber (reconstituido con leche semidesnatada);
18154;Té negro, infusionado, sin azúcares añadidos;
18155;Té verde, infusionado, sin azúcares añadidos;
18160;Café con leche o capuchino, polvo soluble;
18161;Achicoria, instantánea, sin azúcares añadidos, lista para beber (reconstituida con leche semidesnatada);
18162;Achicoria y café, instantáneo, sin azúcares añadidos, listo para beber (reconstituido con agua);
18163;Café con leche o capuchino con chocolate, polvo soluble;
18167;Polvo de chocolate para bebida, azucarado, enriquecido en vitaminas y minerales;
18168;Polvo de chocolate para bebida, azucarado, enriquecido en vitaminas;
18220;Especialidad de limón para diluir en bebidas o usos culinarios, sin azúcares añadidos;
18294;Bebida plana de frutas (contenido en frutas < 10 %), azucarada, en fresco, enriquecida en vitamina(s);
18295;Bebida plana de frutas (contenido en frutas >= 10 % y < 50 %), azucarada, enriquecida en vitamina(s);
18296;Bebida de frutas con puré de frutas tipo smoothie (contenido en frutas >= 50 %), enriquecida en vitamina(s);
18297;Bebida plana de frutas (contenido en frutas >= 50 %), ambiente, enriquecida en vitamina(s);
18298;Bebida plana de frutas (contenido en frutas >= 50 %), ambiente;
18299;Limonada, bebida plana de limón (contenido en frutas >= 10 % y < 50 %), azucarada;
18300;Bebida de frutas con puré de frutas tipo smoothie (contenido en frutas >= 50 %), sin azúcares añadidos, en fresco;
18304;Bebida plana de frutas (contenido en frutas >= 10 % y < 50 %), reducida en azúcares;
18305;Bebida plana de frutas (contenido en frutas >= 10 % y < 50 %), sin azúcares añadidos;
18306;Bebida de aloe vera, azucarada;
18309;Bebida plana de frutas (contenido en frutas no especificado), azucarada;
18315;Bebida plana de frutas y verduras;
18316;Kéfir de agua y frutas, envasado;
18324;Bebida energética, sin precisar el contenido en azúcares y edulcorantes (promedio);
18325;Bebida plana de frutas (contenido en frutas no especificado), sin precisar el contenido en azúcares y edulcorantes ni el enriquecimiento (promedio);
18326;Bebida de agua mineral o de manantial, aromatizada, sin precisar el contenido en azúcares y edulcorantes (promedio);
18327;Limonada, sin precisar el contenido en azúcares y edulcorantes (promedio);
18328;Bebida preparada a partir de sirope o bebida concentrada para diluir tipo menta, fresa, etc., diluida en agua, sin precisar el contenido en azúcares y edulcorantes (promedio);
18329;Bebida gaseosa aromatizada, sin fruta, sin precisar el contenido en azúcares y edulcorantes (promedio);
18339;Bebida plana de frutas (contenido en frutas >= 10 % y < 50 %), azucarada;
18340;Bebida gaseosa de frutas (contenido en frutas < 10 %), sin azúcares añadidos, con edulcorantes;
18341;Bebida gaseosa de manzana (contenido en frutas >= 50 %), sin azúcares añadidos;
18343;Bebida de frutas y leche;
18344;Tónica o bitter, azucarada;
18345;Bebida gaseosa de frutas (contenido en frutas < 10 %), sin azúcares añadidos, sin edulcorantes;
18347;Bebida de savia de abedul;
18348;Bebida para el deporte, azucarada;
18349;Bebida para el deporte, azucarada, con edulcorantes;
18352;Bebida energética, azucarada;
18353;Bebida energética, sin azúcares añadidos, con edulcorantes, enriquecida en vitaminas;
18354;Bebida energética, azucarada, con edulcorantes;
18356;Tónica o bitter, sin precisar el contenido en azúcares y edulcorantes (promedio);
18430;Agua de manantial gaseosa o plana;
18899;Bebida de avena, natural, sin azúcares añadidos, no enriquecida, envasada;
18900;Bebida de soja, natural, no enriquecida, envasada;
18901;Bebida de soja, natural, enriquecida en calcio, envasada;
18902;Bebida de soja, aromatizada, azucarada, no enriquecida, envasada;
18903;Bebida de soja, aromatizada, azucarada, enriquecida en calcio, envasada;
18904;Bebida de arroz, natural, envasada;
18906;Bebida de castaña, natural, envasada;
18907;Bebida de coco, natural, envasada;
19000;Leche de mezcla general, a granel;
19012;Leche de crecimiento infantil, líquida (alimento lácteo destinado a niños pequeños);
19013;Leche primer edad, lista para consumir (preparación para lactantes);
19014;Leche segundo edad, lista para consumir (preparación de continuación);
19016;Leche entera (promedio);
19021;Leche en polvo, entera;
19023;Leche entera, UHT;
19024;Leche entera, pasterizada;
19026;Leche condensada sin azúcares añadidos, entera;
19027;Leche condensada azucarada, entera;
19033;Leche semidesnatada (promedio);
19037;Leche semidesnatada, UHT, enriquecida en vitamina D;
19038;Leche, 1,2 % MG, UHT, enriquecida en vitaminas;
19039;Leche, sin precisar el contenido en materia grasa, UHT (promedio);
19041;Leche semidesnatada, UHT;
19042;Leche semidesnatada, pasterizada;
19044;Leche en polvo, semidesnatada;
19050;Leche desnatada, UHT;
19051;Leche desnatada, pasterizada;
19054;Leche en polvo, desnatada;
19060;Leche semidesnatada (o con contenido en materia grasa ligeramente inferior), UHT, reducida en lactosa;
19114;Bebida láctea aromatizada con vainilla, azucarada, con leche parcialmente desnatada, enriquecida en vitamina D;
19116;Bebida láctea aromatizada al café, azucarada, con leche parcialmente desnatada, enriquecida en vitamina(s) y/o minerales;
19117;Bebida láctea aromatizada al café, azucarada, con leche parcialmente desnatada, no enriquecida;
19118;Bebida láctea aromatizada con chocolate, azucarada, con leche parcialmente desnatada, no enriquecida;
19119;Bebida láctea aromatizada con chocolate, azucarada, con leche parcialmente desnatada, enriquecida en vitamina(s) y/o minerales;
19120;Bebida láctea aromatizada (sin precisar el aroma), azucarada, con leche parcialmente desnatada, enriquecida y/o restaurada en vitamina(s) y/o minerales (promedio);
19127;Bebida láctea aromatizada con fresa, azucarada, con leche parcialmente desnatada, enriquecida en vitamina D;
19200;Leche de cabra, entera, UHT;
19201;Leche de cabra, semidesnatada, UHT;
19202;Leche de cabra, entera, cruda;
19225;Leche de yegua, entera;
19250;Leche de oveja, entera;
19402;Nata o especialidad a base de nata ligera, sin precisar el contenido en materia grasa (promedio);
19403;Nata o especialidad a base de nata ligera, sin precisar el contenido en materia grasa, fluida (promedio);
19404;Nata o especialidad a base de nata ligera, sin precisar el contenido en materia grasa, espesa o semiespesa (promedio);
19410;Nata, 30 % MG, espesa, en fresco;
19411;Nata de Isigny, >= 35 % MG;
19415;Nata, 30 % MG, semiespesa, UHT;
19417;Nata, 30 % MG, fluida, UHT;
19420;Nata montada, bajo presión, UHT;
19430;Nata, 12-25 % MG, ligera, semiespesa, UHT;
19431;Nata, 12-25 % MG, ligera, espesa, en fresco;
19432;Especialidad a base de nata ligera, 4-5 % MG, fluida o espesa;
19433;Especialidad a base de nata ligera, aproximadamente 4 % MG, fluida o espesa;
19434;Especialidad culinaria a base de nata y aromáticos, 19 % MG, para cocinar;
19435;Especialidad culinaria a base de nata ligera y aromáticos, 12 % MG, para cocinar;
19436;Nata, 12-20 % MG, ligera, fluida, en fresco;
19500;Leche fermentada para beber, aromatizada, con edulcorantes, reducida en azúcares, 0 % MG, con L Casei;
19501;Queso blanco, natural o con frutas (promedio);
19508;Leche fermentada o yogur para beber, aromatizado, azucarado;
19516;Leche fermentada para beber, aromatizada, azucarada, con L Casei;
19534;Leche fermentada o yogur para beber, aromatizado, azucarado, enriquecido en vitamina D;
19535;Leche fermentada o yogur para beber, con frutas, azucarado;
19536;Leche fermentada o yogur para beber, con frutas, azucarado, enriquecido en vitamina D;
19538;Leche fermentada para beber, natural, azucarada, con L Casei;
19539;Leche fermentada tipo yogur con bífidus, aromatizada, azucarada;
19541;Leche fermentada tipo yogur con bífidus, con frutas, 0 % MG, con edulcorantes;
19542;Leche fermentada tipo yogur con bífidus, con frutas, azucarada;
19543;Leche fermentada tipo yogur con ésteres de esterol, con frutas, 0 % MG, con edulcorantes;
19544;Leche fermentada tipo yogur con bífidus, natural, 0 % MG;
19546;Leche fermentada tipo yogur con bífidus, natural;
19550;Yogur al estilo griego, natural, de leche de oveja;
19551;Leche fermentada para beber, aromatizada, azucarada, enriquecida en vitamina D, con L Casei;
19552;Yogur al estilo griego, sobre lecho de frutas, azucarado;
19553;Yogur de leche de oveja, aromatizado, azucarado;
19554;Yogur de leche de oveja, natural, aproximadamente 3 % MG;
19555;Yogur de leche de oveja, sobre lecho de frutas, azucarado;
19556;Yogur de leche de cabra, natural;
19557;Yogur o leche fermentada, sobre lecho de frutas, azucarado;
19559;Yogur o leche fermentada, aromatizado, 0 % MG, con edulcorantes;
19572;Queso fresco tipo petit suisse, aromatizado con chocolate, azucarado;
19574;Yogur o leche fermentada, aromatizado, 0 % MG, con edulcorantes, enriquecido en vitamina D;
19575;Yogur o leche fermentada, aromatizado, azucarado;
19577;Yogur o leche fermentada, aromatizado, con nata, azucarado;
19578;Yogur o leche fermentada, aromatizado, azucarado, enriquecido en vitamina D;
19579;Yogur o leche fermentada, con cereales;
19580;Yogur o leche fermentada, con virutas de chocolate, con nata, azucarado;
19581;Yogur o leche fermentada, con frutas, 0 % MG, con edulcorantes;
19582;Yogur o leche fermentada, con frutas, 0 % MG, con edulcorantes, enriquecido en vitamina D;
19584;Mascarpone;
19587;Yogur o leche fermentada, con frutas, azucarado;
19589;Yogur o leche fermentada, con frutas, con nata, azucarado;
19590;Mozzarella de leche de vaca;
19591;Mozzarella de leche de búfala;
19592;Yogur o leche fermentada, con frutas, azucarado, enriquecido en vitamina D;
19593;Yogur o leche fermentada, natural;
19594;Yogur o leche fermentada, natural, 0 % MG;
19596;Yogur o leche fermentada, natural, 0 % MG, enriquecido en vitamina D;
19598;Yogur o leche fermentada, natural, con nata;
19599;Yogur o leche fermentada, natural, azucarado;
19600;Yogur o leche fermentada, natural, sin precisar el contenido en materia grasa y azúcar (promedio);
19624;Yogur o leche fermentada, natural o con frutas (promedio);
19628;Yogur o leche fermentada, con frutas (promedio);
19638;Cuajada escurrida con salsa de frutas;
19639;Cuajada escurrida, 0 % MG;
19641;Cuajada escurrida, aproximadamente 6 % MG;
19643;Queso blanco y nata montada, sobre lecho de frutas, azucarado;
19644;Queso blanco, natural, 0 % MG;
19645;Queso blanco, natural, 0 % MG, enriquecido en vitamina D;
19646;Queso blanco, natural, 2-3 % MG;
19648;Queso blanco, natural, 2-3 % MG, enriquecido en vitamina D;
19650;Queso blanco y nata montada, natural;
19654;Queso blanco o especialidad láctea, con virutas de chocolate, 7-8 % MG, azucarado;
19656;Queso blanco o especialidad láctea, con frutas, 0 % MG, azucarado;
19657;Queso blanco o especialidad láctea, con frutas, 2-3 % MG, azucarado;
19659;Queso blanco o especialidad láctea, con frutas, 6-7 % MG, azucarado;
19660;Queso blanco o especialidad láctea, sobre lecho de frutas, 7-8 % MG, azucarado;
19663;Queso fresco tipo petit suisse, natural, 0 % MG;
19664;Queso fresco tipo petit suisse, natural, aproximadamente 4 % MG;
19665;Mousse de queso blanco sobre lecho de frutas, 0 % MG, con edulcorantes, enriquecida en calcio y vitamina D;
19666;Queso fresco tipo petit suisse, natural, aproximadamente 10 % MG;
19669;Especialidad láctea rica en proteínas, sobre lecho de frutas, azucarada;
19671;Yogur o leche fermentada, aromatizado o con frutas, 0 % MG (promedio);
19672;Yogur o leche fermentada, aromatizado o con frutas, sin reducción de materia grasa (promedio);
19673;Crema de postre, reducida en materia grasa, en fresco;
19674;Flan con huevo, en fresco;
19675;Yogur o leche fermentada, aromatizado o con frutas, con edulcorantes (promedio);
19676;Yogur o leche fermentada, aromatizado o con frutas, azucarado (promedio);
19677;Yogur o leche fermentada, aromatizado o con frutas, sin reducción de materia grasa, azucarado (promedio);
19678;Leche cuajada aromatizada, en fresco;
19679;Leche gelificada aromatizada, cubierta de caramelo, en fresco;
19680;Leche gelificada aromatizada, en fresco;
19681;Lieja o vienesa (chocolate, café, caramelo o vainilla), en fresco;
19682;Yogur o leche fermentada, aromatizado o con frutas (promedio);
19684;Huevos a la leche, en fresco;
19685;Panna cotta, con preparación de frutas o caramelo, en fresco;
19686;Especialidad láctea o postre lácteo, aromatizado, bajo en materia grasa, azucarado, con edulcorantes, en fresco;
19688;Baba al ron, en fresco;
19691;Queso blanco o especialidad láctea, con frutas, 0 % MG, con edulcorantes, azucarado, enriquecido en vitamina D;
19692;Postre de soja, con frutas, azucarado, enriquecido en calcio, fermentado, en fresco;
19693;Postre de soja, natural, sin azúcares añadidos, no enriquecido, fermentado, en fresco;
19694;Postre de soja, natural, sin azúcares añadidos, enriquecido en calcio, fermentado, en fresco;
19695;Postre de soja, con frutas, azucarado, no enriquecido, fermentado, en fresco;
19696;Postre de soja, con almendras, azucarado, enriquecido en vitaminas y minerales, fermentado, en fresco;
19697;Queso blanco o especialidad láctea, aromatizado, 0 % MG, con edulcorantes, azucarado, enriquecido en vitamina D;
19698;Tiramisú al café, en fresco;
19699;Tiramisú con frutas, en fresco;
19705;Queso blanco o especialidad láctea, aromatizado, 0 % MG, con edulcorantes, azucarado;
19707;Queso blanco o especialidad láctea, sobre lecho de frutas, 0 % MG, con edulcorantes, azucarado, enriquecido en vitamina D;
19708;Queso blanco o especialidad láctea, sobre lecho de frutas, 0 % MG, con edulcorantes, sin azúcares añadidos, enriquecido en vitamina D;
19709;Queso blanco o especialidad láctea, aromatizado, 0 % MG, con edulcorantes, sin azúcares añadidos;
19711;Queso blanco, natural, 7-8 % MG;
19712;Queso blanco de leche de oveja, natural, aproximadamente 5 % MG;
19713;Queso blanco de leche de cabra, natural, aproximadamente 7 % MG;
19714;Queso blanco o especialidad láctea, aromatizado, 0 % MG, azucarado;
19715;Queso blanco o especialidad láctea, aromatizado, 2-3 % MG, azucarado;
19716;Queso blanco, natural, 2-3 % MG, azucarado;
19718;Queso blanco o especialidad láctea, aromatizado, 7-8 % MG, azucarado;
19719;Queso fresco tipo petit suisse, con frutas, 2-3 % MG, azucarado;
19720;Queso fresco tipo petit suisse, con frutas, 2-3 % MG, azucarado, enriquecido en vitamina D;
19721;Queso fresco tipo petit suisse, aromatizado, 2-3 % MG, azucarado;
19722;Queso fresco tipo petit suisse, aromatizado, 2-3 % MG, azucarado, enriquecido en vitamina D;
19723;Yogur o leche fermentada, natural, enriquecido en vitamina D;
19724;Especialidad láctea rica en proteínas, natural;
19725;Queso blanco o especialidad láctea, sobre lecho de frutas, 0 % MG, azucarado;
19726;Yogur o leche fermentada, natural, azucarado, enriquecido en vitamina D;
19727;Yogur de leche de cabra, con frutas, azucarado;
19728;Yogur de leche de cabra, sobre lecho de frutas, azucarado;
19733;Yogur o leche fermentada, sobre lecho de frutas, con nata, azucarado;
19801;Leche fermentada para beber o leche agria, natural, desnatada;
19805;Leche fermentada para beber o leche agria, natural, leche entera;
19852;Mousse de crema de castañas, en fresco;
19860;Yogur al estilo griego, natural;
19862;Yogur al estilo griego, aromatizado, azucarado;
19863;Tzatziki a base de yogur, envasado;
19864;Tzatziki a base de queso blanco, envasado;
19865;Kéfir de leche;
19882;Yogur de leche de oveja, natural, aproximadamente 6 % MG;
19999;Pimiento, verde, amarillo o rojo, cocido (promedio);
20000;Alcachofa, cocida;
20002;Berenjena, cocida;
20003;Remolacha, cocida;
20004;Acelga, tallo sin hojas, crudo;
20005;Acelga, tallo sin hojas, cocida;
20007;Zanahoria, en conserva, escurrida;
20009;Zanahoria, cruda;
20010;Champiñón, todos los tipos, crudo;
20011;Champiñón, todos los tipos, en conserva, escurrido;
20012;Lechuga o escarola rizada, cruda;
20014;Repollo rojo, crudo;
20015;Repollo verde, cocido;
20016;Coliflor, cruda;
20017;Coliflor, hervida;
20018;Corazón de palma, en conserva, escurrido;
20019;Pepino, pulpa y piel, crudo;
20020;Calabacín, pulpa y piel, crudo;
20021;Calabacín, pulpa y piel, cocido;
20022;Berro, crudo;
20023;Apio rama, crudo;
20025;Apio nabo, cocido;
20026;Endibia, cruda;
20027;Espinaca, cocida;
20028;Hinojo, crudo;
20029;Brote germinado de judía mungo o de soja, en conserva, escurrido;
20030;Judía verde, cocida;
20031;Lechuga, cruda;
20033;Nabo, cocido;
20034;Cebolla, cruda;
20035;Cebolla, cocida;
20036;Guisante, en conserva, escurrido;
20037;Guisante, cocido;
20038;Diente de león, crudo;
20039;Puerro, crudo;
20041;Pimiento, verde, amarillo o rojo, crudo;
20044;Calabaza, cruda;
20045;Rábano, crudo;
20046;Salsifí, cocido;
20048;Tomate, pelado, en conserva, escurrido;
20049;Maíz dulce, mazorca, cocido;
20050;Tupinambo, cocido;
20051;Ensalada de verduras mixtas, en conserva, escurrida;
20052;Alcachofa, cruda;
20053;Berenjena, cruda;
20054;Cardo, crudo;
20055;Apio nabo, crudo;
20056;Champiñón de París o champiñón cultivado, crudo;
20057;Brócoli, crudo;
20058;Coles de Bruselas, cruda;
20059;Espinaca, cruda;
20060;Espinaca, en conserva, escurrida;
20061;Judía verde, cruda;
20062;Judía verde, en conserva, escurrida;
20063;Judía mantequilla, en conserva, escurrida;
20064;Nabo, pelado, crudo;
20065;Colinabo, crudo;
20066;Maíz dulce, en conserva, escurrido;
20067;Alcachofa, en conserva, escurrida;
20068;Tomate, concentrado, en conserva;
20069;Repollo verde, crudo;
20070;Judía verde, congelada, cruda;
20071;Judía verde, congelada, cocida;
20072;Guisante, crudo;
20074;Alcachofa, cocida al vapor;
20076;Espárrago, en conserva, escurrido;
20077;Coles de Bruselas, en conserva, escurrida;
20078;Apio rama, en conserva, escurrido;
20079;Champiñón de París o champiñón cultivado, en conserva, escurrido;
20081;Salsifí, en conserva, escurrido;
20082;Coliflor, congelada, cruda;
20083;Espinaca, picada o en puré o en ramas, congelada, cruda;
20084;Guisante, congelados, crudos;
20085;Pimiento verde, crudo;
20086;Pimiento verde, cocido;
20087;Pimiento rojo, crudo;
20088;Pimiento rojo, cocido;
20089;Rábano negro, crudo;
20090;Escarola, cruda;
20091;Remolacha, cruda;
20092;Zanahoria, deshidratada;
20093;Guisante y zanahoria, en conserva, escurridos;
20094;Colinabo, hervido;
20095;Repollo rojo, hervido;
20096;Calabaza, cocida;
20097;Chalota, cruda;
20099;Canónigos, cruda;
20101;Verduras mixtas, congeladas, crudas;
20102;Champiñón de París o champiñón cultivado, hervido;
20103;Champiñón chanterela o rebozuelo, crudo;
20105;Champiñón seta de chopo, crudo;
20108;Maíz dulce, mazorca, congelado, crudo;
20111;Acedera, cruda;
20114;Champiñón ostra, crudo;
20116;Repollo blanco, crudo;
20118;Hinojo, hervido;
20119;Tomate verde, crudo;
20123;Lechuga variedad batavia, cruda;
20124;Guisante, congelados, cocidos;
20125;Champiñón de París o champiñón cultivado, salteado, sin grasa;
20128;Calabaza moscada, pulpa sin piel, cruda;
20132;Potimarrón, pulpa sin piel, cruda;
20134;Calabaza hokkaido verde dulce, pulpa sin piel, cruda;
20136;Calabaza melonete, pulpa sin piel, cruda;
20137;Tomate, pelado, en conserva, en jugo, sin escurrir;
20138;Calabaza butternut, pulpa sin piel, cruda;
20139;Calabaza, todos los tipos, cruda;
20141;Calabaza butternut, pulpa sin piel, hervida;
20143;Calabaza espagueti, pulpa sin piel, cocida;
20145;Calabaza espagueti, pulpa sin piel, cruda;
20151;Chile, crudo;
20155;Alcachofa, corazón, en conserva, escurrido;
20156;Alcachofa, fondo, en conserva, escurrido;
20158;Tetragonia, cocida;
20160;Champiñón boleto, crudo;
20162;Endibia roja, cruda;
20163;Endibia verde, cruda;
20165;Nabo sueco, cocido;
20166;Calabaza, pulpa sin piel, cruda;
20167;Repollo chino pe-tsai, crudo;
20168;Pimiento amarillo, crudo;
20169;Tomate, pulpa, en conserva;
20170;Tomate, puré, en conserva;
20171;Lechuga romana, cruda;
20172;Tomate cereza, crudo;
20173;Guisante tirabeque o come-tudo, crudo;
20180;Cebolla, deshidratada;
20181;Chirivía, cruda;
20183;Brote germinado de judía mungo o de soja, crudo;
20188;Brotes de bambú, en conserva, escurridos;
20192;Tomate costoludo o de corazón de buey, crudo;
20194;Judías blancas en salsa de tomate, en conserva;
20195;Judía mantequilla, cruda;
20196;Tupinambo, crudo;
20197;Salsifí negro o escorzonera de España, crudo;
20198;Brote de bambú, crudo;
20199;Mastuerzo, crudo;
20200;Lechuga iceberg, cruda;
20201;Nabo sueco, crudo;
20203;Judía mantequilla, congelada, cruda;
20204;Brócoli, congelado, crudo;
20206;Coles de Bruselas, congeladas, crudas;
20208;Zanahoria, congelada, cruda;
20210;Pepino, pulpa sin piel, crudo;
20211;Champiñón shiitake, deshidratado;
20212;Champiñón shiitake, cocido;
20214;Guisante y zanahoria, congelados, crudos;
20216;Guisante tirabeque, hervido;
20217;Rúcula, cruda;
20218;Repollo rizado, crudo;
20219;Repollo rizado, cocido;
20221;Repollo chino pe-tsai, salteado;
20228;Champiñón de París o champiñón cultivado, congelado, crudo;
20230;Calabacín, pulpa y piel, congelado, crudo;
20231;Crosne o cardamomo, congelado, crudo;
20232;Alcachofa, fondo, congelada, cruda;
20233;Maíz dulce, congelado, crudo;
20234;Nabo, congelado, crudo;
20235;Cebolla, congelada, cruda;
20236;Puerro, congelado, crudo;
20237;Salsifí, congelado, crudo;
20238;Cebolla roja, cruda;
20239;Cebolla amarilla, cruda;
20240;Piperade vasca, envasada;
20241;Cardo, cocido;
20242;Tomate, pulpa y piel, hervido;
20243;Guisante tirabeque, cocido;
20246;Potaje de verduras, desde 4-6 meses;
20247;Potaje de verduras con fécula, desde 4-6 meses;
20248;Plato de verduras con fécula, desde 6-8 meses;
20249;Plato de verduras con fécula y leche/nata, desde 6-8 meses;
20250;Plato de verduras con fécula y leche/nata, desde 8-12 meses;
20251;Plato de verduras con fécula y leche/nata, desde 12 meses;
20252;Sopa para bebé de verduras y patata;
20253;Sopa para bebé de verduras, cereales y leche;
20254;Plato de verduras con fécula y leche/nata, desde 18 meses;
20255;Chalota, cocida;
20257;Judía verde, puré;
20258;Verduras, mezcla de 3-4 tipos, puré;
20259;Brócoli, puré;
20260;Tomate, coulis, en conserva (puré de tomate semirrducido al 11 %);
20261;Zanahoria, puré;
20262;Sofrito de verduras condimentadas sin champiñón, congelado, crudo;
20263;Verduras para sopas, congeladas, crudas;
20264;Calabacín, puré;
20265;Verduras, finamente cortadas o en dados, congeladas, crudas;
20266;Verduras para ratatouille, congeladas;
20267;Verduras primaverales o jardineras, congeladas, crudas (guisantes, patatas, judías verdes, zanahorias, cebolla);
20268;Tomate, concentrado doble, en conserva;
20269;Judía plana, cruda;
20270;Espinaca, brotes jóvenes para ensaladas, cruda;
20271;Ensalada de verduras mixtas, precalentada, lista para cocinar, congelada;
20272;Mesclún o ensalada, mezcla de brotes jóvenes;
20273;Sofrito de verduras condimentadas a la asiática o wok de verduras, congelado, crudo;
20274;Salteado de verduras condimentadas a la plancha, estilo mediterráneo, congelado, crudo;
20275;Pimiento rojo, en conserva, escurrido;
20276;Tomate redondo, crudo;
20277;Espárrago blanco, hervido;
20278;Apio nabo, puré;
20279;Espárrago verde, crudo;
20280;Coliflor romanesca o brócoli romanesco, crudo;
20282;Espárrago blanco o violeta, pelado, crudo;
20283;Sapillo de mar, crudo;
20284;Guisante, puré;
20288;Lechuga sucrina, cruda;
20289;Tomate, pulpa y piel, asado;
20290;Coliflor romanesca o brócoli romanesco, cocido;
20291;Potimarrón, pulpa sin piel, estofado;
20292;Calabaza butternut, pulpa sin piel, cocida;
20293;Judía coco, hervida;
20295;Lechuga variedad roble, cruda;
20296;Hojas de repollo chino o bok choy o pak choï, tallos y hojas, al vapor, de La Reunión;
20297;Chayota o christophina, sin piel, sin hueso, al vapor, de La Reunión;
20298;Zanahoria, puré culinario con nata, envasada;
20299;Espárrago verde, hervido;
20300;Berenjena, pulpa y piel, asada;
20301;Acelga, tallo y hoja, hervida;
20302;Brócoli, hervido, crujiente;
20303;Brócoli, hervido, tierno;
20304;Brócoli, al vapor;
20305;Zanahoria, hervida, crujiente;
20306;Zanahoria, hervida, tierna;
20307;Zanahoria, al vapor;
20308;Repollo blanco, hervido;
20309;Coles de Bruselas, hervida;
20310;Repollo rojo, estofado;
20311;Repollo verde, hervido;
20312;Coliflor, al vapor;
20313;Calabacín, pulpa y piel, asado;
20314;Apio rama, estofado;
20315;Apio nabo, hervido;
20316;Endibia, asada;
20317;Hinojo, estofado;
20318;Judía mantequilla, hervida;
20320;Judía verde, hervida;
20321;Nabo, hervido;
20322;Cebolla blanca o amarilla, salteada sin grasa;
20323;Cebolleta o cebolla tierna, salteada sin grasa;
20324;Cebolla roja, salteada;
20325;Chirivía, estofada;
20326;Guisante, hervido;
20327;Puerro, hervido;
20328;Pimiento amarillo, salteado;
20329;Pimiento rojo, salteado;
20330;Pimiento verde, salteado;
20331;Potimarrón, pulpa sin piel, hervido;
20332;Calabaza, asada;
20333;Salsifí, hervido;
20335;Chalota, salteada sin grasa;
20336;Espinaca, hervida;
20337;Salchicha vegetal de tofu (apta para veganos), envasada;
20338;Salchicha de tofu (no apta para veganos), envasada;
20339;Repollo chino pak choï o pak choy, cocido;
20340;Repollo chino pak choï o pak choy, crudo;
20346;Repollo kale, crudo;
20349;Espárrago, hervido (promedio);
20350;Brócoli, hervido (promedio);
20351;Brócoli, cocido (promedio);
20352;Zanahoria, hervida (promedio);
20353;Zanahoria, cocida (promedio);
20354;Apio rama, cocido (promedio);
20355;Repollo rojo, cocido (promedio);
20356;Hinojo, cocido (promedio);
20357;Potimarrón, pulpa sin piel, cocida (promedio);
20358;Tomate, pulpa y piel, cocida (promedio);
20359;Lenteja, seca (promedio);
20360;Lenteja, hervida (promedio);
20385;Tomate sin precisar, cruda (promedio);
20496;Verduras para cuscús, congeladas, crudas;
20497;Verduras para cuscús, cocidas;
20498;Sofrito de verduras condimentadas con champiñones campestres, congelado;
20499;Verdura cocida (promedio);
20500;Haba, hervida;
20501;Judía blanca, seca;
20502;Judía blanca, hervida;
20503;Judía roja, hervida;
20506;Guisante partida, hervida;
20507;Garbanzo, hervido;
20508;Judía flageolet, en conserva, escurrida;
20510;Lenteja, culinaria, en conserva, escurrida;
20511;Judía blanca, en conserva, escurrida;
20513;Judía flageolet, hervida;
20515;Guisante partida, seca;
20516;Garbanzo, seco;
20517;Haba para desgranar, fresca, cruda;
20518;Haba, seca;
20521;Brotes germinados de lenteja, frescos, crudos;
20524;Judía roja, en conserva, escurrida;
20525;Judía roja, seca;
20527;Frijol de ojo negro verde, fresco, crudo;
20529;Judía de Lima o guisante de soja o guisante de Cabo, cruda;
20530;Judía mungo, seca;
20531;Judía mungo, fresca, hervida;
20532;Garbanzo, en conserva, escurrido;
20534;Lupino, semilla, seca;
20535;Lenteja coral, seca;
20537;Judía flageolet, fresca, congelada, cruda;
20539;Judía flageolet verde, seca;
20540;Judía flageolet verde, hervida;
20541;Haba, pelada, fresca, congelada, cruda;
20542;Haba, pelada, fresca, congelada, hervida;
20543;Haba, fresca, congelada, hervida;
20584;Tomate racimo, cruda;
20585;Lenteja verde, seca;
20586;Lenteja rubia, seca;
20587;Lenteja verde, hervida;
20588;Lenteja rubia, hervida;
20589;Lenteja coral, hervida;
20590;Crosne, cocido;
20591;Proteína de soja texturizada, rehidratada;
20700;Legumbre seca, cocida (promedio);
20823;Ñame cousse-couche, pulpa, al vapor, de Martinica;
20824;Ñame amarillo, pulpa, al vapor, de Martinica;
20825;Ñame San Martín, pulpa, al vapor, de Martinica;
20832;Batata, pulpa, al vapor, de Martinica;
20901;Soja, semilla entera;
20903;Aislado de soja;
20904;Tofu natural, envasado;
20906;Tofu sedoso, envasado;
20911;Postre de soja, aromatizado, azucarado, enriquecido en calcio, en fresco;
20912;Tofu ahumado, envasado;
20914;Hamburguesa o filete de soja;
20915;Harina de soja integral;
20916;Miso;
20917;Tempeh;
20918;Sirope para frutas en conserva;
20919;Sirope ligero para frutas en conserva;
20921;Postre de soja, aromatizado, azucarado, no enriquecido, en fresco;
20922;Postre vegetal sin soja (almendra, avena, cáñamo, coco, arroz), aromatizado, azucarado, no enriquecido, en fresco;
20923;Postre vegetal sin soja (coco, arroz), con frutas, azucarado, enriquecido en calcio, fermentado, en fresco;
20924;Sirope ligero para pera en conserva;
20925;Postre de soja, aromatizado, azucarado, enriquecido en calcio y vitamina D, en fresco;
20926;Postre de soja, con frutas, azucarado, enriquecido en calcio y vitamina D, fermentado, en fresco;
20927;Postre vegetal sin soja (almendra, avena, cáñamo, coco, arroz), natural, sin azúcares añadidos, no enriquecido, en fresco;
20928;Postre vegetal sin soja, en fresco (promedio);
20929;Postre de soja, en fresco (promedio);
20982;Espirulina (alga), fresca, cruda;
20983;Cresta marina, fresca, cruda;
20985;Lechuga de mar, seca o deshidratada;
20986;Kombu real, seco o deshidratado;
20987;Nori, seco o deshidratado;
20988;Dulse, seco o deshidratado;
20990;Kombu o kombu japonés, seco o deshidratado;
20991;Kombu bretón, seco o deshidratado;
20992;Judía de mar, seca o deshidratada;
20993;Gracilaria u ogonori, seca o deshidratada;
20994;Fucus o alga vesiculosa, seca o deshidratada;
20995;Ao-nori, seca o deshidratada;
20996;Liquen de mar o pioca, seco o deshidratado;
20998;Ascofilo nudoso o goémon negro, seco o deshidratado;
20999;Wakamé atlántico, seco o deshidratado;
21001;Oveja, carne cruda;
21003;Oveja, paletilla cruda;
21004;Oveja, pata cruda;
21005;Oveja, cabeza cruda;
21006;Oveja, pierna cruda;
21500;Cordero, chuleta cruda;
21501;Cordero, chuleta a la plancha o a la sartén;
21502;Cordero, pierna cruda;
21503;Cordero, pierna asada;
21504;Cordero, paletilla cruda;
21505;Cordero, paletilla magra cruda;
21506;Cordero, paletilla asada;
21507;Cordero, paletilla magra asada;
21508;Cordero, cuello estofado o hervido;
21509;Cordero, chuleta de riñonada a la plancha o a la sartén;
21512;Cordero, chuleta de costilla a la plancha o a la sartén;
21513;Cordero, silla, parte magra asada;
21514;Cordero, cuello crudo;
21515;Cordero, silla cruda;
21516;Cordero, solomillo chuleta cruda;
21517;Cordero, chuleta de costilla cruda;
21518;Cordero, pierna a la plancha o a la sartén;
21519;Cordero, pierna estofada;
21520;Cordero, silla, parte magra a la plancha o a la sartén;
21521;Cordero, chuleta, cruda (promedio);
21522;Cordero, chuleta, cocida (promedio);
21523;Cordero, carne, cocida (promedio);
21524;Cordero, chuleta a la plancha o a la sartén (promedio);
21525;Cordero, costilla de costillar cruda;
21800;Chivo, carne cruda;
21801;Chivo, carne cocida;
22000;Huevo crudo;
22001;Huevo, clara, cruda;
22002;Huevo, yema, cruda;
22003;Huevo, yema, en polvo;
22004;Huevo, clara, en polvo;
22008;Huevo, clara, cocida;
22009;Huevo, yema, cocida;
22010;Huevo duro;
22011;Huevo escalfado;
22013;Huevo, en polvo;
22014;Huevo pasado por agua;
22050;Huevo de codorniz, crudo;
22060;Huevo de pato, crudo;
22070;Huevo de oca, crudo;
22080;Huevo de pavo, crudo;
22500;Tortilla natural, casera;
22502;Huevo revuelto, con grasa;
22505;Huevo frito, sin grasa;
22506;Tortilla de queso, casera;
22507;Tortilla con panceta, casera;
22508;Tortilla con champiñones, casera;
22509;Tortilla con cebollino, casera;
22510;Tortilla española con cebollas (tortilla con patatas y cebollas), envasada;
22511;Tortilla, rellenos variados: verduras, quesos, carnes... (promedio);
23000;Pastel (promedio);
23001;Tarta de queso, envasada;
23005;Pastel París-Brest (masa de hojaldre con crema de praliné);
23006;Selva Negra, repostería tipo bizcocho de chocolate y nata multicapas, con o sin cerezas;
23007;Pastel mousse de frutas sobre bizcocho, tipo espejo, bavarois;
23008;Entremeses tipo Ópera;
23009;Fresera o tartera de frambuesas;
23022;Canelé;
23023;Kouign amann, envasado;
23024;Macaron tierno relleno de mermelada o crema;
23027;Macaron seco;
23030;Tronco de Navidad repostero;
23031;Brownies de chocolate con frutos secos, envasados;
23032;Brownies de chocolate, envasados;
23033;Piedra de coco o congolés (pequeño pastel de coco), envasado;
23050;Bizcocho de Saboya;
23080;Bizcocho de mantequilla (mantequilla, huevos, azúcar, harina), artesanal;
23081;Bizcocho de mantequilla, envasado;
23082;Barrita repostera, envasada;
23103;Pastel tierno de limón, envasado;
23120;Pastel bretón relleno de crema de ciruelas, envasado;
23121;Pastel bretón con ciruelas;
23122;Kouign amann, artesanal;
23200;Pan de especias, envasado;
23220;Pan de especias relleno de frutas o tarta fina, envasada;
23300;Baklava o baklawa (repostería oriental con almendras y sirope);
23301;Cuerno de gacela (repostería oriental con almendras en forma de luna cubierta de azúcar lustre);
23399;Masa de hojaldre, envasada, cocida (promedio);
23402;Masa de pizza fina, envasada, cruda;
23410;Masa de hojaldre, grasa vegetal, envasada, cruda;
23412;Masa de hojaldre, grasa vegetal, envasada, cocida;
23414;Masa de hojaldre, mantequilla pura, envasada, cruda;
23415;Masa de hojaldre, mantequilla pura, congelada, envasada, cruda;
23416;Masa de hojaldre, mantequilla pura, envasada, cocida;
23420;Masa de milhojas, grasa vegetal, cruda;
23424;Masa de milhojas, mantequilla pura, envasada, cruda;
23425;Masa de milhojas, mantequilla pura, congelada, envasada, cruda;
23426;Masa de milhojas, mantequilla pura, envasada, cocida;
23430;Feuille de brick o khatfa, envasada, cocida sin grasa;
23440;Masa azucarada, envasada, cruda;
23442;Masa azucarada, envasada, cocida;
23444;Masa azucarada, mantequilla pura, envasada, cruda;
23445;Masa filo o phyllo, cruda;
23446;Masa azucarada, mantequilla pura, congelada, envasada, cruda;
23448;Masa azucarada, mantequilla pura, envasada, cocida;
23455;Repostería de hojaldre con crema, sin precisar (chantilly o pastelera);
23456;Repostería de hojaldre con crema chantilly, Saint-honoré;
23457;Repostería de hojaldre con crema pastelera;
23467;Bolita de hojaldre con azúcar;
23472;Bombas de hojaldre con helado de vainilla y salsa de chocolate;
23474;Bombas de hojaldre (crema pastelera y salsa de chocolate), en fresco;
23477;Pastel relleno de crema;
23479;Tarta de frutas y crema pastelera;
23480;Empanadilla de manzana;
23481;Tarta normanda de manzana (relleno de harina, huevos, nata, azúcar, calvados), artesanal;
23485;Tarta de limón;
23490;Tarta o tartaleta de manzana;
23491;Tarta de fresas, artesanal;
23493;Crumble de manzana, envasado;
23494;Tarta de albaricoques;
23495;Tarta de frutos rojos;
23496;Tarta Tatín de manzana;
23497;Tarta de chocolate, fabricación artesanal;
23498;Tarta o tartaleta de frutas (promedio);
23525;Tarta flan de huevo o a la parisina;
23531;Carlota de frutas;
23534;Pudín de sémola con pasas y caramelo, en fresco;
23536;Pudín de arroz con caramelo, en fresco;
23540;Pastel moka o pastel de café;
23585;Pastel de chocolate, envasado;
23586;Pastel de chocolate tipo fondant o semicocido, envasado;
23588;Pastel o cake de yogur, envasado;
23594;Pastel tierno natural tipo bizcocho, envasado;
23680;Roscón de Reyes de hojaldre, relleno de compota;
23684;Roscón de Reyes de hojaldre, relleno de crema de almendras, y Pithiviers;
23799;Crepe, natural, envasada, en fresco;
23800;Crepe, natural, envasada, a temperatura ambiente;
23801;Galleta de trigo sarraceno, natural, flexible (para rellenar), envasada;
23802;Pastel vasco con crema pastelera;
23803;Pastel vasco con cerezas;
23804;Crepe rellena de chocolate y bolas de cereales crujientes, envasada;
23805;Blinis;
23815;Crepe rellena de azúcar, envasada;
23820;Crepe rellena de mermelada, casera;
23821;Crepe rellena de chocolate o pasta de chocolate y avellanas, casera;
23827;Panqueque (pequeño crepe grueso), azucarada, envasada;
23828;Panqueque rellena de pasta de chocolate y avellanas, envasada;
23829;Crepe rellena de chocolate, envasada;
23830;Crepe rellena de fresa, envasada;
23849;Barquillo fino relleno de miel, caramelo o azúcar morena, envasado;
23850;Gofre belga o de Lieja, natural, artesanal;
23851;Gofre tierno (estilo belga o de Lieja), natural o azucarado, envasado;
23852;Gofre tierno (estilo belga o de Lieja), con chocolate, envasado;
23853;Barquillo crujiente (fino o seco), natural o azucarado, envasado;
23880;Rosquilla o donut redondo tierno, sin relleno, rociado de azúcar;
23881;Rosquilla o donut rellena de frutas (relleno tipo mermelada), envasada;
23885;Rosquilla o donut rellena o cubierta de chocolate o chocolate y avellanas, envasada;
23900;Repostería (promedio);
23909;Pastel de frutas (frutas confitadas y/o pasas), envasado;
23925;Pastel marmolado de chocolate, envasado;
23935;Pastel tierno natural, envasado;
23937;Pastel tierno con frutas, envasado;
23938;Pastel tierno con frutos secos, tipo pastel de la región creusoise, envasado;
23939;Pastel tierno relleno de chocolate, tipo minicake, minirrollo, osito..., envasado;
23941;Pastel tierno relleno de frutas, tipo minirrollo o minicake relleno, envasado;
23943;Pastel tierno con pepitas de chocolate, tipo minicake, envasado;
23944;Pastel tierno relleno de chocolate y cubierto o glaseado de chocolate, envasado;
23945;Pastel tierno relleno de chocolate y leche, cubierto de chocolate, envasado;
23951;Magdalena, con frutas (arándanos y otros), envasada;
23952;Magdalena, con chocolate, envasada;
24000;Galleta seca, sin precisar;
24001;Galleta seca natural;
24002;Galleta seca con contenido de vitaminas garantizado;
24003;Galleta seca con contenido de vitaminas y minerales garantizado;
24004;Galleta seca con frutas, baja en sodio o contenido reducido de sal;
24006;Galleta seca de soja, enriquecida en vitaminas y minerales;
24008;Galleta seca rellena de frutas, reducida en grasa;
24009;Galleta de especias;
24010;Galleta seca, con grasa vegetal;
24011;Galleta seca, surtido;
24012;Galleta seca de chocolate, sin azúcares añadidos, con edulcorantes, enriquecida en vitaminas;
24013;Galleta seca, sin azúcares añadidos, con edulcorante;
24014;Galleta seca con tableta de chocolate y relleno de leche;
24015;Galleta seca de mantequilla;
24016;Galleta seca con tableta de chocolate;
24017;Galleta seca de mantequilla con chocolate (tableta o pepitas);
24018;Galleta seca sin gluten, de mantequilla;
24019;Galleta seca sin gluten, con chocolate;
24020;Galleta seca de cereales integrales;
24021;Galleta seca de mantequilla de trigo integral;
24028;Galleta seca de sésamo, no enriquecida;
24029;Galleta seca de sésamo, enriquecida en vitaminas y minerales;
24031;Galleta seca sin chocolate, reducida en grasa;
24034;Galleta seca para desayuno, sin chocolate, no enriquecida;
24035;Galleta seca para desayuno, reducida en azúcares;
24036;Galleta seca de chocolate, no enriquecida;
24037;Galleta seca rellena de pasta o puré de frutas (p. ej. higo);
24038;Galleta seca de masa azucarada, cubierta de chocolate;
24040;Galleta seca para desayuno, con chocolate, no enriquecida;
24041;Galleta seca para desayuno, todos los sabores, enriquecida en vitaminas y minerales;
24042;Galleta seca de chocolate, enriquecida en vitaminas y minerales;
24048;Galleta seca de masa azucarada, galleta o disco, que no sea de mantequilla pura;
24049;Galleta seca de masa azucarada, galleta o disco, de mantequilla;
24050;Galleta seca de masa azucarada, galleta o disco, de mantequilla y chocolate;
24051;Galleta (bizcocho), cubierta de chocolate, tipo bandeja;
24052;Galleta seca (tartaleta), cubierta de chocolate, envasada;
24054;Galleta seca de masa azucarada, galleta o disco, con frutas;
24056;Florentina (galleta seca de chocolate y almendras);
24057;Galleta seca de masa azucarada, rellena de frutas, tipo luneta de Romans;
24061;Galleta merengada rellena (chocolate, avellana, coco...), cubierta o sobre base de chocolate;
24070;Galleta seca de coco;
24071;Masa azucarada repostera, artesanal;
24224;Galleta de chocolate rellena (emparedado) sabor vainilla, redonda, blanca y negra;
24225;Galleta de desayuno rellena (emparedado) sabor leche o vainilla;
24230;Galleta de desayuno rellena (emparedado) sabor chocolate, de trigo integral;
24231;Galleta de desayuno rellena (emparedado) sabor chocolate;
24240;Galleta de desayuno rellena (emparedado) sabor frutas;
24300;Barquillo (abanico, puro...), sin relleno;
24311;Barquillo relleno y/o cubierto de chocolate;
24312;Barquillo relleno, con frutos secos (avellana, almendra, praliné, etc.), con o sin chocolate, envasado;
24313;Barquillo, relleno de vainilla;
24320;Barquillo relleno, con frutas;
24370;Crepe dental natural;
24371;Crepe dental, cubierta de chocolate;
24430;Galleta seca de huevo a la cuchara o lengua de gato;
24441;Galleta seca, tipo lengua de gato o cigarrillo ruso;
24520;Merengue;
24614;Galleta seca crujiente con almendras (p. ej. canistrelli);
24615;Galleta seca fina o teja, con almendras;
24616;Galleta seca fina o teja, sabor limón u naranja;
24630;Magdalena, mantequilla pura, envasada;
24631;Magdalena de chocolate (cobertura, pepitas o relleno...), envasada;
24632;Magdalena ordinaria, envasada;
24654;Galleta seca o disco de avena, cubierta de chocolate;
24655;Galleta seca o disco de avena, natural;
24656;Cookie de arándanos y chocolate blanco, envasado;
24657;Galleta seca, tipo bastón, stick, espiral o torsión, cubierta de chocolate;
24658;Galleta seca de hojaldre, tipo palmera u otras, cubierta de chocolate;
24659;Galleta seca de hojaldre, tipo palmera u otras, envasada;
24660;Galleta seca de hojaldre, tipo palmera u otras, artesanal;
24663;Tarta de peras almendrada;
24664;Pastel de almendras tipo financiero, envasado;
24666;Mil hojas;
24674;Pastel tierno sin gluten (cake, magdalena...), envasado;
24675;Pastel tierno sin gluten (cake, brownie...), con chocolate, envasado;
24676;Cookie de chocolate y frutos secos (avellanas, almendras, nueces de pecana...), envasado;
24678;Galleta (bizcocho), cubierta de frutas, tipo bandeja;
24679;Galleta seca (tartaleta), cubierta de frutas, envasada;
24680;Galleta tierna rellena de naranja y cubierta de azúcar lustre;
24684;Cookie de chocolate, envasado;
24685;Cono o cornete clásico, para helado;
24686;Galleta (bizcocho), rellena de frutas (p. ej. naranja, cereza...), cubierta de chocolate;
24687;Cookie de pepitas de chocolate y coco, envasado;
24689;Galleta para bebés;
24998;Pescado blanco en salsa, envasado (promedio);
24999;Postre (promedio);
25001;Blanqueta de ternera, envasada;
25002;Cassoulet, en conserva;
25003;Chucrut con guarnición (embutidos y patatas), envasada;
25009;Hachis parmentier (carne picada con puré de patata), envasado;
25010;Panceta salada o salchicha con lentejas, envasada;
25013;Cocido, envasado;
25018;Ratatouille (verduras guisadas), envasado;
25019;Ravioli relleno de carne, en salsa de tomate, en conserva;
25020;Soufflé de queso;
25026;Espinaca con salsa de nata, envasada;
25029;Cuscús con cordero;
25031;Paella, envasada;
25033;Estofado de ternera a la borgoña, envasado;
25037;Gratín o cazuela de pescado y/o mariscos, envasada, cruda;
25038;Gratín o cazuela de pescado y/o mariscos, envasada, cocida;
25043;Cuscús con carne o pollo, reducido en grasa, envasado;
25052;Gratín de berenjena, envasado;
25056;Patatas gratinadas a la dauphinoise, envasadas;
25057;Sofrito de patatas prefritas, panceta o pollo, y otros, sin verduras verdes, envasado;
25058;Pato en salsa (pimienta verde, cazadora, etc.), envasado;
25063;Conejo a la mostaza, envasado;
25065;Estofado de ternera con zanahorias, envasado;
25071;Potaje auvernés (repollo y cerdo);
25073;Endibia con jamón, envasada;
25077;Salmón con salsa de acedera, envasado;
25081;Lasaña o canelón con carne (boloñesa), envasados;
25085;Pasta a la boloñesa (espagueti, tallarín...), envasadas;
25086;Pescado blanco a la bordelesa (pan rallado, aceite...), envasado;
25088;Arroz cantonés, envasado;
25089;Cordon bleu de ave, envasado;
25098;Cassoulet con cerdo, en conserva;
25099;Cassoulet con pato u oca, en conserva;
25101;Gratín de coliflor, envasado;
25103;Tomate relleno, envasado;
25106;Repollo relleno, envasado;
25107;Cuscús con pescado;
25108;Samosa o brick relleno, envasado, cocido;
25110;Dumpling chino al vapor con gambas, cocido;
25111;Chili con carne, envasado;
25121;Gallo en vino tinto;
25122;Gratín de pasta con jamón, envasado;
25123;Musaca, envasada;
25124;Estofado de cordero con verduras;
25125;Paupieta de ternera;
25126;Paupieta de ave;
25127;Cuscús real (con varias carnes), envasado;
25128;Pescado blanco a la provenzal o niçarda (salsa de tomate), envasado;
25131;Lasaña o canelón de verduras, envasados, cocidos;
25135;Pasta a la carbonara (espagueti, tallarín...), envasadas;
25137;Tartifleta (patatas, reblochón, panceta...), envasada;
25138;Cuscús con pollo;
25139;Lasaña o canelón con pescado, envasados;
25140;Pescado blanco a la florentina (salsa de espinacas), envasado;
25141;Pescado blanco marinero (salsa con cebollas, mejillones y vino blanco), envasado;
25142;Pescado blanco en salsa de mostaza, envasado;
25143;Pescado blanco a la parisina (salsa de champiñones), envasado;
25145;Pescado blanco al estragón, envasado;
25146;Pescado blanco en salsa de acedera, envasado;
25149;Pasta fresca rellena (p. ej. ravioli, tortellini, ravioles del Delfinado), de queso, envasada, cocida;
25150;Cuscús de verduras, envasado;
25151;Hojaldre o pastel de pescado y/o mariscos, envasado, para cocinar;
25152;Cuscús con carne, envasado;
25154;Gratín de pescado y puré o brandada de patatas o pescado a la parisina, envasado;
25155;Pasta fresca rellena (p. ej. ravioli, tortellini), de queso y verduras, envasada, cocida;
25157;Pasta fresca rellena (p. ej. ravioli, tortellini), con carne (p. ej. boloñesa), envasada, cruda;
25158;Pasta fresca rellena (p. ej. ravioli, tortellini), con carne (p. ej. boloñesa), envasada, cocida;
25159;Tagín de oveja, envasado;
25162;Gratín de verduras, envasado;
25163;Albondiga de ternera, cocida;
25164;Ossobuco de ternera a la milanesa (jarrete de cerdo, verduras, vino blanco);
25169;Especialidad china tipo dumpling, envasada, cocida;
25172;Carne en salsa (promedio);
25173;Escalopa empanada, vienesa o milanesa, ternera, cocida;
25174;Pollo al curry y leche de coco, envasado;
25175;Meloukhia, plato a base de ternera y malva, casero;
25181;Pasta fresca rellena (p. ej. ravioli, tortellini, ravioles del Delfinado), de queso, envasada, cruda;
25182;Pasta fresca rellena (p. ej. ravioli, tortellini), de queso y verduras, envasada, cruda;
25183;Fideos con gambas, envasados, salteados;
25186;Albondiga de cerdo y ternera (estilo sueco), envasada, cruda;
25187;Risoto, con verduras, envasado;
25188;Risoto, con mariscos, envasado;
25189;Risoto, con quesos, envasado;
25190;Pollo a la vasca, envasado;
25192;Ravioli de verduras, en salsa de tomate, en conserva;
25193;Pasta fresca rellena (p. ej. ravioli, tortellini), de verduras, envasada, cocida;
25194;Albondiga de ternera y cordero (tipo kefta), envasada, cruda;
25195;Pastel de pastor de pato, envasado, para cocinar;
25196;Riste de berenjenas (berenjenas, tomates, cebollas), envasada;
25198;Pasta en salsa de quesos (espagueti, tallarín...), envasada;
25199;Disco o galleta de verduras, prefritos, congelado;
25200;Paleta a la diabla, envasada;
25201;Lengua de ternera en salsa madera, envasada;
25203;Pasta fresca rellena (p. ej. ravioli, tortellini), de verduras, envasada, cruda;
25204;Tagín de pollo, envasado;
25205;Chop suey (cerdo o pollo, verduras), envasado;
25207;Cerdo con caramelo, envasado;
25208;Disco o galleta de verduras, prefritos, congelado, cocido;
25210;Salmón relleno, envasado;
25211;Albondiga de ternera, en salsa de tomate, envasada;
25213;Paupieta de ternera, envasada, asada;
25216;Pasta rellena (p. ej. ravioli, tortellini), cocida (promedio);
25217;Hoja de parra rellena de arroz o dolmas, escurrida, envasada;
25219;Lasaña o canelón de verduras y queso de cabra, envasados, cocidos;
25220;Chucrut culinaria con panceta, sin guarnición, escurrida, cocida;
25221;Albondiga de ternera y cordero (tipo kefta), envasada, cocida;
25222;Albondiga de cerdo y ternera (estilo sueco), envasada, cocida;
25223;Bocado o picadillo vegetal de soja y trigo (apto para veganos), envasado;
25224;Bocado o picadillo de soja y trigo (no apto para veganos), envasado;
25225;Croqueta o nugget empanada de trigo (sin soja), envasado;
25226;Croqueta o nugget empanada de soja y trigo (no apto para veganos), envasado;
25227;Croqueta o nugget empanada de soja y trigo (apto para veganos), envasado;
25228;Escalopa de soja y trigo (no apto para veganos);
25229;Bastón empanada de soja y trigo (apto para veganos), envasado;
25230;Escalopa de soja, trigo y queso, tipo cordonbleu, envasada;
25231;Ravioli de tofu, en salsa de tomate, envasados;
25232;Salchicha vegetal de trigo o seitán, envasada;
25233;Disco de cereales con queso (sin soja), envasado;
25234;Disco de cereales con verduras (sin soja), envasado;
25238;Gratín de verduras, casero;
25242;Paella (pollo, marisco, chorizo, colín), casera;
25243;Fideos asiáticos instantáneos, aromatizados, cocidos;
25396;Hojaldre o pastel de jamón y queso, envasado;
25398;Hojaldre o pastel de queso, envasado, para cocinar;
25399;Hojaldre relleno de caracoles, envasado;
25401;Hojaldre relleno de queso, envasado, cocido;
25402;Hojaldre relleno de carne, envasado;
25403;Perrito caliente, envasado;hot dog
25404;Pizza de queso o pizza margarita, envasada;
25405;Quiche lorraine, envasada;
25409;Crepe o galette de bechamel y jamón, envasada;
25410;Crepe o galette de bechamel, jamón y queso, envasada;
25411;Crepe o galette de bechamel y champiñón, envasada, congelada;
25412;Volován relleno de carne/ave/quenelle;
25413;Hamburguesa, de comida rápida;
25414;Hamburguesa con queso, de comida rápida;
25415;Hamburguesa doble con queso, de comida rápida;
25416;Hamburguesa de pescado, de comida rápida;
25417;Tarta de verduras, envasada;
25418;Cruasán relleno de jamón y queso, casero;croissant
25419;Rollito de primavera;
25428;Sándwich de kebab en pan de pita, con crudités;
25429;Sándwich de kebab en baguette, con crudités;
25431;Sándwich de baguette, atún, crudités y mayonesa, casero;
25433;Buñuelo de pescado (acra), envasado;
25434;Sándwich panini de jamón curado, mozzarella y tomate;
25435;Pizza de jamón y queso, envasada;
25437;Gougère (bolita de pasta choux con queso);
25438;Samosa o brick relleno, casero, cocido;
25444;Tarta de queso salada, envasada;
25454;Tarta a la provenzal, envasada;
25456;Sushi o maki con productos del mar;
25457;Pizza de carne, tipo boloñesa, envasada;
25459;Burritos de ternera;
25460;Fajita de pollo, preparada en casa con kit;
25462;Pizza de chorizo o salami, envasada;
25463;Pizza de marisco, envasada;
25464;Pizza de salmón, envasada;
25468;Pizza de queso de cabra y panceta, envasada;
25472;Pizza de verduras o pizza cuatro estaciones, envasada;
25475;Sándwich de baguette, jamón, huevo, crudités y mantequilla;
25476;Sándwich de baguette, pollo, crudités y mayonesa, casero;
25477;Pizza de champiñones y queso, envasada;
25478;Pizza de quesos, envasada;
25485;Sándwich de baguette, jamón y emmental, envasado;
25488;Sándwich de baguette, salmón ahumado y mantequilla;
25490;Sándwich de baguette, atún, maíz y crudités, envasado;
25501;Sándwich panini de tres quesos;
25502;Hamburguesa de pollo, de comida rápida;
25503;Volován de pescado y marisco, casero;
25506;Brocheta mixta de carne;
25508;Hojaldre relleno de jamón y queso, casero;
25509;Preparado de quesos para fondue saboyana, envasado;
25510;Ñoquis de patata, cocidos;
25511;Verduras rellenas (excepto tomate);
25512;Nuggets o croquetas empanadas de ave, envasados;
25513;Pan bagnat (bocadillo de atún, anchoa, aceitunas y ensalada);
25516;Pizza (promedio);
25517;Sándwich de baguette, jamón y mantequilla, casero;
25518;Sándwich de baguette, camembert y mantequilla, casero;
25519;Sándwich de baguette, paté y pepinillos;
25520;Sándwich de baguette, salchichón y mantequilla, casero;
25521;Sándwich de baguette, jamón, emmental y mantequilla;
25522;Sándwich (promedio);
25523;Tostas o canapés salados, con guarniciones variadas, envasados;
25524;Tomate a la provenzal (con ajo y perejil), casero;
25525;Salsa de tomate cocinada para pizza;
25528;Pissaladière (pizza de cebolla, anchoas y aceitunas negras), envasada;
25529;Tarta de cebolla, envasada;
25530;Sándwich de baguette, crudités variadas y mayonesa;
25531;Sándwich de baguette, pavo, crudités y mayonesa;
25532;Sándwich de baguette, huevo, crudités y mayonesa;
25533;Sándwich de baguette, cerdo, crudités y mayonesa;
25535;Sándwich de baguette, merguez, ketchup y mostaza;
25536;Sándwich de baguette, salami y mantequilla;
25537;Carpaccio de salmón con marinada, casero;
25538;Carpaccio de ternera, con marinada (aceite, hierbas, queso), casero;
25539;Brocheta de pescado;
25540;Brocheta de gambas;
25541;Brocheta de cordero;
25542;Croque-madame (sándwich de jamón y queso con huevo frito), casero;
25543;Sándwich de baguette (promedio);
25546;Queso empanado con jamón, envasado;
25547;Croque-monsieur (sándwich de jamón y queso gratinado), envasado;
25548;Pizza de jamón, queso y champiñones o pizza regina, envasada;
25549;Crepe o galette de bechamel y queso, envasada;
25550;Flammekueche o tarta flambeada de panceta, envasada;
25551;Buñuelo de carne, ave o pescado, casero, cocido;
25552;Crepe o galette de bechamel, jamón, queso y champiñón, envasada;
25553;Tarta o pastel de puerros, envasado;
25555;Tarta de salmón, envasada;
25556;Buñuelo de verduras;
25557;Brick de huevo, casero, cocido;
25558;Samosa o brick de ternera, casero, cocido;
25559;Brick de patata, casero, cocido;
25560;Pastel de riesling (cerdo, vino riesling, champiñones), envasado;
25561;Tarta de tomate, envasada;
25562;Crepe o galette completa (huevo, jamón, queso), envasada;
25564;Tarta de vieiras, envasada;
25565;Yakitori (brochetas japonesas a la plancha con salsa);
25566;Brocheta de cerdo, cruda;
25568;Pastela de pollo, envasada;
25570;Pizza de panceta, cebolla y queso, envasada;
25571;Falafel o croqueta de garbanzo y/o haba, para llevar;
25572;Crepe o galette de vieiras, envasada;
25573;Tarta o quiche salada (promedio);
25575;Sándwich de pan de molde integral, atún y crudités, envasado;
25576;Sándwich de pan de molde integral, jamón y queso, envasado;
25577;Sándwich de pan de molde integral, pollo y crudités, envasado;
25578;Hojaldre relleno salado (promedio);
25580;Volován relleno (promedio);
25581;Crepe o galette de bechamel y champiñón, envasada, cocida;
25582;Nem o rollito imperial de pollo, envasado, cocido;
25583;Nem o rollito imperial de cerdo, envasado, cocido;
25584;Nem o rollito imperial de gambas y/o cangrejo, envasado, cocido;
25585;Brocheta de ternera, cocida;
25586;Brocheta de ave, cocida;
25587;Parmentier de pato, envasado, cocido;
25588;Gratinado de verduras en salsa bechamel, envasado, cocido;
25589;Albóndiga vegetal de soja y/o trigo, envasada;
25590;Falafel o croqueta de garbanzo y/o haba, envasado;
25591;Hamburguesa vegetal de lentejas, soja y verduras, envasada;
25592;Hamburguesa vegetal de trigo (seitán) y verduras, envasada;
25593;Hamburguesa vegetal de trigo y soja (apta para veganos), envasada;
25594;Hamburguesa vegetal de trigo y soja (no apta para veganos), envasada;
25595;Hamburguesa vegetal de soja y queso, envasada;
25596;Hamburguesa vegetal de soja y verduras, envasada;
25597;Hamburguesa vegetal de soja, queso y verduras, envasada;
25598;Seitán, envasado;
25599;Sándwich de pan de molde integral, jamón, envasado;
25600;Ensalada de apio nabo con salsa remoulade, envasada;
25601;Ensalada de atún y verduras, en conserva;
25602;Ensalada mixta con carne o pescado, en conserva;
25604;Ensalada verde, cruda, sin aliñar;
25605;Champiñones a la griega, envasados;
25606;Ensalada de patata, casera;
25608;Tabulé o ensalada de sémola con verduras, envasado;
25609;Ensalada de patata a la piamontesa, envasada;
25610;Ensalada de morro de ternera, con salsa, envasada;
25614;Ensalada de arroz, en conserva;
25615;Ensalada de pasta con queso y verduras, con salsa;
25616;Crudités, sin aliñar (promedio);
25619;Ensalada de pasta con verduras y pescado o carne, con salsa, envasada;
25620;Guacamole, envasado;
25621;Hummus, envasado;
25623;Tarta de maroilles o flamiche de maroilles, envasada;
25624;Caviar de berenjena, envasado;
25625;Crepe o galette de pescado y/o marisco, envasada;
25626;Macedonia de verduras en ensalada, con salsa, envasada;
25628;Ensalada César con pollo (lechuga, queso, picatostes, salsa), envasada;
25629;Ensalada vegetariana de bulgur y/o quinoa con verduras, envasada;
25632;Sándwich de baguette, atún, crudités y mayonesa, para llevar;
25633;Sándwich de baguette, jamón y mantequilla, para llevar;
25634;Sándwich de baguette, jamón y emmental, para llevar;
25635;Lasaña o canelones de queso y espinacas, envasados;
25638;Sándwich de baguette, pollo, crudités y mayonesa, para llevar;
25639;Sándwich de baguette, salchichón y mantequilla, para llevar;
25640;Sándwich de baguette, camembert y mantequilla, para llevar;
25641;Sándwich de pan de molde integral, salchichón o rosette, envasado;
25642;Ensalada de apio nabo y zanahoria con salsa remoulade, envasada;
25643;Hamburguesa de pollo, envasada;
25644;Hamburguesa con queso, envasada;
25645;Sándwich de pan de molde integral, bacon y crudités, envasado;
25646;Wrap vegetariano de queso y crudités;
25647;Wrap de pollo y crudités;
25648;Wrap de jamón y crudités;
25649;Crepe o galette de queso de cabra y panceta, envasada;
25650;Sándwich de pan de molde integral, atún, huevo y crudités, envasado;
25651;Sándwich de pan de molde integral, salmón ahumado, envasado;
25652;Sándwich de pan de molde integral, jamón, huevo y crudités, envasado;
25653;Sándwich de pan de molde integral, jamón, queso y crudités, envasado;
25654;Sándwich de pan de molde integral, jamón y crudités, envasado;
25655;Sándwich de pan vienés, jamón, huevo y crudités, envasado;
25656;Sándwich de pan vienés, atún, huevo y crudités, envasado;
25657;Sándwich de pan vienés, pollo, huevo y crudités, envasado;
25658;Sándwich de pan vienés, pollo y crudités, envasado;
25659;Sándwich de pan polar, pollo y crudités, envasado;
25660;Sándwich de pan polar, salmón, envasado;
25661;Sándwich de pan polar, jamón y queso, envasado;
25662;Sándwich de pan de molde integral, pollo, envasado;
25663;Sándwich de baguette, pollo y crudités, envasado;
25664;Ensalada de patata con atún, envasada;
25665;Ensalada de patata con salchicha, envasada;
25666;Ensalada mixta de crudités, embutido y queso, con salsa, envasada;
25667;Ensalada mixta de crudités y productos del mar, con salsa, envasada;
25668;Ensalada mixta de crudités, huevo y productos del mar, con salsa, envasada;
25669;Ensalada mixta de crudités, pollo y queso, con salsa, envasada;
25670;Ensalada mixta de crudités y pollo, con salsa, envasada;
25671;Pizza de queso de cabra, envasada;
25674;Nem o rollito imperial, envasado, cocido (promedio);
25900;Sopa de lentejas, envasada para calentar;
25901;Sopa de ave y verduras, envasada para calentar;
25903;Sopa de verduras variadas, envasada para calentar;
25904;Sopa de pescado y/o crustáceos, envasada para calentar;
25905;Sopa de verduras variadas, deshidratada, reconstituida;
25907;Sopa de puerro y patata, envasada para calentar;
25908;Sopa de ave y fideos finos, envasada para calentar;
25909;Caldo de carne y verduras tipo pot-au-feu, listo para consumir;
25910;Sopa de cebolla, envasada para calentar;
25912;Sopa de champiñones, envasada para calentar;
25913;Sopa de zanahoria, envasada para calentar;
25914;Sopa de tomate, envasada para calentar;
25915;Sopa chorba frik, de carne y frik;
25916;Sopa minestrone, envasada para calentar;
25917;Sopa al pistou, deshidratada, reconstituida;
25919;Sopa de pescado y/o crustáceos, deshidratada, reconstituida;
25923;Sopa asiática con pasta, deshidratada, reconstituida;
25924;Sopa marroquí, deshidratada, reconstituida;
25925;Sopa de puerro y patata, deshidratada, reconstituida;
25928;Sopa de ave y verduras, deshidratada, reconstituida;
25930;Caldo de ternera, deshidratado, reconstituido;
25932;Sopa de espárragos, deshidratada, reconstituida;
25933;Sopa de tomate y fideos finos, envasada para calentar;
25934;Sopa de cereales y verduras, deshidratada, reconstituida;
25935;Sopa de tomate, deshidratada, reconstituida;
25936;Sopa de champiñones, deshidratada, reconstituida;
25942;Sopa de cebolla, deshidratada, reconstituida;
25945;Sopa de calabaza, envasada para calentar;
25947;Caldo de ave, deshidratado, reconstituido;
25948;Caldo de verduras, deshidratado, reconstituido;
25949;Sopa de tomate y fideos finos, deshidratada, reconstituida;
25950;Sopa de ave y fideos finos, deshidratada, reconstituida;
25953;Sopa al pistou, envasada para calentar;
25954;Sopa de calabaza, deshidratada, reconstituida;
25955;Sopa asiática con pasta, envasada para calentar;
25956;Sopa minestrone, deshidratada, reconstituida;
25957;Sopa de berros, deshidratada, reconstituida;
25958;Sopa de berros, envasada para calentar;
25962;Sopa de verduras con queso, envasada para calentar;
25963;Sopa de verduras verdes, envasada para calentar;
25964;Sopa de verduras verdes, deshidratada, reconstituida;
25965;Sopa de guisantes partidos, envasada para calentar;
25967;Sopa fría tipo gazpacho, envasada;
25968;Sopa de espárragos, envasada para calentar;
25969;Sopa (promedio);
25970;Caldo de carne y verduras tipo pot-au-feu, sin desgrasar, deshidratado;
25971;Caldo de carne y verduras tipo pot-au-feu, desgrasado, deshidratado;
25972;Sopa de miso, deshidratada, reconstituida;
25973;Sopa de verduras y fideos finos, deshidratada, reconstituida;
25974;Sopa de verduras y fideos finos, envasada para calentar;
25975;Sopa de ternera y fideos finos, deshidratada, reconstituida;
25976;Sopa asiática con pollo y pasta, envasada para calentar;
25990;Dorado (mahi-mahi), carne, cocido;
25991;Dorado (mahi-mahi), carne, crudo;
25992;Salmón ahumado, con cinco bayas;
25993;Salmón ahumado, al eneldo y limón;
25994;Caballa, filete a la plancha, en conserva, en salsa, escurrido;
25996;Salmón, cocido, sin especificar (promedio);
25997;Bacalao, cocido, sin especificar (promedio);
25998;Arenque ahumado, suave;
25999;Anchoas, filetes enrollados con alcaparras, en salazón, en aceite, semiconserva, escurridos;
26000;Anchoas, filetes marinados en aceite, semiconserva, escurridos;
26001;Lubina rayada o lubina americana, cruda;
26002;Solla, empanada, frita;
26003;Solla, cocida al vapor;
26004;Huevas de lumpo, semiconserva;
26005;Caviar, semiconserva;
26006;Abadejo de Alaska, crudo;
26008;Eglefino, cocido al vapor;
26009;Fletán del Atlántico, crudo;
26010;Arenque marinado o rollmops, envasado;
26011;Arenque, crudo;
26012;Arenque, frito;
26013;Arenque ahumado, al natural;
26014;Arenque, a la plancha/a la sartén;
26015;Carbonero, cocido;
26016;Mendo, empanado, frito;
26017;Mendo, cocido al vapor;
26018;Rape, crudo;
26019;Caballa, asada/al horno;
26020;Caballa, frita;
26021;Merlán, frito;
26022;Merlán, cocido al vapor;
26023;Bacalao, asado/al horno;
26024;Bacalao salado, hervido;
26025;Bacalao, cocido al vapor;
26026;Mújol, asado/al horno;
26027;Sardina pilchard, en salsa de tomate, en conserva, escurrida;
26028;Nuggets o croquetas empanadas de pescado, envasados;
26029;Pescado empanado, congelado, crudo;
26030;Pescado empanado, frito;
26031;Raya, asada/al horno;
26033;Pintarroja o alitán, cocido;
26034;Sardina, en aceite, en conserva, escurrida;
26035;Sardina, en salsa de tomate, en conserva, escurrida;
26036;Salmón, de cría, crudo;
26037;Salmón ahumado;
26038;Salmón, cocido al vapor;
26039;Atún, al natural, en conserva, escurrido;
26040;Sardina, en aceite de oliva, en conserva, escurrida;
26041;Atún, asado/al horno;
26042;Rodaballo, salvaje, crudo;
26043;Bacalao, crudo;
26044;Merluza, cruda;
26046;Surimi, palitos, lonchas o rallado, sabor cangrejo;
26047;Carbonero, congelado, crudo;
26048;Merluza, filete, congelado, crudo;
26051;Caballa, cruda;
26052;Raya, cruda;
26053;Atún, crudo;
26055;Solla, cruda;
26056;Huevas de bacalao, ahumadas, semiconserva;
26057;Limanda, cruda;
26058;Lenguado, crudo;
26059;Lenguado, cocido al vapor;
26060;Lenguado, asado/al horno;
26061;Lenguado, hervido;
26062;Lenguado, frito;
26063;Escorpena, cruda;
26064;Atún aleta amarilla, crudo;
26065;Sardina, cruda;
26068;Atún listado o bonito de vientre rayado, crudo;
26069;Atún rojo, crudo;
26072;Lubina, cruda;
26073;Raya, cocida en caldo aromático;
26074;Cazón o mielga, cruda;
26075;Lubina del Atlántico, cruda;
26076;Atún blanco o germón, crudo;
26077;Atún blanco o germón, cocido al vapor a presión;
26079;Anchoa, cruda;
26080;Dorada, salvaje, cruda;
26081;Rape, a la plancha/a la sartén;
26082;Pez espada, crudo;
26083;Eperlano, crudo;
26084;Cardina, cruda;
26085;Salmonete de roca, crudo;
26086;Caballa, filete con salsa de tomate, en conserva, escurrido;
26087;Caballa, ahumada;
26088;Dorada de cría, cruda;
26090;Eglefino ahumado;
26091;Mújol, crudo;
26092;Trucha marina, cruda;
26093;Pez espada, asado/al horno;
26094;Rodaballo, asado/al horno;
26095;Merlán, crudo;
26096;Caballa, filete con salsa de mostaza, en conserva, escurrido;
26097;Caballa, filete al vino blanco, en conserva, escurrido;
26098;Bacalao, salado, seco;
26099;Dorada gris, cruda;
26100;Breca, cruda;
26101;Bonito, crudo;
26102;Caballa española o caballa blanca, cruda;
26103;Dentón, crudo;
26104;Pez de San Pedro, crudo;
26106;Rubio, crudo;
26107;Corbo, crudo;
26108;Capelán, crudo;
26109;Dorada rosa, cruda;
26110;Salmonete de roca, cocido al vapor;
26111;Sargo, crudo;
26113;Jurel o caballa de ojos grandes, crudo;
26119;Salmón, en conserva, escurrido;
26120;Merluza, estofada;
26122;Eglefino, crudo;
26123;Caballa, filete, al natural, en conserva, escurrido (a la plancha o no);
26124;Merlán, empanado;
26125;Bacalao del Pacífico, crudo;
26126;Eglefino, a la plancha/a la sartén;
26127;Congrio, crudo;
26128;Granadero de roca, crudo;
26129;Abadejo amarillo o colin, crudo;
26130;Juliana o aligote, cruda;
26133;Bacaladilla, cruda;
26134;Carbonero, crudo;
26135;Gallo o limanda, cruda;
26136;Sardina, a la plancha/a la sartén;
26140;Pescado cocido (promedio);
26141;Hígado de bacalao, crudo;
26142;Hígado de bacalao, en conserva, escurrido;
26146;Pargo, crudo;
26147;Pargo, cocido;
26148;Escorpena, cocida al vapor;
26151;Huevas de trucha, semiconserva;
26152;Abadejo de Alaska, ahumado;
26153;Sable, crudo;
26154;Fletán del Groenlandia o fletán negro, crudo;
26157;Carangida, cruda;
26159;Jurel de ojos grandes, crudo;
26161;Salmón salvaje, crudo;
26162;Tiburón, crudo;
26166;Aguja, cruda;
26168;Lumpo, cruda;
26170;Brema, cruda;
26171;Salvelino, crudo;
26172;Lobo manchado, crudo;
26173;Espadiña, cruda;
26174;Rodaballo, crudo;
26175;Salmónido lavaret, crudo;
26177;Anchoa, filetes, salados, al aceite, semiconserva, escurridos;
26178;Mero, crudo;
26179;Atún blanco a la salsa de oliva, en conserva, escurrido;
26180;Atún al aceite de girasol, entero, en conserva, escurrido;
26181;Atún aleta amarilla, al natural, en conserva, escurrido;
26192;Abadejo amarillo o colin, cocido;
26194;Aligote azul, cruda;
26200;Lenguado tropical, cruda;
26201;Rodaballo de cría, crudo;
26205;Lubina de Mediterráneo, salvaje, cruda;
26206;Lubina de Mediterráneo, de cría, cruda;
26208;Rape (Lophius budegassa), cruda;
26210;Relojero dorado, crudo;
26211;Salmón de cría, cocido al microondas;
26213;Granadero, capturado en cualquier lugar, crudo;
26214;Granadero de Nueva Zelanda, crudo;
26217;Salmón de cría, hervido/cocido en agua;
26219;Rubio enano, crudo;
26222;Dorada gris, asada/cocida al horno;
26223;Salmón coho del Pacífico, crudo;
26229;Salmón, a la plancha/a la sartén;
26230;Salmón de cría, asado/cocido al horno;
26231;Sardina, filetes sin espinas al aceite de oliva, en conserva, escurridos;
26232;Arenque ahumado, al aceite;
26233;Merluza blanca del Cabo, congelada, cruda;
26234;Juliana o aligote, cocida;
26235;Jurel magro, crudo;
26236;Jurel graso, crudo;
26237;Arenque magro, crudo;
26238;Arenque graso, crudo;
26239;Sucedáneo de cangrejo, relleno de queso fresco;
26240;Peces pequeños enteros para freír, crudos;
26241;Emperador, filete, sin piel, crudo;
26242;Atún con tomate, deshilachado, en conserva, escurrido;
26243;Atún a la catalana o a la escabeche, en conserva;
26244;Salmonete, filete con piel, congelado, crudo;
26245;Atún al aceite de girasol, deshilachado, en conserva, escurrido;
26247;Fletán del Groenlandia o fletán negro, cocido al vapor;
26248;Lenguado, a la plancha/a la sartén;
26249;Pescado blanco, cocido (promedio);
26256;Ficelle picarda, envasada;
26257;Ensalada de zanahoria rallada, con salsa, envasada;
26258;Ensalada de remolacha, con salsa, envasada;
26259;Ensalada de repollo y zanahoria o coleslaw, con salsa, envasada;
26260;Ensalada de pepino a la crema/queso fresco, envasada;
26261;Ensalada de lentejas y salchicha ahumada, envasada;
26262;Ensalada griega, con salsa, envasada;
26263;Ensalada de arroz con atún y verduras, con salsa, envasada;
26264;Ñoquis de patata, crudos, a cocer;
26265;Ñoquis de sémola, crudos, a cocer;
26266;Cruasán relleno de jamón y queso, envasado;
26267;Tarta de espinacas y queso de cabra, envasada;
26268;Tielle setoise, envasada;
26269;Tabulé o ensalada de sémola con pollo, envasado;
26270;Pizza con atún, envasada;
26271;Pizza kebab, envasada;
26272;Pizza con pollo, envasada;
26273;Pizza tipo racleta o tartiflette, envasada;
26274;Pizza con jamón curado, envasada;
26275;Huevas de salmón del Pacífico, semiconserva;
26276;Ensalada de pasta con sucedáneo de cangrejo, con salsa, envasada;
26277;Ensalada Alaska con sucedáneo de cangrejo, piña, zanahoria, con salsa, envasada;
26278;Ensalada de pasta con pollo, queso y crudités, con salsa, envasada;
26279;Ensalada de pasta con pollo, huevo, queso y crudités, con salsa, envasada;
26280;Ensalada de pasta con jamón curado, queso y crudités, con salsa, envasada;
26281;Ensalada de repollo rojo, con salsa, envasada;
26282;Ensalada de pasta con pollo y crudités, con salsa, envasada;
26692;Anchoa, filetes, marinados a la oriental, con aceite y chiles, semiconserva, escurrida;
26693;Anchoa, filetes, salados, al aceite de girasol, semiconserva, escurrida;
26694;Anchoa, filetes, salados, al aceite de oliva, semiconserva, escurrida;
26695;Salmón salvaje, ahumado;
26696;Salmón de cría, ahumado;
26697;Sardina, al aceite de girasol, en conserva, escurrida;
26698;Sardina, al aceite de cacahuete, en conserva, escurrida;
26700;Anchoa, filetes, marinados, semiconserva, escurrida (promedio);
26998;Trucha asalmonada, salteada/a la sartén;
26999;Anguila, cocida (promedio);
27000;Anguila, asada/cocida al horno;
27001;Anguila, hervida/cocida en agua;
27002;Lucio, asado/cocido al horno;
27003;Carpa de cría, cruda;
27004;Carpa, asada/cocida al horno;
27005;Perca o perca europea, asada/cocida al horno;
27006;Trucha, asada/cocida al horno;
27007;Trucha o trucha de río, cocida al vapor;
27008;Trucha o trucha de río, de cría, cruda;
27009;Trucha arco iris de cría, cruda;
27010;Perca o perca europea, cruda;
27011;Lucio, crudo;
27012;Esturión de Europa occidental, crudo;
27014;Trucha arco iris de cría, asada/cocida al horno;
27015;Trucha arco iris de cría, cocida al vapor;
27016;Anguila, cruda;
27017;Panga o siluro, crudo;
27018;Panga o siluro, filete, cocido;
27019;Tilapia, cruda;
27021;Trucha marina, cruda;
27023;Lota, cruda;
27024;Sandalia, cruda;
27025;Perca del Nilo, cruda;
27029;Trucha de cría, ahumada;
27030;Lubina, asada/cocida al horno;
27031;Dorada, asada/cocida al horno;
28001;Cerdo, paletilla cruda;
28002;Cerdo, pecho crudo;
28009;Cerdo, paletilla cruda;
28010;Cerdo, paletilla cocida;
28100;Cerdo, chuleta cruda;
28101;Cerdo, chuleta a la plancha/a la sartén;
28102;Cerdo, filete de jamón crudo;
28103;Cerdo, filete de jamón cocido;
28104;Cerdo, costillar crudo;
28105;Cerdo, costillar cocido;
28202;Cerdo, filete magro en asado, cocido;
28203;Cerdo, solomillo cocido;
28204;Cerdo, solomillo crudo;
28205;Cerdo, carne, cocida (promedio);
28300;Cerdo, asado crudo;
28301;Cerdo, asado cocido;
28302;Cerdo, lomo crudo;
28400;Cerdo, costillas crudas;
28401;Cerdo, costillas estofadas;
28451;Cerdo, lomo asado/cocido al horno;
28460;Cerdo, escalopa de jamón cruda;
28461;Cerdo, escalopa de jamón cocida;
28470;Cerdo, tocino descarnado crudo;
28471;Cerdo, papada descarnada cruda;
28472;Cerdo, corte sin jarrete, sin carrilada, descarnado, desgrasado, deshuesado, crudo;
28473;Cerdo, jamón sin jarrete, sin carrilada, descarnado, desgrasado, deshuesado, crudo;
28474;Cerdo, mano de jamón, descarnada, desgrasada, deshuesada, cruda;
28475;Cerdo, magro 90/10, crudo;
28476;Cerdo, magro 80/20, crudo;
28477;Cerdo, paletilla, descarnada, desgrasada, deshuesada, cruda;
28479;Cerdo, pecho en chuleta, sin vientre, crudo;
28480;Cerdo, asado de filete con solomillo, crudo;
28501;Panceta al natural, cruda;
28502;Pecho de cerdo en salazón, ahumado, crudo;
28503;Bresaola;
28504;Panceta al natural, cocida;
28505;Corned beef, en conserva;
28507;Pecho de cerdo en salazón, al natural, crudo;
28530;Oreja de cerdo en salmuera;
28540;Pata de cerdo en salmuera;
28550;Pecho de cerdo en salmuera;
28700;Jamón de cerdo a cocer o jamón a asador/cocedor al horno;
28720;Panceta ahumada, cruda;
28723;Panceta, cruda, con contenido reducido de sal;
28725;Panceta ahumada, cocida;
28727;Filete de panceta;
28800;Jamón curado;
28801;Jamón curado ahumado;
28803;Jamón cocido ahumado;
28804;Jamón curado ahumado, reducido en grasa;
28811;Jamón de Bayona;
28812;Jamón seco;
28844;Jamón seco de Parma;
28845;Jamón seco Serrano;
28850;Coppa;
28858;Panceta o pecho enrollado seco;
28860;Carne de los Grisones;
28900;Jamón cocido, superior;
28901;Jamón cocido, superior, con corteza;
28902;Jamón cocido, superior, sin corteza;
28905;Jamón al hueso estofado;
28906;Jamón cocido, superior, sin corteza desgrasado;
28907;Jamón cocido, superior, sin corteza desgrasado, con contenido reducido de sal;
28910;Jamón cocido, primera calidad;
28911;Paletilla de cerdo, cocida, primera calidad, sin corteza desgrasada;
28912;Jamón cocido, primera calidad, con corteza;
28913;Jamón cocido, primera calidad, sin corteza desgrasado;
28917;Rueda de jamón cocido;
28922;Cubos, palillos, rallado o picado de jamón;
28924;Paletilla de cerdo, cocida, estándar, sin corteza desgrasada;
28925;Jamón cocido, de París, sin corteza desgrasado;
28927;Carne picada de ave;
28929;Cubos, palillos, rallado o picado de jamón de ave;
28960;Manita de jamón, cocida;
28963;Jamón de pollo o pechuga de pollo en loncha;
28964;Jamón de pavo o pechuga de pavo en loncha;
28965;Jamón de ave o pechuga de ave, con contenido reducido de sal, en loncha;
28976;Asado de ave en salazón, cocido;
29209;Bebida de soja y zumo de frutas concentrados, envasada;
30005;Chipolata cocida;
30011;Salchicha de Toulouse cocida;
30050;Masa de salchicha cruda;
30051;Masa de salchicha, de cerdo puro, cruda;
30052;Mezcla de cerdo y vacuno para salchicha, cruda;
30104;Salchicha de Morteau;
30105;Salchicha de Montbéliard, a cocer;
30108;Salchicha de Morteau hervida/cocida en agua;
30110;Salchicha de Toulouse cruda;
30115;Chipolata cruda;
30130;Salchicha de ave tipo charcutero;
30131;Salchicha de ave tipo knack;
30134;Salchicha de Fráncfort;
30150;Merguez cruda;
30155;Merguez de vacuno y carnero, cocida;
30156;Merguez de vacuno y carnero, cruda;
30176;Salchicha de hígado;
30181;Carne vegetal a base de soja, envasada;
30300;Salami seco;
30301;Salami seco de cerdo puro;
30302;Salami seco de cerdo puro, calidad superior;
30304;Roseta o salami pequeño;
30308;Salami seco de Lyon de cerdo puro;
30309;Salchicha seca;
30311;Salami seco con nueces y/o avellanas;
30312;Pavé con pimienta, embutido;
30314;Salami seco reducido en grasa;
30315;Chorizo;
30316;Chorizo superior, suave o fuerte, tipo salchicha seca;
30317;Chorizo superior, suave o fuerte, tipo embutido en lonchas;
30350;Salami;
30351;Salami de cerdo puro;
30366;Salami tipo danés;
30700;Salchichón al ajo;
30701;Salami de cerdo puro cocido;
30707;Salami en brioche, cocido;
30730;Cerveláz o cervelat;
30731;Cerveláz de Obernai;
30732;Cerveláz al ajo, de cerdo puro;
30742;Salchicha de Estrasburgo o knack, a cocer;
30743;Salchicha de Estrasburgo o knack, con contenido reducido de sal, a cocer;
30746;Salchicha de cóctel;
30764;Salchicha de jamón de cerdo puro;
30780;Salchicha (promedio);
30789;Mortadela;
30790;Mortadela de cerdo puro;
30791;Mortadela de cerdo y vacuno;
30797;Mortadela con pistachos de cerdo puro;
30801;Salami de caballo tipo cerveláz;
30886;Gelatina, otros frutos o mezcla de frutos;
30887;Mermelada, otros frutos o mezcla de frutos, reducida en azúcares;
30900;Embutidos y carnes curadas (promedio);
30990;Mermelada de zarzamora;
30991;Jalea de mora;
30992;Mermelada de ruibarbo;
30993;Mermelada de melocotón;
30994;Mermelada de higo;
30995;Mermelada de fresa, reducida en azúcares;
30996;Mermelada de albaricoque, reducida en azúcares;
30997;Mermelada de frambuesa, reducida en azúcares;
30998;Gelatina de frambuesa;
30999;Mermelada o jarabes, todo tipo de frutos, sin precisión en azúcar (promedio);
31000;Barra de chocolate con galleta;
31001;Barra de chocolate no galletada, revestida;
31002;Barra de coco, revestida de chocolate;
31004;Chocolate con leche, tableta;
31005;Chocolate negro, 50 por ciento cacao aproximadamente, tableta;
31006;Mermelada o jarabes, todo tipo de frutos, sin reducir en azúcares (promedio);
31007;Chicle, azucarado;
31008;Miel;
31009;Chocolate con leche con cereales crujientes, tableta;
31010;Chocolate blanco, tableta;
31012;Barra o confitería chocolatada con leche;
31013;Sorbete, polo;
31014;Gelatina de frutas;
31016;Azúcar blanco;
31017;Azúcar moreno;
31018;Chocolate con leche con frutos secos, tableta;
31020;Chocolate con leche sin azúcares añadidos, con edulcorantes, tableta;
31021;Corteza de naranja confitada;
31023;Castaña confitada;
31024;Mermelada de fresa;
31026;Chocolate blanco con frutos secos, tableta;
31027;Fruta confitada;
31028;Caramelo recubierto;
31030;Chocolate negro sin azúcares añadidos, con edulcorante, en tableta;
31032;Crema para untar de chocolate y avellana;
31034;Jarabe de arce;
31035;Barra helada de chocolate;
31036;Almendra garrapiñada;
31037;Mermelada de albaricoque;
31038;Mermelada de cereza;
31039;Mermelada de naranja o jarabes de naranja;
31040;Dulce de leche;
31041;Confitería de chocolate recubierta;
31042;Cacahuete cubierto de chocolate recubierto;
31044;Azúcar vainillado;
31046;Caramelo líquido o cobertura caramelizada;
31047;Gelificante para mermeladas;
31050;Malvavisco;
31052;Praliné;
31053;Mermelada de ciruela;
31054;Chicle sin azúcares;
31059;Caramelo duro y piruleta;
31060;Caramelo de gelatina;
31062;Mermelada de frambuesa;
31063;Bombón de chocolate relleno de frutos secos y/o praliné;
31064;Edulcorante a base de sacarina;
31066;Roca de chocolate rellena de praliné;
31067;Melaza de caña;
31068;Mermelada de arándano;
31069;Chocolate negro con frutas, tableta;
31070;Chocolate negro con frutos secos, tableta;
31071;Barra de chocolate con frutos secos;
31072;Chocolate negro relleno de confitería de menta;
31073;Pastel esponjoso relleno de chocolate y leche, recubierto de chocolate, envasado, sección refrigerada;
31074;Chocolate negro, 70 por ciento cacao aproximadamente, de degustación, tableta;
31076;Edulcorante a base de azúcar y aspartamo;
31077;Fructosa;
31080;Chocolate negro relleno de praliné, tableta;
31081;Caramelo masticable;
31082;Preparación de frutas variadas;
31083;Mermelada, otros frutos o mezcla de frutos;
31084;Chocolate con leche relleno de praliné, tableta;
31085;Chocolate negro, 40 por ciento cacao y superior, para repostería, tableta;
31087;Edulcorante a base de extracto de estevia;
31091;Bombón/caramelo de chocolate relleno de barquillo o galleta;
31092;Calissón de Aix en Provence;
31093;Malvavisco, cubierto de chocolate;
31094;Caramelo duro, de caramelo;
31095;Gelatina de grosella;
31097;Caramelo masticable;
31098;Barra de chocolate con leche y turrón;
31100;Barra de cereales para desayuno con leche, con chocolate o sin él, enriquecida con vitaminas y minerales;
31101;Barra de cereales equilibrada con frutas, enriquecida con vitaminas y minerales;
31102;Barra de cereales equilibrada con chocolate, enriquecida con vitaminas y minerales;
31104;Barra de cereales dietética hipocalórica;
31106;Barra de cereales con chocolate;
31109;Polen, parcialmente desecado;
31111;Polen, fresco;
31112;Caramelo de gelatina al regaliz, tipo rollo o paleta;
31113;Barra de cereales con frutas;
31114;Barra de cereales con almendras o avellanas;
31115;Barra de cereales con chocolate y frutas;
31120;Chocolate, tableta (promedio);
31121;Chicle, sin precisión en azúcar (promedio);
31122;Caramelo masticable de caramelo cubierto de chocolate;
31124;Caramelo duro tipo collar, silbato, piruleta, pastilla, con dextrosa;
31125;Pastilla refrescante, sin azúcares;
31126;Pastilla refrescante, azucarada;
31127;Turrón suave;
31128;Caramelo duro y piruleta, sin azúcares;
31129;Preparación de frutas variadas;
32000;Granos de trigo inflados con miel o caramelo, enriquecidos con vitaminas y minerales;
32001;Cereales para desayuno chocolatados, no rellenos, enriquecidos con vitaminas y minerales;
32003;Cereales para desayuno (promedio);
32004;Muesli (promedio);
32005;Copos de maíz al natural, enriquecidos con vitaminas y minerales;
32006;Arroz inflado al natural, enriquecido con vitaminas y minerales;
32008;Cereales para desayuno ricos en fibra, con chocolate, enriquecidos con vitaminas y minerales;
32012;Arroz inflado chocolatado, no enriquecido con vitaminas y minerales;
32013;Cereales para desayuno chocolatados, no rellenos, no enriquecidos;
32014;Copos de maíz al natural, no enriquecidos;
32016;Cereales para desayuno rellenos de chocolate o chocolate-avellana, enriquecidos;
32017;Cereales para desayuno rellenos de chocolate o chocolate-avellana, no enriquecidos;
32018;Cereales para desayuno rellenos de leche o vainilla, enriquecidos;
32022;Copos de cereales con chocolate, con o sin frutos secos, enriquecidos;
32023;Copos de cereales con frutas, enriquecidos;
32025;Copos de cereales con frutos secos, enriquecidos;
32028;Copos de cereales con chocolate, con o sin frutos secos, no enriquecidos;
32029;Copos de cereales con frutas, no enriquecidos;
32030;Copos de cereales, al natural, azucarados, enriquecidos;
32031;Cereales para desayuno, enriquecidos (promedio);
32032;Cereales para desayuno, no enriquecidos (promedio);
32033;Cereales para desayuno ricos en fibra, con frutas o frutos secos, enriquecidos;
32034;Cereales para desayuno ricos en fibra, con frutas o frutos secos, no enriquecidos;
32035;Cereales para desayuno ricos en fibra, al natural, enriquecidos;
32036;Cereales para desayuno ricos en fibra, al natural, no enriquecidos;
32037;Cereales para desayuno con chocolate y caramelo, extrudidos, enriquecidos;
32038;Cereales para desayuno con chocolate y caramelo, extrudidos, no enriquecidos;
32039;Cereales para desayuno rellenos de leche o vainilla, no enriquecidos;
32040;Granos de trigo inflados con miel o caramelo, no enriquecidos;
32041;Mezcla de copos de cereales, al natural, no enriquecida;
32042;Copos de cereales, al natural, azucarados, no enriquecidos;
32043;Copos de cereales, al natural, sin azúcares añadidos, no enriquecidos;
32107;Copos de maíz glaseados con azúcar, no enriquecidos;
32108;Granola crujiente con frutas, con o sin frutos secos y/o semillas, no enriquecida;
32109;Granola crujiente con chocolate, no enriquecida;
32110;Muesli esponjoso con frutas, frutos secos y/o semillas, enriquecido;
32111;Granola crujiente con frutas, con o sin frutos secos y/o semillas, enriquecida;
32112;Granola crujiente con chocolate, enriquecida;
32113;Muesli esponjoso con frutas, frutos secos y/o semillas, sin azúcares añadidos, no enriquecido;
32116;Cereales para desayuno muy ricos en fibra, al natural, enriquecidos;
32121;Copos de maíz glaseados con azúcar, enriquecidos;
32129;Bolas de maíz infladas con miel, no enriquecidas;
32130;Trigo Khorasan integral inflado;
32131;Arroz inflado chocolatado, enriquecido;
32133;Bolas de maíz infladas con miel, enriquecidas;
32138;Muesli esponjoso con frutas, frutos secos y/o semillas, no enriquecido;
32139;Muesli enriquecido (promedio);
32140;Copos de avena;
32141;Muesli no enriquecido (promedio);
32142;Cereales para desayuno con miel o caramelo, inflados o extrudidos, enriquecidos;
32143;Cereales para desayuno con miel o caramelo, inflados o extrudidos, no enriquecidos;
32144;Granola con solo frutos secos y/o semillas, enriquecida;
32145;Granola con solo frutos secos y/o semillas, no enriquecida;
34000;Conejo, carne estofada;
34001;Conejo, carne cruda;
34002;Conejo, carne cocida;
34003;Conejo de monte, carne cruda;
34004;Conejo de monte, carne cocida;
34500;Rana, muslo, crudo;
34501;Rana, muslo, a la plancha/a la sartén;
36000;Gallina, carne y piel cruda;
36001;Gallina, carne cruda;
36002;Pollo, muslo, carne y piel cruda;
36003;Pollo, carne cruda;
36004;Pollo, muslo, carne y piel asada/cocida al horno;
36005;Pollo, carne y piel asada/cocida al horno;
36006;Pollo, muslo, carne asada/cocida al horno;
36007;Pollo blanco, carne y piel cruda;
36008;Pollo de granja, carne y piel cruda;
36014;Gallina, muslo crudo;
36016;Pollo, carne y piel cruda;
36017;Pollo, pechuga sin piel cruda;
36018;Pollo, pechuga sin piel a la plancha/a la sartén;
36019;Pollo, parte alta del muslo, carne cruda;
36020;Pollo eviscerado sin asaduras, crudo;
36022;Pollo, muslo crudo;
36023;Pollo, ala, carne y piel cruda;
36024;Pollo, muslo, carne cruda;
36027;Nuggets o croqueta empanada de pollo, envasado;
36029;Pollo, pechuga, carne y piel cruda;
36030;Pollo, muslo, carne hervida/cocida en agua;
36031;Pollo, muslo, carne y piel hervida/cocida en agua;
36032;Pollo, pechuga, carne y piel asada/cocida al horno;
36033;Pollo, ala, carne y piel asada/cocida al horno;
36035;Pollo, alitas marinadas, envasadas, asadas/cocidas al horno;
36036;Escalopa empanada, vienesa o milanesa, pollo, cocida;
36037;Pollo, muslo, carne y piel cruda, ecológico;
36038;Pollo, muslo, carne y piel cruda, label rouge;
36039;Pollo, pechuga sin piel cruda, ecológico;
36040;Pollo, pechuga sin piel cruda, label rouge;
36041;Pollo, pechuga sin piel a la plancha/a la sartén, ecológico;
36042;Ave, carne cocida (promedio);
36050;Capón, carne y piel cruda;
36051;Capón, carne y piel asada/cocida al horno;
36100;Codorniz, carne y piel cruda;
36101;Codorniz, carne cruda;
36102;Codorniz, carne y piel cocida;
36200;Pato, carne y piel asada/cocida al horno;
36201;Pato, carne cruda;
36202;Pato, carne asada/cocida al horno;
36203;Pato, muslo con piel, sin hueso, crudo;
36204;Pato, carne y piel cruda;
36205;Pato, pechuga magra a la plancha/a la sartén;
36206;Pato, pechuga magra cruda;
36300;Pavo, carne y piel cruda;
36301;Pavo, carne cruda;
36302;Pavo, carne asada/cocida al horno;
36304;Pavo, escalopa cruda;
36305;Pavo, muslo, carne y piel cruda;
36306;Pavo, escalopa a la plancha/a la sartén;
36307;Pavo, muslo, carne cruda;
36308;Pavo, escalopa asada/cocida al horno;
36310;Pavo, ala cruda;
36318;Escalopa empanada, vienesa o milanesa, pavo, cocida;
36401;Faisán, carne cruda;
36402;Faisán, carne asada/cocida al horno;
36403;Faisán, carne y piel cruda;
36500;Oca, carne cruda;
36501;Oca, carne y piel cruda;
36502;Oca, carne asada/cocida al horno;
36503;Oca, carne y piel asada/cocida al horno;
36600;Paloma, carne cruda;
36602;Paloma, carne asada/cocida al horno;
36603;Ave de caza emplumada, carne cocida (promedio);
36700;Gallina de Guinea, carne cruda;
36702;Gallina de Guinea, pechuga cruda;
36703;Gallina de Guinea, muslo crudo;
36800;Avestruz, carne cruda;
36801;Avestruz, carne cocida;
36900;Ave, cocida (promedio);
37000;Base de pizza, cruda;
37001;Masa para pizza, envasada, cruda;
37002;Base para pizza, con salsa de tomate, cruda;
38104;Snack de gambas;
38105;Patatas chips de maíz o tortilla chips, aromatizado;
38106;Galleta o cracker aperitivo, inflado, sabor patata;
38107;Galleta o cracker aperitivo, mini pretzel o palitos;
38109;Galleta aperitivo, mini bollo relleno, envasado;
38399;Galleta o cracker aperitivo (promedio);
38401;Galleta o cracker aperitivo, a base de trigo, con queso;
38402;Galleta o cracker aperitivo, a base de trigo, al natural o aromatizado;
38403;Galleta o cracker aperitivo, a base de trigo, al natural, reducido en grasa;
38404;Galleta o cracker aperitivo, inflado, sabor cacahuete;
38405;Galleta o cracker aperitivo, teja, a base de patata;
38406;Cacahuete recubierto de galleta salada o aromatizada, para aperitivo;
38407;Galleta o cracker aperitivo, hojaldrado (flautas, torcedillos, palmeras), sin queso;
38408;Galleta aperitivo, crepe de encaje rellena, envasada;
38410;Galleta o cracker aperitivo, hojaldrado (flautas, torcedillos, palmeras), con queso;
38411;Galleta o cracker aperitivo, a base de trigo, surtido;
38413;Galleta o cracker aperitivo, barquilla rellena;
38414;Barra de pan tostado con sésamo;
38415;Barra de pan tostado con sésamo, reducida en grasa;
38416;Galleta o cracker aperitivo, a base de arroz y cacahuetes recubiertos, mezcla japonesa;
38417;Patatas chips de maíz o tortilla chips, al natural;
38419;Galleta o cracker aperitivo, inflado, sabor panceta;
38420;Galleta o cracker aperitivo, inflado, al natural;
38421;Galleta o cracker aperitivo, inflado, sabor queso;
38422;Galleta o cracker aperitivo, inflado, sin precisión (promedio);
38500;Picatostes, al ajo, con hierbas aromáticas u cebollas, envasado;
38501;Picatostes con queso, envasado;
39001;Batido de leche, de comida rápida;
39200;Crema de postre de chocolate, sección refrigerada;
39206;Mousse de chocolate (a base de leche), sección refrigerada;
39209;Crema volteada, sección refrigerada;
39210;Mousse de chocolate tradicional, sección refrigerada;
39211;Crema de huevo (potecillo de crema de chocolate, vainilla, etc.), sección refrigerada;
39212;Arroz con leche vainilla, canela o al natural, sección refrigerada;
39213;Crema quemada, sección refrigerada;
39214;Crema de postre a la vainilla, en conserva;
39215;Isla flotante, sección refrigerada;
39216;Clavetis con frutas, sección refrigerada;
39218;Sémola con leche, sección refrigerada;
39220;Liegeois con frutas, sección refrigerada;
39229;Crema de postre a la vainilla, sección refrigerada;
39230;Crema de postre, sección refrigerada (promedio);
39233;Fondant de chocolate negro y crema inglesa, sección refrigerada;
39234;Pastel de chocolate con corazón tierno, sección refrigerada;
39235;Mousse liegeois, sección refrigerada;
39236;Pan perdido;
39246;Crema de postre de café, sección refrigerada;
39247;Crema de postre de caramelo, sección refrigerada;
39248;Mousse de chocolate vegetal, sección refrigerada;
39249;Mousse de frutas con queso fresco, sin grasa, azucarada, con edulcorantes, enriquecida en calcio, sección refrigerada;
39250;Mousse de frutas con queso fresco, azucarada, sección refrigerada;
39251;Arroz con leche y caramelo, sección refrigerada;
39252;Arroz con leche, ron con pasas, sección refrigerada;
39253;Mousse de chocolate o café sobre ganache, sección refrigerada;
39254;Crema de postre de chocolate con bolitas de cereales chocolatadas, sección refrigerada;
39400;Ponche, sin alcohol;
39401;Melocotón Melba;
39500;Helado o sorbete o polo, cualquier sabor (promedio);
39502;Postre helado tipo misterio o vacherin;
39503;Helado o crema helada, paleta cubierta de chocolate;
39505;Crema de postre, en conserva (promedio);
39506;Crema de postre de chocolate, en conserva;
39509;Helado o crema helada, cono, tamaño estándar;
39511;Crema de postre, sección refrigerada o en conserva (promedio);
39512;Postre helado tipo sundae;
39515;Helado o crema helada, en caja;
39516;Postre helado hojaldrado, para compartir;
39517;Helado de yogur;
39518;Omelette noruega;
39519;Pera Belle Hélène;
39520;Helado o crema helada, golosa, en caja;
39521;Helado o crema helada, golosa, en vaso;
39522;Helado o crema helada, minicono;
39523;Helado o crema helada, vasito individual;
39524;Sorbete, en caja;
39525;Sorbete, vasito individual;
39526;Polo de agua;
39527;Helado o crema helada, caja o vaso (promedio);
39528;Sorbete, cono;
39529;Turrón helado;
39530;Limón escarchado o naranja escarchada, sorbete;
39531;Helado o crema helada, vasito pequeño infantil;
39532;Copa de helado tipo café o chocolate liegeois;
39533;Brazo o log de helado;
39534;Copa de helado sabor melocotón Melba o pera Belle-Hélène;
39535;Helado o crema helada, paleta cubierta de frutas;
39700;Crema inglesa, envasada;
39710;Crema pastelera instantánea, reconstituida;
40002;Seso, cordero, crudo;
40003;Seso, cordero, cocido;
40004;Seso, cerdo, estofado;
40005;Seso, cerdo, crudo;
40006;Seso, ternera, crudo;
40007;Seso, ternera, cocido;
40052;Corazón, vacuno, crudo;
40053;Corazón, vacuno, cocido;
40054;Corazón, pollo, crudo;
40055;Corazón, pavo, crudo;
40056;Corazón, pollo, cocido;
40057;Corazón, pavo, cocido;
40058;Corazón, cordero, crudo;
40059;Corazón, cordero, cocido;
40060;Corazón, cerdo, crudo;
40062;Corazón, ternera, crudo;
40102;Hígado, cordero, crudo;
40103;Hígado, cordero, cocido;
40104;Hígado, novilla, crudo;
40105;Hígado, novilla, cocido;
40106;Hígado, ternera, crudo;
40107;Hígado, ternera, cocido;
40108;Hígado, ave, crudo;
40109;Hígado, ave, cocido;
40110;Hígado, conejo, crudo;
40111;Hígado, pollo, crudo;
40113;Hígado, cerdo, cocido;
40115;Hígado, pavo, crudo;
40116;Hígado, pollo, cocido;
40118;Hígado, pavo, cocido;
40119;Hígado, cerdo, crudo;
40120;Hígado, oca, crudo;
40121;Hígado, pato, crudo;
40201;Lengua, ternera, cocida;
40202;Lengua, vacuno, cruda;
40203;Lengua, vacuno, cocida;
40204;Lengua, ternera, cruda;
40205;Lengua, cerdo, cruda;
40207;Lengua, cordero, cruda;
40302;Mollejas de cordero, crudas;
40303;Mollejas, cordero, cocida;
40304;Mollejas, ternera, cruda;
40305;Mollejas, ternera, estofada o a la plancha/a la sartén;
40401;Riñón, cocido (promedio);
40402;Riñón, vacuno, crudo;
40403;Riñón, vacuno, cocido;
40404;Riñón, cerdo, crudo;
40405;Riñón, cerdo, cocido;
40406;Riñón, cordero, estofado;
40407;Riñón, cordero, crudo;
40408;Riñón, ternera, estofado o a la plancha/a la sartén;
40409;Riñón, ternera, crudo;
40502;Callos, vacuno, crudos;
40600;Sangre, vacuno, cruda;
40601;Asaduras, cocidas (promedio);
40700;Molleja, pollo, cruda;
40701;Molleja, pato, confitada, en conserva;
42000;Sustitutivo de comida hipocalórico, postre tipo crema;
42003;Sustitutivo de comida hipocalórico, listo para beber;
42004;Sustitutivo de comida hipocalórico, polvo reconstituido con leche desnatada;
42005;Sustitutivo de comida hipocalórico, polvo reconstituido con leche desnatada, tipo batido de leche;
42200;Lecitina de soja;
42501;Polvo de cacao para bebidas infantiles;
42603;Plato de verduras con fécula y carne/pescado, desde 6/8 meses;
42604;Plato de verduras con fécula y carne/pescado, desde 8/12 meses;
42605;Plato de verduras con fécula y carne/pescado, desde 12 meses;
42606;Plato de verduras con fécula y carne/pescado, desde 18 meses;
51500;Melokhia, hojas de planta de yute desecadas, en polvo;
51502;Melokhia, salsa, artesanal;
51510;Frik (trigo duro inmaduro molido), crudo;
51511;Frik (trigo duro inmaduro molido), cocido, sin sal añadida;
51550;Hoja de brick o khatfa, envasada;
53100;Plátano plantain, crudo;
53101;Plátano plantain, cocido;
53200;Taro, tubérculo, crudo;
53201;Taro, tubérculo, cocido;
53502;Ñame, pelado, crudo;
53503;Ñame, pelado, hervido/cocido en agua;
53672;Ñame, crudo;
54031;Yuca o mandioca, raíz cruda;
54034;Yuca o mandioca, raíz cocida;
54035;Gari, harina de yuca fermentada y desecada;
58100;Quimbombó, fruto, crudo;
58103;Quimbombó, fruto, cocido;
76000;Agua mineral Abatilles, embotellada, sin gas, ligeramente mineralizada;
76001;Agua mineral Aix-les-Bains, embotellada, sin gas, ligeramente mineralizada;
76002;Agua mineral Aizac, embotellada, con gas, ligeramente mineralizada;
76004;Agua mineral Amanda, embotellada, sin gas, rica en sales minerales;
76006;Agua mineral Arcens, embotellada, con gas, moderadamente mineralizada;
76007;Agua mineral Ardesy, embotellada, con gas, rica en sales minerales;
76010;Agua mineral Celtic, embotellada, con gas o sin gas, muy ligeramente mineralizada;
76011;Agua mineral Chambon, embotellada, sin gas, ligeramente mineralizada;
76012;Agua mineral Chantemerle, embotellada, sin gas, ligeramente mineralizada;
76013;Agua mineral Chateauneuf, embotellada, con gas, rica en sales minerales;
76014;Agua mineral Chateldon, embotellada, con gas, rica en sales minerales;
76015;Agua mineral Clos de l'Abbaye, embotellada, sin gas, moderadamente mineralizada;
76016;Agua mineral Contrex, embotellada, sin gas, rica en sales minerales;
76017;Agua mineral Dax, embotellada, sin gas, moderadamente mineralizada;
76018;Agua mineral Didier, embotellada, con gas, rica en sales minerales;
76019;Agua mineral Didier, embotellada, sin gas, rica en sales minerales;
76020;Agua mineral Evian, embotellada, sin gas, ligeramente mineralizada;
76022;Agua mineral Hépar, embotellada, sin gas, rica en sales minerales;
76023;Agua mineral Hydroxydase, embotellada, con gas, rica en sales minerales;
76024;Agua mineral Vernière, embotellada, con gas, moderadamente mineralizada;
76025;Agua mineral Luchon, embotellada, sin gas, ligeramente mineralizada;
76027;Agua mineral Mont-Roucous, embotellada, sin gas, muy ligeramente mineralizada;
76029;Agua mineral Orée du bois, embotellada, sin gas, moderadamente mineralizada;
76030;Agua mineral Orezza, embotellada, con gas, moderadamente mineralizada;
76031;Agua mineral Parot, embotellada, con gas, moderadamente mineralizada;
76032;Agua mineral Plancoet, embotellada, con gas o sin gas, ligeramente mineralizada;
76033;Agua mineral Propiac, embotellada, sin gas, rica en sales minerales;
76034;Agua mineral Puits St-Georges, embotellada, con gas, moderadamente mineralizada;
76035;Agua mineral Quézac, embotellada, con gas, moderadamente mineralizada;
76036;Agua mineral Reina de los basaltos, embotellada, con gas, moderadamente mineralizada;
76037;Agua mineral Rozana, embotellada, con gas, rica en sales minerales;
76038;Agua mineral Sail-les-Bains, embotellada, sin gas, ligeramente mineralizada;
76039;Agua mineral Salvetat, embotellada, con gas, moderadamente mineralizada;
76043;Agua mineral St-Amand, embotellada, con gas o sin gas, moderadamente mineralizada;
76044;Agua mineral St-Antonin, embotellada, sin gas, rica en sales minerales;
76046;Agua mineral St-Diéry, embotellada, con gas, rica en sales minerales;
76047;Agua mineral Ste-Marguerite, embotellada, con gas, moderadamente mineralizada;
76049;Agua mineral St-Yorre, embotellada, con gas, rica en sales minerales;
76050;Agua mineral Thonon, embotellada, sin gas, ligeramente mineralizada;
76052;Agua mineral Vals-Vivaraise, embotellada, con gas, moderadamente mineralizada;
76053;Agua mineral Ventadour, embotellada, con gas, ligeramente mineralizada;
76054;Agua mineral Vernet, embotellada, con gas, ligeramente mineralizada;
76055;Agua mineral Vichy Célestins, embotellada, con gas, rica en sales minerales;
76056;Agua mineral Vittel, embotellada, sin gas, moderadamente mineralizada;
76057;Agua mineral Volvic, embotellada, sin gas, ligeramente mineralizada;
76058;Agua mineral Volvic active, embotellada, con gas, ligeramente mineralizada;
76059;Agua mineral Wattwiller, embotellada, con gas o sin gas, ligeramente mineralizada;
76060;Agua mineral Perrier, embotellada, con gas, ligeramente mineralizada;
76061;Agua mineral Badoit, embotellada, con gas, moderadamente mineralizada;
76062;Agua mineral Avra, embotellada, sin gas, ligeramente mineralizada;
76063;Agua mineral Beckerich, embotellada, sin gas, ligeramente mineralizada;
76065;Agua mineral Chaudfontaine, embotellada, sin gas, ligeramente mineralizada;
76066;Agua mineral Christinen Brunnen, embotellada, sin gas, moderadamente mineralizada;
76067;Agua mineral Courmayer, embotellada, sin gas, rica en sales minerales;
76069;Agua mineral Levissima, embotellada, sin gas, ligeramente mineralizada;
76070;Agua mineral Luso, embotellada, sin gas, muy ligeramente mineralizada;
76071;Agua mineral Néro, embotellada, sin gas, ligeramente mineralizada;
76072;Agua mineral Penacova, embotellada, sin gas, muy ligeramente mineralizada;
76074;Agua mineral San Bernardo, embotellada, con gas o sin gas, muy ligeramente mineralizada;
76075;Agua mineral San Pellegrino, embotellada, con gas, moderadamente mineralizada;
76076;Agua mineral Spa-Reine, embotellada, con gas o sin gas, moderadamente mineralizada;
76078;Agua mineral Valvert, embotellada, sin gas, ligeramente mineralizada;
76079;Agua mineral Appollinaris, embotellada, sin gas, rica en sales minerales;
76081;Agua mineral Biovive, embotellada, sin gas, ligeramente mineralizada;
76082;Agua mineral La Cairolle, embotellada, sin gas, rica en sales minerales;
76083;Agua mineral Cilaos, embotellada, con gas, rica en sales minerales;
76085;Agua mineral La Francesa, embotellada, sin gas, rica en sales minerales;
76086;Agua mineral Montcalm, embotellada, sin gas, muy ligeramente mineralizada;
76087;Agua mineral Montclar, embotellada, sin gas, ligeramente mineralizada;
76088;Agua mineral Nessel, embotellada, con gas, moderadamente mineralizada;
76089;Agua mineral Ogeu, embotellada, con gas, ligeramente mineralizada;
76090;Agua mineral Ogeu, embotellada, sin gas, ligeramente mineralizada;
76091;Agua mineral Príncipe Negro, embotellada, sin gas, rica en sales minerales;
76092;Agua mineral St-Alban, embotellada, con gas, moderadamente mineralizada;
76093;Agua mineral St-Géron, embotellada, con gas, moderadamente mineralizada;
76094;Agua mineral St-Michel-de-Mourcairol, embotellada, con gas, moderadamente mineralizada;
76095;Agua mineral Treignac, embotellada, sin gas, muy ligeramente mineralizada;
76096;Agua mineral Vals, embotellada, con gas, moderadamente mineralizada;
76097;Agua mineral Vauban, embotellada, sin gas, moderadamente mineralizada;
76101;Agua mineral Mont-Blanc, embotellada, sin gas, ligeramente mineralizada;
76102;Agua mineral Eden (La Goa), embotellada, sin gas, ligeramente mineralizada;
76103;Agua mineral Velleminfroy, embotellada, con gas o sin gas, rica en sales minerales;
96778;Masa para pizza, envasada, cocida;
96781;Almidón de arroz;
